:020000040800F2
:1000000000020020A1010008E5110008A155010827
:10001000E5110008E5110008E5110008E5110008E8
:10002000E5110008E5110008E51100082519000890
:10003000E5110008E5110008E5110008E5110008C8
:10004000E5110008F93500087D360008A9360008DA
:10005000E5110008E51100082D34000859340008A6
:1000600085340008B1340008DD340008D12B0008C5
:10007000F92B0008252C0008512C00087D2C0008C5
:10008000A92C0008D52C0008FD7A0008E51100080D
:10009000E5110008E5110008E51100080935000820
:1000A000E5110008E53A0008E5110008E51100082F
:1000B000A92E0008013D0008F93A0008E5110008E2
:1000C000E5110008E5110008E5110008E511000838
:1000D000E51100089D3D0008E5110008E511000844
:1000E000793500082536000851360008E51100086A
:1000F000E5110008E5110008E5110008E511000808
:10010000E5110008E5110008E5110008E5110008F7
:10011000E5110008E5110008E5110008E5110008E7
:10012000012D0008292D0008552D0008812D0008FB
:10013000AD2D0008E5110008E5110008E5110008E3
:10014000D53600083137000891370008E51100085E
:10015000E5110008E5110008E5110008E5110008A7
:10016000E5110008E5110008E511000881420008CA
:10017000E5110008E5110008E5110008E511000887
:10018000E5110008E5110008E5110008E511000877
:10019000E5110008E5110008E5110008E511000867
:1001A00072B6344880F3098840F20000CCF20000B7
:1001B0004EF63471CEF200010860BFF34F8FBFF3EB
:1001C0006F8F40F20000C0F2F0004EF68851CEF280
:1001D00000010860BFF34F8FBFF36F8F4FF0000037
:1001E000E1EE100A4EF63C71CEF2000108600620E6
:1001F00080F31488BFF36F8F00F0D2FF04F0E6F8AD
:100200004FF055301C491D4A91423CBF41F8040B48
:10021000FAE71B49174A91423CBF41F8040BFAE741
:100220001849194A194B9A423EBF51F8040B42F83B
:10023000040BF8E700201649164A91423CBF41F8EA
:10024000040BFAE700F0B2FF00F0ACFF124C134DC4
:10025000AC4203DA54F8041B8847F9E714F088FE2F
:100260000F4C104DAC4203DA54F8041B8847F9E7F1
:1002700000F09ABF8006002000000020000200204D
:1002800000020020C0CC0208800600204C1500208F
:100290005015002078830020A0010008A00100086C
:1002A000A0010008A00100082DE9F04F2DED108AF3
:1002B000C1F80CD0C3689D46BDEC108ABDE8F08F34
:1002C000002383F311882846A047002001F088FA14
:1002D00001F0B0F900DFFEE781F0004102E000BF6D
:1002E00083F0004330B54FEA41044FEA430594EAF6
:1002F000050F08BF90EA020F1FBF54EA000C55EA31
:10030000020C7FEA645C7FEA655C00F0E2804FEA01
:100310005454D4EB5555B8BF6D420CDD2C4480EAE3
:10032000020281EA030382EA000083EA010180EA13
:10033000020281EA0303362D88BF30BD11F0004F61
:100340004FEA01314FF4801C4CEA113102D0404297
:1003500061EB410113F0004F4FEA03334CEA1333D2
:1003600002D0524263EB430394EA050F00F0A780EA
:10037000A4F10104D5F1200E0DDB02FA0EFC22FAE5
:1003800005F2801841F1000103FA0EF2801843FAD9
:1003900005F359410EE0A5F120050EF1200E012ACA
:1003A00003FA0EFC28BF4CF0020C43FA05F3C01808
:1003B00051EBE37101F0004507D54FF0000EDCF181
:1003C000000C7EEB00006EEB0101B1F5801F1BD32A
:1003D000B1F5001F0CD349085FEA30004FEA3C0C2E
:1003E00004F101044FEA445212F5800F80F09A8024
:1003F000BCF1004F08BF5FEA500C50F1000041EB28
:10040000045141EA050130BD5FEA4C0C404141EB2B
:10041000010111F4801FA4F10104E9D191F0000F52
:1004200004BF01460020B1FA81F308BF2033A3F1D5
:100430000B03B3F120020CDA0C3208DD02F1140CCC
:10044000C2F10C0201FA0CF021FA02F10CE002F107
:100450001402D8BFC2F1200C01FA02F120FA0CFC00
:10046000DCBF41EA0C019040E41AA2BF01EB045149
:10047000294330BD6FEA04041F3C1CDA0C340EDC47
:1004800004F11404C4F1200220FA04F001FA02F38A
:1004900040EA030021FA04F345EA030130BDC4F148
:1004A0000C04C4F1200220FA02F001FA04F340EA3D
:1004B0000300294630BD21FA04F0294630BD94F0EE
:1004C000000F83F4801306BF81F480110134013DD5
:1004D0004EE77FEA645C18BF7FEA655C29D094EA46
:1004E000050F08BF90EA020F05D054EA000C04BFC4
:1004F0001946104630BD91EA030F1EBF00210020AF
:1005000030BD5FEA545C05D14000494128BF41F04D
:10051000004130BD14F580043CBF01F5801130BDB1
:1005200001F0004545F0FE4141F470014FF000003C
:1005300030BD7FEA645C1ABF194610467FEA655CED
:100540001CBF0B46024650EA013406BF52EA03358F
:1005500091EA030F41F4002130BD00BF90F0000F7D
:1005600004BF0021704730B54FF4806404F13204B9
:100570004FF000054FF0000150E700BF90F0000F72
:1005800004BF0021704730B54FF4806404F1320499
:1005900010F0004548BF40424FF000013EE700BF69
:1005A00042004FEAE2014FEA31014FEA02701FBFF9
:1005B00012F07F4393F07F4F81F06051704732F02B
:1005C0007F4208BF704793F07F4F04BF41F4002182
:1005D000704730B54FF4607401F0004521F00041E0
:1005E0001CE700BF50EA010208BF704730B54FF06A
:1005F00000050AE050EA010208BF704730B511F06B
:10060000004502D5404261EB41014FF4806404F1A2
:1006100032045FEA915C3FF4D8AE4FF003025FEA28
:10062000DC0C18BF03325FEADC0C18BF033202EBAC
:10063000DC02C2F1200300FA03FC20FA02F001FA06
:1006400003FE40EA0E0021FA02F11444BDE600BFA9
:1006500070B54FF0FF0C4CF4E06C1CEA11541DBF58
:100660001CEA135594EA0C0F95EA0C0F00F0DEF823
:100670002C4481EA030621EA4C5123EA4C5350EA08
:10068000013518BF52EA033541F4801143F4801359
:1006900038D0A0FB02CE4FF00005E1FB02E506F0EA
:1006A0000042E0FB03E54FF00006E1FB03569CF03F
:1006B000000F18BF4EF0010EA4F1FF04B6F5007F45
:1006C00064F5407404D25FEA4E0E6D4146EB0606B7
:1006D00042EAC62141EA55514FEAC52040EA5E5040
:1006E0004FEACE2EB4F1FD0C88BFBCF5E06F1ED8EA
:1006F000BEF1004F08BF5FEA500E50F1000041EB21
:10070000045170BD06F0004646EA010140EA0200CD
:1007100081EA0301B4EB5C04C2BFD4EB0C0541EAEF
:10072000045170BD41F480114FF0000E013C00F304
:10073000AB8014F1360FDEBF002001F0004170BD28
:10074000C4F10004203C35DA0C341BDC04F1140441
:10075000C4F1200500FA05F320FA04F001FA05F2CD
:1007600040EA020001F0004221F0004110EBD3709A
:1007700021FA04F642EB06015EEA430E08BF20EAC6
:10078000D37070BDC4F10C04C4F1200500FA04F369
:1007900020FA05F001FA04F240EA020001F00041FB
:1007A00010EBD37041F100015EEA430E08BF20EA6E
:1007B000D37070BDC4F1200500FA05F24EEA020EB6
:1007C00020FA04F301FA05F243EA020321FA04F0E5
:1007D00001F0004121FA04F220EA020000EBD3709C
:1007E0005EEA430E08BF20EAD37070BD94F0000F9C
:1007F0000FD101F00046400041EB010111F4801FD0
:1008000008BF013CF7D041EA060195F0000F18BF80
:10081000704703F00046520043EB030313F4801FBC
:1008200008BF013DF7D043EA0603704794EA0C0F76
:100830000CEA135518BF95EA0C0F0CD050EA41068C
:1008400018BF52EA4306D1D181EA030101F0004109
:100850004FF0000070BD50EA410606BF1046194631
:1008600052EA430619D094EA0C0F02D150EA01363D
:1008700013D195EA0C0F05D152EA03361CBF10467E
:1008800019460AD181EA030101F0004141F0FE411D
:1008900041F470014FF0000070BD41F0FE4141F4A1
:1008A000780170BD70B54FF0FF0C4CF4E06C1CEAA1
:1008B00011541DBF1CEA135594EA0C0F95EA0C0F56
:1008C00000F0A7F8A4EB050481EA030E52EA033511
:1008D0004FEA013100F088804FEA03334FF0805532
:1008E00045EA131343EA12634FEA022245EA11155F
:1008F00045EA10654FEA00260EF000419D4208BF10
:10090000964244F1FD0404F5407402D25B084FEABC
:100910003202B61A65EB03055B084FEA32024FF468
:1009200080104FF4002CB6EB020E75EB030E22BFC5
:10093000B61A754640EA0C005B084FEA3202B6EB85
:10094000020E75EB030E22BFB61A754640EA5C0034
:100950005B084FEA3202B6EB020E75EB030E22BFC4
:10096000B61A754640EA9C005B084FEA3202B6EBC5
:10097000020E75EB030E22BFB61A754640EADC0084
:1009800055EA060E18D04FEA051545EA16754FEAE6
:1009900006164FEAC30343EA52734FEAC2025FEA04
:1009A0001C1CC0D111F4801F0BD141EA00014FF093
:1009B00000004FF0004CB6E711F4801F04BF014364
:1009C0000020B4F1FD0C88BFBCF5E06F3FF6AFAE80
:1009D000B5EB030C04BFB6EB020C5FEA500C50F110
:1009E000000041EB045170BD0EF0004E4EEA113193
:1009F00014EB5C04C2BFD4EB0C0541EA045170BD9A
:100A000041F480114FF0000E013C90E645EA060EDD
:100A10008DE60CEA135594EA0C0F08BF95EA0C0F0B
:100A20003FF43BAF94EA0C0F0AD150EA01347FF453
:100A300034AF95EA0C0F7FF425AF104619462CE72A
:100A400095EA0C0F06D152EA03353FF4FDAE10468D
:100A5000194622E750EA410618BF52EA43067FF4DE
:100A6000C5AE50EA41047FF40DAF52EA43057FF46E
:100A7000EBAE12E74FEA4102B2F1E04324BFB3F517
:100A8000001CDCF1FE5C0DD901F0004C4FEAC00205
:100A90004CEA5070B2F1004F40EB830008BF20F0E9
:100AA0000100704711F0804F21D113F13872BCBFA3
:100AB00001F00040704741F480114FEA5252C2F1F8
:100AC0001802C2F1200C10FA0CF320FA02F018BF41
:100AD00040F001004FEAC1234FEAD32303FA0CFC94
:100AE00040EA0C0023FA02F34FEA4303CCE77FEA23
:100AF000625307D150EA01331EBF4FF0FE4040F46D
:100B00004000704701F0004040F0FE4040F400001B
:100B1000704700BF80F0004002E000BF81F000415C
:100B200042001FBF5FEA410392EA030F7FEA226C93
:100B30007FEA236C6AD04FEA1262D2EB1363C1BF23
:100B4000D218414048404140B8BF5B42192B88BF92
:100B5000704710F0004F40F4000020F07F4018BFB5
:100B6000404211F0004F41F4000121F07F4118BFD5
:100B7000494292EA030F3FD0A2F1010241FA03FC7D
:100B800010EB0C00C3F1200301FA03F100F0004365
:100B900002D5494260EB4000B0F5000F13D3B0F12D
:100BA000807F06D340084FEA310102F10102FE2A9C
:100BB00051D2B1F1004F40EBC25008BF20F001000C
:100BC00040EA03007047490040EB000010F4000FBA
:100BD000A2F10102EDD1B0FA80FCACF1080CB2EB4D
:100BE0000C0200FA0CF0AABF00EBC25052421843AC
:100BF000BCBFD0401843704792F0000F81F4000151
:100C000006BF80F400000132013BB5E74FEA410323
:100C10007FEA226C18BF7FEA236C21D092EA030F8F
:100C200004D092F0000F08BF0846704790EA010F09
:100C30001CBF0020704712F07F4F04D1400028BF36
:100C400040F00040704712F100723CBF00F5000018
:100C5000704700F0004343F0FE4040F4000070474E
:100C60007FEA226216BF08467FEA236301464202FA
:100C700006BF5FEA412390EA010F40F4800070470D
:100C80004FF0000304E000BF10F0004348BF4042B3
:100C90005FEA000C08BF704743F0964301464FF0EF
:100CA00000001CE050EA010208BF70474FF000034B
:100CB0000AE000BF50EA010208BF704711F000438C
:100CC00002D5404261EB41015FEA010C02BF84465C
:100CD0000146002043F0B64308BFA3F18053A3F5BB
:100CE0000003BCFA8CF2083AA3EBC25310DB01FA02
:100CF00002FC634400FA02FCC2F12002BCF1004F86
:100D000020FA02F243EB020008BF20F00100704716
:100D100002F1200201FA02FCC2F1200250EA4C006A
:100D200021FA02F243EB020008BF20EADC707047B0
:100D30007BB972B90029BEBF00204FF0004106E028
:100D400008BF00281CBF6FF000414FF0FF3000F0DB
:100D5000FDB9ADF1080C6DE904CE002909DB002BCB
:100D60001ADB00F08BF8DDF804E0DDE9022304B0C3
:100D70007047404261EB4101002B1BDB00F07EF825
:100D8000DDF804E0DDE9022304B0404261EB4101FB
:100D9000524263EB43037047524263EB430300F05C
:100DA0006DF8DDF804E0DDE9022304B0404261EBB8
:100DB00041017047524263EB430300F05FF8DDF8F6
:100DC00004E0DDE9022304B0524263EB43037047C1
:100DD00053B94AB9002908BF00281CBF4FF0FF31A2
:100DE0004FF0FF3000F0B2B9ADF1080C6DE904CE60
:100DF00000F044F8DDF804E0DDE9022304B07047B8
:100E0000D0B5FFF7CDFB00220B4B06460F46FFF790
:100E10001FFC00F09DF90446FFF7A0FB0022074BE2
:100E2000FFF716FC02460B4630463946FFF758FAE4
:100E300000F08EF92146D0BD0000F03D0000F041E9
:100E4000D0B500220B4B06460F46FFF701FC00F021
:100E50007FF90446FFF782FB0022074BFFF7F8FB00
:100E600002460B4630463946FFF73AFA00F070F971
:100E70002146D0BD0000F03D0000F0412DE9F047D3
:100E8000089E04468846002B40F085808A4215461D
:100E900048D9B2FA82F24AB1C2F1200701FA02F34C
:100EA00020FA07F7954047EA030894404FEA154EA9
:100EB000230CB8FBFEF71FFA85FC0EFB178843EAEC
:100EC000084307FB0CF1994209D9EB1807F1FF30F1
:100ED00080F0E380994240F2E080023F2B445B1AAD
:100EE000A4B2B3FBFEF00EFB103344EA034400FB54
:100EF0000CFCA44509D92C1900F1FF3380F0CB80FC
:100F0000A44540F2C88002382C4440EA0740A4EBD4
:100F10000C0400271EB1D4400023C6E90043394623
:100F2000BDE8F087002A53D0B2FA82F2002A40F0DE
:100F3000B680491B4FEA154E1FFA85F80127B1FB11
:100F4000FEFC230C0EFB1C1143EA014308FB0CF1D1
:100F5000994207D9EB180CF1FF3002D2994200F206
:100F6000EC808446591AA3B2B1FBFEF00EFB1014BC
:100F700043EA044408FB00F8A04507D92C1900F106
:100F8000FF3302D2A04500F2DC801846A4EB08042F
:100F900040EA0C40BEE78B4208D9002E78D00027EB
:100FA000C6E9000138463946BDE8F087B3FA83F751
:100FB0007FB98B4202D3824200F2BD80841A61EB7A
:100FC000030301209846002EA9D0C6E90048A6E7F1
:100FD000FFDEC7F12005BB4022FA05FC4CEA030CFA
:100FE00001FA07F420FA05F821FA05F34FEA1C4E3E
:100FF00048EA0404B3FBFEF9210C0EFB19331FFA77
:101000008CF841EA034309FB08FA9A4502FA07F211
:1010100000FA07F10BD91CEB030309F1FF3080F054
:1010200088809A4540F28580A9F102096344A3EBC8
:101030000A03A4B2B3FBFEF00EFB103344EA0344F0
:1010400000FB08F8A04508D91CEB040400F1FF33AD
:101050006BD2A04569D90238644440EA0940A4EB48
:101060000804A0FB02894C45C6464B4654D351D0D8
:10107000002E69D0B1EB0E0264EB030404FA05F50F
:1010800022FA07F3FC401D43C6E90054002746E757
:101090003746304643E7184637E707461FE7C2F1B1
:1010A000200320FA03F7954001FA02F021FA03F336
:1010B0004FEA154E3843010CB3FBFEF71FFA85F8D3
:1010C0000EFB173341EA034107FB08F38B4204FA96
:1010D00002F407D9691807F1FF3C28D28B4226D9C0
:1010E000023F2944CB1A81B2B3FBFEF00EFB103352
:1010F00041EA034100FB08F38B4207D9691800F16C
:10110000FF3C10D28B420ED902382944C91A40EA5A
:10111000074714E74145ABD2B8EB020E69EB0C026E
:1011200001381346A4E76046F0E7184695E767469E
:10113000D8E781467BE7384645E7ACF1020C2B4403
:1011400010E702382C4421E73746E8E6704700BF35
:101150004A0011D212F5001211D20DD56FF4787336
:10116000B3EB62520ED44FEAC12343F0004343EA8B
:10117000505323FA02F070474FF00000704750EAD6
:10118000013002D14FF0FF3070474FF00000704740
:10119000034613F8012B002AFBD1181A01387047B7
:1011A000704700BF704700BFFEE700BF0B4A09E071
:1011B000002143F8041BD1689942F9D81032084B3A
:1011C0009A4209D21068536891689942F3D950F84D
:1011D000041B43F8041BF7E7704700BF102D0208FB
:1011E000902D0208FEE700BFFEE700BF10B500F03B
:1011F0002BF900F09BF8174C80221749204600F08D
:101200003BFA44F8180C154BC361012380F82030D9
:10121000134B00209860D96821F4E0610904090C9F
:10122000104A0A43DA601049CA6842F08072CA6004
:101230000E490A6842F001020A601022DA77202281
:1012400083F8222080F3118862B6094800F04EFA34
:1012500010BD00BFC8160020C82D020800020020E3
:1012600000ED00E00003FA05F0ED00E0001000E002
:10127000902D020872B6014BD862FEE79816002046
:1012800038B51D4BDC694FF08043586A0CE00023F1
:1012900083F311882069A847202383F31188164B14
:1012A000DC694FF08043586AA368134A916A421A76
:1012B000934211D8104A0B449362216802F11C0337
:1012C0004B602168D161E5680021E160D2699A42F2
:1012D000DDD100F099FBDAE7074A52F81C4F94423F
:1012E00006D00B441B1A012B03D9184400F092FBC3
:1012F00038BD0223F9E700BF98160020401A521AA1
:1013000090422CBF00200120704700BF38B5064B2B
:101310005C680519044B58682A462146FFF7EEFF22
:101320000028F7D138BD00BF001000E0054B03F1E5
:101330001C02DA611A624FF0FF325A6200229A628E
:10134000704700BF9816002038B505460361C2609B
:101350004FF08043586A012913D91A4B53F81C2FB8
:101360009A4210D00844174B9C6A041B9368A3420E
:1013700017D8144BDB699A68A24215D2A41A1B68CD
:10138000F9E70221E9E70F4B9862DD611D6203F185
:101390001C022A606A60A960986A084400F02CFB6D
:1013A0000FE000F037FBE4E72B605A686A601560D5
:1013B0005D60AC609A68141B9C60024B4FF0FF327A
:1013C0005A6238BD9816002008B51D4BDB69834270
:1013D00010D0436802681A60036842685A600023AC
:1013E000C3600368174A934203D081689A680A442D
:1013F0009A6008BD0168124A134643F81C1F4B60EF
:101400000021C160D2699A4215D0816893680B446B
:1014100093604FF08043586A094A936AC11AD269AF
:1014200092688A42E5D91B1A1344012B06D9184445
:1014300000F0F0FADDE700F0E7FADAE70223F6E77A
:1014400098160020B4160020034B1B605B6000223E
:101450009A601B615B61704798160020002380F83A
:101460002030064B1B68996882689142FAD203606B
:101470005A68426010605860704700BF981600209C
:1014800008B5202383F3118890F82030032B0ED069
:10149000042B10D043B14FF0FF334362FFF7DEFF60
:1014A000002383F3118808BD83F31188FBE7436AA7
:1014B00000221A60EFE742680368136042685A60CE
:1014C000E9E700BF002380F82030064B1B689968CD
:1014D00082689142FAD803605A684260106058608E
:1014E000704700BF9816002010B50E4B9C6984F819
:1014F00020001A68116819604B609A61012382F814
:101500002030EFF30983643BE269934205D321461F
:10151000044B9869FEF7C8FE10BD0348FFF7AAFE0A
:10152000F5E700BF98160020B02D020810B586B070
:101530000446B1F1FF3F12D00A4B9B690A4A01A849
:10154000FFF702FF2046FFF7CFFF049B13B101A86E
:10155000FFF73AFF034B9B69586A06B010BDFFF7CF
:10156000C3FFF7E7981600208114000838B5044639
:10157000104B98696162A26883689A4203D820463A
:10158000FFF76CFF38BDFFF769FF0546094B9C610B
:10159000012384F82030EFF30983643BC26993424E
:1015A00004D329462046FEF77FFEEBE70248FFF70B
:1015B00061FEF6E798160020B02D0208044B1A6869
:1015C00090689B699B68984294BF002001207047F7
:1015D0009816002010B50E4B98691A6811681960AA
:1015E0004B609A61012382F82030FFF76BFF0446BD
:1015F000EFF30983643BC269934205D32146044B50
:101600009869FEF751FE10BD0248FFF733FEF5E77B
:1016100098160020B02D020808B5054B1A6892688C
:101620009B699B689A4200D808BDFFF7D3FFFBE790
:101630009816002010B50E4B98691A681168196049
:101640004B609A61012382F82030FFF73BFF04468C
:10165000EFF30983643BC269934205D32146044BEF
:101660009869FEF721FE10BD0248FFF703FEF5E77B
:1016700098160020B02D02088260022280F82020F7
:10168000002280F82120012280F822208161054A71
:101690000261516941610861506100F12802826272
:1016A000704700BF98160020884202D200F8012B34
:1016B000FAE7704708B58368426843F8142CA3F131
:1016C000940243F8242C016943F8541C416943F8FF
:1016D000501C054943F8341CC2680168A3F130006E
:1016E000FFF7CAFF08BD00BFC102000810B50446DD
:1016F000552281684068FFF7D7FF202383F31188C4
:101700002046FFF7D7FF04460021FFF72FFF0023F5
:1017100083F31188204610BDF8B505460C461646E1
:101720001F4655224118FFF7BFFF202383F311887E
:10173000A4F130002844C561A0F16403C36040F8FF
:10174000247C069A40F8202C074A40F8042C3246A4
:101750000649FFF791FF04460021FFF707FF00232A
:1017600083F311882046F8BDC1020008C02D02088D
:10177000202383F3118890F82230013B80F8223037
:10178000036A03F0FF130F2B03D0002383F31188A8
:101790007047436902691A61036942695A6100230B
:1017A00083F31188704700BF10B50C4B9C696062D1
:1017B00004F12803A06A834204D00368A362FFF700
:1017C0004DFEF5E794F8223023B96269236913616D
:1017D00062695A610F20FFF787FE10BD981600203E
:1017E00008B5202383F31188FFF7DEFF08BD00BF93
:1017F00038B50446202383F3118890F820300F2B4E
:1018000008D1656A002383F311882046FFF7B0FFF3
:10181000284638BD044B9B69826A1A60836209209E
:10182000FFF762FEEDE700BF9816002008B50146FD
:10183000202383F311880820FFF778FE002383F329
:10184000118808BD10B5054CA369036058620320D8
:10185000FFF74AFEA369586A10BD00BF9816002022
:10186000026842B108B50346002018605162104674
:10187000FFF7F4FD08BD704702683AB108B50346AA
:10188000002018601046FFF771FE08BD704700BFCA
:1018900059B108B5064B9B69186042685A601360DD
:1018A00043600420FFF742FE08BD4FF0FF30704751
:1018B000981600200268904209D008B503461068C7
:1018C0001860436051621046FFF7C8FD08BD7047BD
:1018D00038B504460D462068844206D0036823606C
:1018E0005C604562FFF7BAFDF5E738BD202383F35E
:1018F0001188034B1869002383F31188704700BFD8
:1019000098160020202383F311880069044B984225
:1019100003D0002383F3118870470020F9E700BF4C
:101920009816002080B400AF084A536823F00103E2
:101930005360EFF30983683383F30988002383F34B
:101940001188BD465DF8047B704700BF30EF00E0B2
:1019500098B500AF202383F31188124B5B6813F412
:10196000006F03D1002383F3118898BDF1EE103A84
:10197000EFF30984A4F168034FF0807244F84C2C13
:10198000094AD26844F8082C83F30988FFF716FE49
:1019900018B1064B44F8503CE7E7054B44F8503C7F
:1019A000E3E700BF00ED00E030EF00E0D102000807
:1019B000D402000808B501F097F80C4801F04CFF7C
:1019C00000F0FEFA00F058FB00F06EFB00F09EFB0A
:1019D00000F0FCFB00F0DAFE00F0BEFC01F03CF889
:1019E00002F01CFD00F004F808BD00BF4C2F0208F7
:1019F00008B501F06FFA08BD4FF08043586300222C
:101A00001A610222DA6070474FF080430022DA60E8
:101A1000704700BF4FF08043586370478368013BB5
:101A2000836082690369134403614269934201D36D
:101A3000036A0361704700BFC3681960836801339C
:101A400083608269C3681344C3604269934201D3CF
:101A5000036AC360704700BF08B583680BB10020FC
:101A600008BDFFF715FFFBE708B5C26803699A4296
:101A700003D0002333B9002008BD8368002BF9D0C0
:101A80000123F7E7FFF704FFF6E700BF30B400607B
:101A90004060002484600161C160043203FB0215D0
:101AA00045618261C361016244628462029BC362D8
:101AB000039B036330BC704708B500228260016A53
:101AC0000161C160426282626FF00101FFF700FFB5
:101AD00008BD00BF10B50446FFF7AEFF0021204649
:101AE000FFF7E8FE10BD00BF10B50446FFF7B4FFD6
:101AF000024628B921690B1D636209680B44A36281
:101B0000104610BD10B50446FFF788FF002363623E
:101B1000E36A0BB12046984710BD00BF38B50446B4
:101B2000202383F31188436A5BB1636A13F8015B76
:101B30006362A26A93420DD2002383F31188284680
:101B400038BDFFF7D1FF05460028EED0002383F310
:101B50001188F4E72046FFF7D5FFEDE7C368026977
:101B6000934203D0002232B9181D70478268002AC0
:101B7000F9D00122F7E70020704700BF83682BB13E
:101B800003691B680B6000690430704700207047D0
:101B900010B50446FFF742FF00212046FFF78AFEFA
:101BA00010BD00BF10B50446FFF75EFF024628B91E
:101BB000E368191D6162A1690B44A362104610BD60
:101BC00010B50446FFF738FF00236362E36A0BB1E8
:101BD0002046984710BD00BF2DE9F84304468846CB
:101BE00091461F46202383F3118800261DE0B8F19B
:101BF000000F0AD008992046FFF7D4FFC0B1002398
:101C000083F311883046BDE8F88308992046FFF732
:101C10006BFFF3E72A460146484621F021F816E01B
:101C20002046FFF76FFFB742E9D9636A002BDED089
:101C3000A36A606A1B1ABD1B9D4200D31D46B8F102
:101C4000000FE7D02A4609EB060121F009F8636A84
:101C50002B4463622E44A26A9342E4D3B8F1000F8E
:101C6000DED0A16904392046FFF7AAFFDBE700BFF9
:101C700000B583B0009313460A460021FFF7ACFF7E
:101C800003B05DF804FB00BF38B504460D462023C1
:101C900083F31188436A6BB1636A1D70636A013311
:101CA0006362A26A93420FD2002080F31188034638
:101CB000184638BD1146FFF775FF03460028EBD0E4
:101CC000002282F31188F3E7A16904392046FFF767
:101CD00077FFE9E700B583B0009313460A46012178
:101CE000FFF77AFF03B05DF804FB00BF83687BB9A0
:101CF000416A79B1C368C91A043901D1002070471B
:101D000010B50446FFF798FE00236362012010BD62
:101D1000002070470020704703460269013A0261C3
:101D2000C068D9694A1CDA61405C59698A4201D3AA
:101D30000022DA61704700BF10B403690133036108
:101D4000C26883695C1C8461D154826943699A4288
:101D500001D3002383615DF8044B704708B5036924
:101D60000BB1002008BDFFF793FDFBE708B5026942
:101D700043699A4201D2002008BDFFF789FDFBE7C5
:101D80002DE9F8430669964200D31646B6B1884657
:101D90000446012E15D0D0F81490C569A9EB0507AB
:101DA000BE4213D2C16832462944404620F058FF53
:101DB000E3693344E36123699B1B23613046BDE83B
:101DC000F883FFF7A9FF88F80000F7E7C1683A46F3
:101DD0002944404620F044FFA5EB09057219E1684B
:101DE00008EB070020F03CFFE561E1E72DE9F8434F
:101DF000476904693C1B944200D314469CB1894650
:101E00000546012C12D08669A7EB0608444511D27D
:101E1000C0682246304420F023FFAB692344AB6105
:101E20002B6923442B612046BDE8F8830978FFF72E
:101E300083FFF8E7C0684246304420F011FFF61BEC
:101E4000A21909EB0801E86820F00AFFAE61E4E797
:101E500010B40060406000240461C160C46184610A
:101E6000426183605DF8044B704700BF08B50022F3
:101E7000C261826102616FF00101FFF729FD08BDB7
:101E8000026943699A4209D210B50446FFF754FF2C
:101E900000212046FFF70EFD002010BD4FF0FF305F
:101EA000704700BF38B50546202383F31188FFF73C
:101EB00055FF044620B1002383F31188204638BD26
:101EC0002846FFF729FF0446AB68002BF3D02846CD
:101ED0009847F0E72DE9F8430546894616469846A7
:101EE000202383F31188002402E03C44A64211D948
:101EF00041462846FFF732FF60B9321B09EB040167
:101F00002846FFF73DFF0746AB68002BEDD028467B
:101F10009847EAE7002383F311882046BDE8F88359
:101F200070B505460E46202383F311881146FFF74E
:101F30001DFF044620B1002383F31188204670BDA5
:101F400031462846FFF7F8FEAB68002BF3D0284651
:101F50009847F0E738B503694BB10446FFF7DCFE5C
:101F6000054600212046FFF7A5FC284638BD4FF066
:101F7000FF35FAE72DE9F8430546894616469846A7
:101F8000202383F31188002402E03C44A64211D9A7
:101F900041462846FFF7EAFE60B9321B09EB04010F
:101FA0002846FFF723FF0746AB68002BEDD02846F5
:101FB0009847EAE7002383F311882046BDE8F883B9
:101FC00008B500F0DFFF08BD012303700023436064
:101FD0008360C36003614361704700BF10B504466E
:101FE000202383F31188416001F010F8022323704D
:101FF000002383F3118810BD10B58260C3600161B6
:102000000323037001F056F810BD00BF10B5202463
:1020100084F31188FFF7F0FF002383F3118810BDCC
:10202000202383F311880378022B03D1002383F349
:102030001188704710B5044601F08AF80023236127
:102040002046022300F8143B6FF00101FFF714FC57
:10205000002383F3118810BD38B50446202585F38D
:102060001188FFF7C9FF04F11400FFF7EBFB002311
:1020700083F3118838BD00BF08B501F0F1F808BD41
:102080000123037000234360704700BF10B504466E
:10209000202383F31188416001F0AAF90223237001
:1020A000002383F3118810BD08B501F06DFC08BD55
:1020B0000123037000234360704700BF10B504463E
:1020C000202383F31188416001F072FC0223237006
:1020D000002383F3118810BD08B50323037001F0BA
:1020E000B9FC08BD08B5202383F31188FFF7F4FF7E
:1020F000002383F3118808BD10B504460423037040
:1021000001F0CCFC0223237010BD00BF08B501F024
:10211000FDFC08BD0123037000234360C36003740A
:10212000704700BF10B50446202383F31188416037
:102130004B68836001F0F8FC0023E3600222227008
:1021400083F3118810BD00BF38B5202383F31188B5
:10215000012303FA01F4C3682343C36001F078FD4F
:10216000002383F3118838BD10B5202383F3118831
:10217000012303FA01F2C36823EA0203C36001F0FA
:1021800075FD002383F3118810BD00BF08B54FF023
:10219000FF310830FFF786FE08BD00BF08B54FF0DD
:1021A000FF322830FFF7BCFE08BD00BF08B54FF076
:1021B000FF330830FFF78EFE08BD00BF08B54FF0B3
:1021C000FF332830FFF7D6FE08BD00BF08B501F089
:1021D000EFFD08BD38B5044615460A4B03600123E0
:1021E00003710B46102200F148010830FFF730FE62
:1021F0002B46102204F1580104F12800FFF728FEB5
:1022000038BD00BFE02D020810B50446202383F33B
:10221000118801F00BFE02232371002383F3118840
:1022200010BD00BF10B50446202383F3118801F0D0
:1022300019FE0123237104F12800FFF717FE04F1B2
:102240000800FFF713FEFFF7E7F9002383F3118877
:1022500010BD00BF10B582B0046BD4F880341A688A
:102260001178042908D12179022905D11289197917
:1022700001238B40134201D002B010BD01A904F12B
:102280003C00FFF77BFC02460028F5D0D4F8800420
:10229000019B0179006800F0D5FAEDE7D0F88034B1
:1022A0001A68117804291BD1017902291AD152899F
:1022B000597901238B40134201D00120704710B59A
:1022C00004460830FFF74AFC024668B1D4F880049F
:1022D0004FF480734179006800F0A0FA002010BD2F
:1022E00001207047012070470120F8E708B5006B16
:1022F000FFF7D4FF08BD00BF08B54FF0FF3108302D
:10230000FFF70CFC08BD00BF08B5D0F880341B688F
:102310001B78042B05D14FF0FF323C30FFF7B4FCA3
:1023200008BD6FF00100FBE708B54FF0FF33083040
:10233000FFF79EFC08BD00BF08B5D0F880341B68CD
:102340001B78042B01D0002008BD4FF0FF333C3038
:10235000FFF7C0FCF8E700BF704700BF10B582B0C0
:1023600004460E4B03600123037101900C4B009354
:1023700002234FF4807200F170010830FFF786FBF2
:102380000194084B009302234FF4807204F51E71F0
:1023900004F13C00FFF77AFB02B010BD002E0208EA
:1023A000ED220008552200080A68202383F31188D3
:1023B0000B79093302EB830358604B79113342F8F0
:1023C00023008B791BB1093302EB83025060C0F804
:1023D000801402230371002383F31188704700BF28
:1023E00010B504460830FFF767FB04F13C00FFF727
:1023F00063FB10BD10B504460830FFF75DFB04F128
:102400003C00FFF759FB2046FFF748FF10BD00BF17
:1024100090F8743003F06003202B01D00020704747
:1024200090F87530212B05D0222B0FD0202B07D010
:1024300000207047084B83660723C366012070475E
:10244000054B83660723C36601207047002383661C
:10245000C3660120704700BF80060020D0F880349A
:102460001A681178042908D10179022905D1128945
:10247000197901238B40134200D0704730B583B0E7
:10248000044600F13C052846FFF730FC08B903B0CC
:1024900030BD01A92846FFF771FBD4F88044019BA9
:1024A00002462179206800F0CDF9F0E770B582B0DE
:1024B00001F1090300EB83035E68D6B10D460446C3
:1024C000202383F311888B1C00EB83035B685B691B
:1024D0001B6883B901A906F13C00FFF74FFB0246D8
:1024E00070B1019B2946204600F0ACF9002383F32C
:1024F000118802B070BD06F13C00FFF749FBE9E727
:10250000AB1C04EB83035B685A6912681B8A9A420E
:10251000ECD100231A462946204600F093F9E5E75E
:1025200010B5113150F821409CB1202383F311885C
:10253000D4F8802413685279023203EB82035B687B
:102540009B69596831B92046FFF7A8FE002383F341
:10255000118810BD04F10800FFF7BCFAF3E700BFD3
:10256000704700BF38B50446092957D8DFE801F0A5
:10257000050C560C56252C563C4200F17C03836614
:102580000223C366012038BDB0F87630012B01D09C
:102590000020F8E7B0F87C3023F002039BB2A0F8EB
:1025A0007C30032904D00023A366E3660120EAE718
:1025B00043F00203A0F87C30F5E700238366C3668E
:1025C000184B03670120DEE743685D68B0F87610BA
:1025D000B0F87830CAB2090AA84708B34268A266C0
:1025E0000368E3660120CEE700F17F0383660120E4
:1025F000E066C8E790F8763080F87F3063B1042356
:10260000237063681B6813B102212046984700239A
:10261000A366E3660120B6E70323F1E70020B2E7F3
:102620000020B0E76926000829B9044B836602231D
:10263000C366012070470020704700BF282E0208A3
:1026400010B50446002101F071FE0021204601F082
:102650005BFE63681B6813B105212046984706237B
:1026600084F8643010BD00BF10B50446B0F8763071
:1026700080F87E3001F092FC63681B6813B1012181
:10268000204698470323237010BD00BF10B50446B1
:10269000B0F8783003F00F0203F080030C294AD819
:1026A000DFE801F00D294929494949494949494982
:1026B0000700244BA3660223E366012010BD4BB143
:1026C0001146204601F0F6FC012808D002280CD063
:1026D0000020F3E71146204601F0DAFCF4E71A4B3C
:1026E000A3660223E3660120E8E7184BA3660223F2
:1026F000E3660120E2E7B4F87600F0B9FAB1012907
:1027000009D09BB11146204601F010FE0023A366BC
:10271000E3660120D2E723B11146204601F032FEE4
:10272000F4E71146204601F013FEEFE7114620467C
:1027300001F0EAFDEAE70020C0E70020BEE7002044
:10274000BCE700BF282E0208242E0208202E020813
:1027500008B590F8743013F0600F14D190F875102C
:1027600003F01F03012B08D05AB21AB1022B07D075
:10277000002009E0FFF7F6FE06E0FFF755FF03E053
:10278000FFF784FF00E0002008BD00BF08B501F09E
:10279000D7FB08BD0123037000234360062B0BD831
:1027A00003F10A0200EB82020021516003F11202E0
:1027B00040F822100133F1E7002303814381704781
:1027C00010B50446202383F311884160002305E0FF
:1027D0009A1C04EB8202002151600133072BF7D9C8
:1027E000204601F0B5FB02232370002383F31188F8
:1027F00010BD00BF10B58B1C00EB83035A605369FA
:102800001BB100241C605C609C6093691BB10022BA
:102810001A605A609A6001F0CBFB10BDF8B50E4605
:1028200001248C40A4B247893C434481023600EB2A
:1028300086056C68A469A26023600023636001F0D0
:1028400063FCF8BDF8B50E4601248C40A4B207899C
:102850003C430481023600EB86056C686469A26023
:1028600023600023636001F061FCF8BD10B50446ED
:10287000022303700023A0F87C3080F87E3080F8BB
:102880007F300381438105E09A1C04EB8202002122
:1028900051600133072BF7D9002384F864302046B8
:1028A00001F0D6FB63681B6813B1002120469847EE
:1028B00010BD00BF08B50523037043681B680BB14A
:1028C0000321984708BD00BF08B50423037043687F
:1028D0001B680BB10421984708BD00BF38B50446FA
:1028E000002580F8645000F1740201F0F3FB2567C5
:1028F00063689B6813B12046984718B92046FFF7D4
:1029000027FFD0B1E26EB4F87A309A4200D9E3667C
:10291000202383F3118894F97430002B11DBE36ECC
:1029200023B3A26E00212046FFF778FF042384F82A
:102930006430002383F3118838BD2046FFF780FE02
:10294000FAE7E36E43B1A26E00212046FFF77AFF5B
:10295000012384F86430ECE700231A461946204628
:10296000FFF75CFF032384F86430E2E700231A4694
:1029700019462046FFF766FF052384F86430D8E740
:1029800010B5044690F86430062B20D8DFE803F039
:1029900036041036362F3600C36EB0F87A209342D4
:1029A00006D2C268118AB3FBF1F201FB12337BB18C
:1029B000202383F3118800231A4619462046FFF787
:1029C0002DFF002383F31188032384F8643010BDA6
:1029D000202383F3118800231A461946FFF732FF9C
:1029E000002383F31188022384F86430EFE7036F38
:1029F00003B19847002384F86430E8E7FFF720FE2E
:102A0000E5E700BF10B5044690F86430062B13D8F4
:102A1000DFE803F01F1F1F13041F1F00202383F391
:102A2000118800231A461946FFF70CFF002383F391
:102A30001188052384F8643010BDC3689B695B6806
:102A4000002BF9D1036F03B19847002384F8643059
:102A5000F2E7FFF7F5FDEFE708B501F0ADFC08BDC3
:102A60000901C9B2074A131883F8001300F01F01C7
:102A7000400901238B4000F1600142F8213042F807
:102A80002030704700E100E0154A136843F480737A
:102A90001360144B1B6A03F44073B3F5807F05D0B9
:102AA000104B4FF480321A6200221A620D4A136AE8
:102AB00043F0190313620B4B1B6A13F0020FFAD099
:102AC000084B1B6A13F4004F08D1064B1A6A42F4F4
:102AD00080721A621A6A42F400421A62704700BF9A
:102AE000007000400010024010B50F4CA36A4FF078
:102AF000FF32A2620023A362216922612361E1689F
:102B0000E260E360E36943F08053E361FFF7BCFFF9
:102B100000F062F9A36943F00103A361034A13685B
:102B200043F02003136010BD00100240000001407C
:102B3000244A136843F001031360224B1B6813F00F
:102B4000020FFAD01F4B5A6822F003025A605A68EB
:102B50005A601C4B5B6813F00C0FFAD1194B1A68C2
:102B600002F0F9021A6000225A605A6A42F0010229
:102B70005A62144B5B6A13F0020FFAD0114B124ADF
:102B80005A6042F21012DA6230221A631A6842F076
:102B900080721A600B4B1B6813F0007FFAD00B4B4E
:102BA00011221A60074A536843F002035360054B31
:102BB0005B6803F00C03082BF9D1024B1A6B1A6304
:102BC000704700BF00100240000468070020024068
:102BD00008B5074B196811F00F0106D05960054B75
:102BE0001B6813B1034A50689847FEF7B1FE08BD51
:102BF00000000240F416002008B5084B1968C1F324
:102C0000031141B10B01054A5360054B9B6813B199
:102C1000034AD0689847FEF79BFE08BD00000240BB
:102C2000F416002008B5084B1968C1F3032141B11F
:102C30000B02054A5360054B1B6913B1034A5069E7
:102C40009847FEF785FE08BD00000240F4160020FC
:102C500008B5084B1968C1F3033141B10B03054AAC
:102C60005360054B9B6913B1034AD0699847FEF73F
:102C70006FFE08BD00000240F416002008B5084BA6
:102C80001968C1F3034141B10B04054A5360054B78
:102C90001B6A13B1034A506A9847FEF759FE08BDF4
:102CA00000000240F416002008B5084B1968C1F373
:102CB000035141B10B05054A5360054B9B6A13B1A3
:102CC000034AD06A9847FEF743FE08BD0000024061
:102CD000F416002008B5084B1968C1F3036141B12F
:102CE0000B06054A5360054B1B6B13B1034A506B2F
:102CF0009847FEF72DFE08BD00000240F4160020A4
:102D000008B5074B196811F00F0106D05960054B43
:102D10009B6B13B1034AD06B9847FEF719FE08BDB1
:102D200000040240F416002008B5084B1968C1F3EE
:102D3000031141B10B01054A5360054B1B6C13B1E4
:102D4000034A506C9847FEF703FE08BD000402409A
:102D5000F416002008B5084B1968C1F3032141B1EE
:102D60000B02054A5360054B9B6C13B1034AD06CB0
:102D70009847FEF7EDFD08BD00040240F416002060
:102D800008B5084B1968C1F3033141B10B03054A7B
:102D90005360054B1B6D13B1034A506D9847FEF706
:102DA000D7FD08BD00040240F416002008B5084B0A
:102DB0001968C1F3034141B10B04054A5360054B47
:102DC0009B6D13B1034AD06D9847FEF7C1FD08BD56
:102DD00000040240F416002000230C4A13600B2B61
:102DE0000CDC03EB83029100094A0A44516800227B
:102DF0000A60084941F833200133F0E74FF0FF3310
:102E0000054A536002F580625360704754170020F2
:102E10002C2E0208F41600200000024070B5467CFB
:102E20000124B4401D4D2D682C4235D11C4C44F872
:102E30003620467C04EBC604636015F07F0F04D196
:102E4000184C636943F00103636115F4786F04D192
:102E5000144C636943F002036361044640680368ED
:102E600023F00F030360267C20680F23B3404360E8
:102E7000636800201860A3681D4203D112B1A07CD2
:102E8000FFF7EEFD627C012303FA02F203490B68AF
:102E900013430B60002070BD0120FCE75417002095
:102EA000F41600200010024010B54FF080431B695B
:102EB00013F0020F02D1FEF74BFD10BD00244FF0BE
:102EC00080431C61202383F31188FEF7D9F984F332
:102ED0001188F0E708B50F4AD36943F00103D361C5
:102EE0000D4A936843F0010393604FF0804341F231
:102EF000BF229A624FF0FF32DA6200229A615A636F
:102F0000DA605A6001225A611A6002211C20FFF720
:102F1000A7FD08BD00100240002004E0826993680C
:102F200043F00103936083691B6813F0010FFAD02B
:102F3000704700BF8269936843F0004393608369E0
:102F40009B68002BFBDB704783699A6812F0040FC3
:102F500008D09A6842F010029A6083699B6813F067
:102F6000100FFAD1704700BF08B5836900229A603C
:102F700083694FF080529A604FF4F070FEF7C6F903
:102F800008BD00BF2DE9F0410027194B1F60194C07
:102F90002046FFF719F8184EE6614FF0A043A361F1
:102FA000164D256242F28A58C4F82480144C2046FB
:102FB000FFF70AF8E661134BA3618C352562C4F86C
:102FC000248002211220FFF74BFD0F4B5A6942F07B
:102FD00080525A619A6A42F080529A629F624FF41C
:102FE0008032B2605A6922F080525A61BDE8F081A5
:102FF000A817002058170020000300502C2E0208AC
:1030000080170020000100500010024043681BB1EF
:103010000378012B03D07047204B4360F8E710B5CD
:1030200004461F4B984216D01E4B9C4224D0A369E5
:103030004033226A526893606268A3691268C3F8D9
:10304000B0202046FFF790FF2046FFF773FF204691
:10305000FFF764FF10BD0346134A0521006AFFF71E
:10306000DDFE124A136843F001031360104A5369EE
:1030700043F080535361D7E723460B4A0521206A6A
:10308000FFF7CCFE094A136843F002031360084AB5
:10309000536943F080535361C9E700BF1C2F0208F6
:1030A000581700208017002071310008A817002051
:1030B0000010024070B40369416ADA6842F001040A
:1030C0001D7845B141F0200542F00304C268012A91
:1030D0003CD941F024018568026A5268D5605E8857
:1030E000C268056A6D6802FB06F26A60026A52688D
:1030F0001160026A51680A6842F001020A6082693E
:1031000011681160826990215160826919691162A8
:10311000826959695161826999699161DA6959884D
:10312000013985690A432A638269196A5163826990
:10313000596A916382699B6AD3638369DC6082699F
:10314000936843F00403936070BC70472946C2E75C
:1031500008B5036A59680B6823F00F030B60026A15
:10316000117C12680F238B405360FFF7EDFE08BD02
:1031700038B5044611F0080F14D103696BB311F090
:10318000020F56D01A787AB35D6835B3C268012A47
:1031900027D952085B8802FB03F3816801EB4301E6
:1031A000A8471AE0FFF7D4FF23699A6842B10522C5
:1031B00022709B680021204698472378052B0DD06C
:1031C00000252561202383F311884FF0FF3104F19E
:1031D0001400FEF745FB85F3118838BD02232370E8
:1031E000EEE78168A847F8E7FFF7B2FF23695A685E
:1031F000D2B1042222705B68E268A1682046984739
:103200002378042B0BD0202383F31188002104F1B1
:103210001400FEF725FB002383F31188DDE702236A
:10322000237000232361EEE7022323700023236130
:10323000E9E711F0040FD0D05B68002BCDD0C26855
:10324000520881689847C8E7C269936843F48003CD
:1032500093607047C269936843F0807393607047CE
:1032600008B50248FEF70CFF08BD00BFAC170020F0
:10327000F0B401F01F03012202FA03F30F2914D85E
:103280008A0801F00304A4000F26A640456855F8FB
:103290003150C5F30315A5403F4F023257F8224085
:1032A00024EA06042C4347F822401F293AD813F099
:1032B000FC5F20D1426852F8312012F0010F1CD07F
:1032C000364CA2681A43A260426852F8312012F0CC
:1032D000020F18D0314CE2681A43E260426802EBF8
:1032E000C1014A68AAB12D4A116819431160516899
:1032F00021EA03035360F0BC7047284CA26822EA1D
:103300000302A260E0E7254CE26822EA0302E260E1
:10331000E4E7224A516819435160116821EA030326
:103320001360E8E733F00302E5D1426852F8312038
:1033300012F0010F1BD0194CA26A1A43A262426814
:1033400052F8312012F0020F17D0144CE26A1A43DF
:10335000E262426802EBC1014A68A2B10F4A116AF7
:1033600019431162516A21EA03035362C3E70B4C0C
:10337000A26A22EA0302A262E1E7084CE26A22EAB8
:103380000302E262E5E7054A516A19435162116A94
:1033900021EA03031362AEE700000140000401408C
:1033A00001F01F0301229A401F290FD80F4B186804
:1033B000D143084018605868084058609868084031
:1033C0009860D8680140D9605A617047074B186A05
:1033D000D14308401862586A08405862986A084009
:1033E0009862D86A0140D9625A637047000401406C
:1033F00038B505460378012B01D0002407E000F022
:10340000DDF9FAE721462846FFF7CAFF0134212CEF
:103410000AD86B6853F8343013F0040FF2D0214609
:103420002846FFF725FFF1E738BD00BF08B5084A79
:103430005369116801F001010B40536123B1054844
:1034400043685B6800219847FEF782FA08BD00BF19
:1034500000040140AC17002008B5084A5369116800
:1034600001F002010B40536123B105484368DB685A
:1034700001219847FEF76CFA08BD00BF0004014027
:10348000AC17002008B5084A5369116801F004011F
:103490000B40536123B1054843685B69022198479B
:1034A000FEF756FA08BD00BF00040140AC1700202B
:1034B00008B5084A5369116801F008010B405361CF
:1034C00023B105484368DB6903219847FEF740FABA
:1034D00008BD00BF00040140AC17002008B5084A31
:1034E0005369116801F010010B40536123B1054885
:1034F00043685B6A04219847FEF72AFA08BD00BFBB
:1035000000040140AC17002010B5194B5C691A6823
:1035100002F4787214405C6114F0200F04D0154856
:103520004368DB6A0521984714F0400F04D0114826
:1035300043685B6B0621984714F0800F04D00D4858
:103540004368DB6B0721984714F4807F04D0094857
:1035500043685B6C0821984714F4007F04D0054849
:103560004368DB6C09219847FEF7F2F910BD00BFF4
:1035700000040140AC17002010B51D4B5C691A68AF
:1035800002F47C4214405C6114F4806F04D019484A
:1035900043685B6D0A21984714F4006F04D0154806
:1035A0004368DB6D0B21984714F4805F04D0114809
:1035B00043685B6E0C21984714F4005F04D00D48FB
:1035C0004368DB6E0D21984714F4804F04D00948FE
:1035D00043685B6F0E21984714F4004F04D00548F0
:1035E0004368DB6F0F219847FEF7B2F910BD00BFAB
:1035F00000040140AC17002008B5084A536911685F
:1036000001F480310B4053612BB105484368D3F876
:10361000843010219847FEF79BF908BD0004014053
:10362000AC17002008B5084A5369116801F400314D
:103630000B4053612BB105484368D3F88C301121FE
:103640009847FEF785F908BD00040140AC1700203B
:1036500008B5084A5369116801F480210B40536191
:103660002BB105484368D3F8943012219847FEF7F0
:103670006FF908BD00040140AC17002008B5084AE6
:103680005369116801F400210B4053612BB10548C7
:103690004368D3F89C3013219847FEF759F908BDC9
:1036A00000040140AC17002008B5084A53691168AE
:1036B00001F480110B4053612BB105484368D3F8E6
:1036C000A43014219847FEF743F908BD00040140D7
:1036D000AC17002010B5144B5C691A6822F05F42E9
:1036E00022F40002520D520514405C6114F4001FD4
:1036F00005D00E484368D3F8AC301521984714F430
:10370000800F05D009484368D3F8B4301621984794
:1037100014F0005F05D005484368D3F8EC301D2154
:103720009847FEF715F910BD00040140AC170020C2
:1037300010B5154B5C691A6802F0404214405C6198
:1037400014F0804F05D011484368D3F8F4301E219F
:103750009847002C10DB0C4A536B116A0B4003F0A6
:10376000010353632BB109484368D3F80431202186
:103770009847FEF7EDF810BD04484368D3F8FC30D5
:103780001F219847E7E700BF00040140AC17002065
:1037900008B5084A536B136803F0020353632BB157
:1037A00005484368D3F80C3121219847FEF7D0F83B
:1037B00008BD00BF00040140AC17002008B5062179
:1037C0000846FFF74DF906210720FFF749F90621C2
:1037D0000820FFF745F906210920FFF741F90621E6
:1037E0000A20FFF73DF906211720FFF739F90621D6
:1037F0002820FFF735F903210120FFF731F90321D4
:103800002920FFF72DF906214C20FFF729F9062181
:103810000220FFF725F906210320FFF721F90621F1
:103820004020FFF71DF906214120FFF719F9062175
:103830004220FFF715F908BD4B6843608B68836031
:10384000CB68C3600B6943614B6903628B69436258
:103850000B680360704700BF10B50446114A5369F6
:1038600043F4FC03536101464FF09040FFF7E4FF3F
:1038700004F11C010C48FFF7DFFF04F138010B488D
:10388000FFF7DAFF04F154010948FFF7D5FF04F10F
:1038900070010848FFF7D0FF04F18C010648FFF7DC
:1038A000CBFF10BD00100240000400480008004893
:1038B000000C004800100048001400482DE9F047B3
:1038C00002F00306C2F3800EC2F3C10CC2F341172B
:1038D000C2F3C312002414E0072C45D8056A25EA78
:1038E000080848EA0905056205682B403343036070
:1038F000490847D04FEA4E0E4FEA8C0CBF00B60085
:10390000013411F0010FF3D004F007084FEA8808E2
:1039100002FA08F9012505FA04FA04FA05F3032569
:1039200005FA03F30F2505FA08F8456825EA0A05A4
:1039300045EA0E0545608568DB431D4045EA0C05F8
:103940008560C5681D403D43C560022EC4D0056832
:103950002B4033430360072C0DD8036A23EA080881
:1039600048EA09030362C3E7456A25EA080848EA0A
:1039700009054562B8E7436A23EA080848EA0903EB
:103980004362B5E7BDE8F08708B50548054BC3605D
:10399000FEF78EFB0448054BC360FEF789FB08BDAC
:1039A000B4170020002C0140C4170020000800407C
:1039B00010B504460378012B19D0A3686268126819
:1039C000B3FBF2F39BB2013B9BB2E16800220A60B9
:1039D0006068E16880684860E1688B62E3681A614A
:1039E0006368DB68E26823F0FF03D36010BD154B0A
:1039F000984214D0144B9C42DFD1144BDA6942F048
:103A00000402DA611A6942F004021A6100221A61A2
:103A100002211E20FFF724F80D4BA360CDE70B4BCE
:103A20009A6942F400629A61DA6842F40062DA60EC
:103A30000022DA6002211920FFF712F8044BA3607C
:103A4000D8E700BFB4170020C417002000100240C0
:103A5000006CDC02C3680139D962C36801225A6173
:103A6000C26800235362C268136143685B6823B174
:103A7000C268D36843F00103D360C36805221A60AB
:103A8000704700BFC26800231360C2681361C26838
:103A9000D36823F0FF03D360704700BFC3680139C8
:103AA000D962C36801225A61C3680D221A60C368D3
:103AB0001A6912F0010FFAD000221A61704700BF94
:103AC00010B50446C36800221A610378042B04D0A1
:103AD00063685B682046984710BD02230370FFF7B8
:103AE000D1FFF5E708B50348FFF7EAFFFDF730FF20
:103AF00008BD00BFB417002008B50348FFF7E0FF7A
:103B0000FDF726FF08BD00BFC417002010B5044C08
:103B10002046FEF7FFFA04232374024BA36110BD75
:103B2000D41700200004004010B504460378012B90
:103B300062D0826900231360826953638269936350
:103B40008269D36382691364037C042B04D982697C
:103B5000002393658269D365A36900225A62636971
:103B600062681268B3FBF2F3013BA2699362A36837
:103B7000A269013BD3626268A369D26B5A60626832
:103B8000D36803F00F03012B55D0022B55D143F01E
:103B90000103516901F00F01012903D0022903D16A
:103BA00043F0200343F01003D16901F00F01012914
:103BB00003D0022903D143F4007343F48073526AA3
:103BC00002F00F02012A03D0022A03D143F400536A
:103BD00043F48053A2691362A36901225A61A36965
:103BE00000221A6163681B6CA26923F0FF03D36093
:103BF000A36985221A6010BD114B984209D0A269B1
:103C000046F668039361A269D361A3690D4A5A65B8
:103C1000A5E70D4BDA6942F00202DA611A6942F057
:103C200002021A6100221A6103211D20FEF718FF0B
:103C3000064B6361E3E70023A9E70023A9E700BF80
:103C4000D41700206868010100100240006CDC02FB
:103C5000032905D883690C3103EB81014A60704761
:103C60008369123143F82120704700BF03290FD820
:103C7000836901F10C0203EB820300225A60806920
:103C8000C368022202FA01F123EA0103C36070470C
:103C900083691231002243F82120704738B5054668
:103CA00083691C69DA68D2B21440E2431A6114F0E5
:103CB000020F03D043681B6903B1984714F0040F47
:103CC00004D06B689B690BB12846984714F0080F25
:103CD00004D06B681B6A0BB12846984714F0100F8C
:103CE00004D06B689B6A0BB12846984714F0010F0B
:103CF00004D06B689B680BB12846984738BD00BF5D
:103D000008B50348FFF7CAFFFDF722FE08BD00BF54
:103D1000D41700200023036043608360704700BF16
:103D2000024A136843F08003136070470038014073
:103D3000F8B50646846E2768E5692562202383F37B
:103D4000118815F0200F07D0A18CC9B206F1080028
:103D5000FEF796F8E569F4E717F0800F10D117F039
:103D6000400F05D015F0400F02D027F04007276024
:103D7000002383F31188F8BD27F080032360EEE76A
:103D800015F0800FEBD006F12800FEF7E3F80028CD
:103D9000F2DB80B22085E569F2E700BF08B5034891
:103DA000FFF7C6FFFDF7D4FD08BD00BFF0170020E8
:103DB00010B5074C074A00212046FEF70BFA064BC8
:103DC000A366064BE36603212520FEF749FE10BDDE
:103DD000F0170020213D000800380140006CDC0293
:103DE000836E1A6822F001021A60C26EB2FBF1F112
:103DF000D9601A6842F001021A60704710B5846EEB
:103E00008B6843F040036360CB6843F00103A36019
:103E10004B6843F4967343F0010323600968FFF78E
:103E2000DFFF4FF0FF33236210BD00BF08B50B4624
:103E300031B10279012A05D01946FFF7DFFF08BD2D
:103E4000054BF6E7054A9042F6D105498A6942F4E6
:103E500080428A61F0E700BF202F0208F01700209F
:103E6000001002400379022B00D0704710B50446C1
:103E7000806EFFF74FFF054B9C4200D010BD044AF7
:103E8000936923F480439361F8E700BFF0170020A3
:103E9000001002404023C0F880307047D0F88030D6
:103EA000013121F001011944C0F880101846704713
:103EB00030B4124B1B6D03EB001000F1804000F595
:103EC000C040846804F1005404F540546400C5689F
:103ED000C5F309000023B3EB500F05D254F823209B
:103EE00021F813200133F6E715F0010F03D014F881
:103EF000232001F8132030BC704700BF005C004055
:103F000010B40E4B1B6D03EB001000F1804000F568
:103F1000C040046804F1005404F540546400426059
:103F20000023501CB3EB500F05D231F8130044F8B6
:103F300023000133F5E75DF8044B7047005C004057
:103F400008B50248FEF726FC08BD00BF6018002037
:103F500038B50378012B00D038BD04460C4B98428D
:103F600003D02046FEF782FCF6E70A4AD36943F401
:103F70000003D361084D01232B640D214A20FEF775
:103F80006FFD03214B20FEF76BFD00232B64E8E758
:103F90006018002000100240005C004090F87E3065
:103FA00043F08003014AD364704700BF005C0040C7
:103FB0002DE9F04180460E468B1C00EB83035F68C1
:103FC0003B6813F0030338D0022B39D9032B02D1FD
:103FD0004FF4C06501E04FF400751C4B1C6D04EB01
:103FE000061404F1804404F5C0447B6943B1002306
:103FF0006360398A4046FFF751FF206045F0200595
:10400000BB6983B17B8A3E2B1CD9013B5B1143F01A
:1040100020039BB29B02E360798A4046FFF73EFF94
:10402000A06045F40055094B53F8262043F826209C
:10403000354343F82650BDE8F0814FF40075CCE7D6
:104040000025CAE701335B08E4E700BF005C0040DD
:1040500010B504460C4B00221A655A648022DA64BB
:104060004368DB686BB14FF41E42074B1A6420466D
:10407000FFF710FF054BE36000212046FFF798FF94
:1040800010BD4FF41C42F0E7005C0040302F0208E6
:10409000074B53F8213013F4405304D0B3F5805F3D
:1040A00003D002207047002070470120704700BFF6
:1040B000005C0040064B53F8213013F0300303D06E
:1040C000102B03D00220704700207047012070475A
:1040D000005C00400B4B1B6D03EB011101F18041B3
:1040E00001F5C041896801F1005101F540514900D5
:1040F000002304E051F8230022F813000133032BBE
:10410000F8D97047005C0040074A52F8213023F488
:10411000904323F0700383F4405343F4004343F08F
:10412000800342F821307047005C004070B50D46B6
:104130008B1C00EB830042685469236861685B1A3A
:10414000168A9E4200D31E46A3683246194428466A
:10415000FFF7D6FE63681E446660084A52F82530B1
:1041600023F4F04323F0400383F0300343F400438F
:1041700043F0800342F8253070BD00BF005C004072
:104180002DE9F041054601F00F043C4B53F8242083
:10419000A31C00EB83035E6811F0100F23D1374A94
:1041A00052F8243023F4784323F0F00343F400431F
:1041B00042F8243073695A681B689A420FD301236E
:1041C00003FA04F2038923EA02030381A31C00EB30
:1041D00083035B689B68DBB12146984718E0214662
:1041E000FFF7A4FF14E0254951F8243023F4784365
:1041F00023F0F00343F0800341F8243012F4006F01
:1042000008D0A31C00EB83035B685B6821469847DA
:10421000BDE8F081B7695FFA84F8B9687B68194432
:104220004046FFF745FE7B6803447B603A68934253
:1042300002D2738A834211D9012303FA04F26B89F3
:1042400023EA02036B81023405EB84046368DB68B4
:10425000002BDDD0414628469847D9E7074A52F857
:10426000243023F4904323F0700383F4405343F449
:10427000004343F0800342F82430C9E7005C00406B
:1042800010B51F4B5C6CE2435A6414F4806F1DD16F
:1042900014F4006F1ED114F4805F04D0184B9B6C93
:1042A00013F4004F1FD014F4007F05D0154B5B684A
:1042B000DB680BB11348984714F4004F1CD021461B
:1042C0001048FFF75DFF0E4B5C6CF5E70D48FEF7FD
:1042D000CDFADDE70A4A136C43F00803136409487A
:1042E000FEF7E8FAD7E7064A136C23F008031364D5
:1042F0000448FEF7E9FAD6E7FDF72AFB10BD00BF38
:10430000005C004060180020074A52F8213023F476
:10431000904323F0700383F4805343F4004343F04D
:10432000800342F821307047005C0040074A52F891
:10433000213023F4F04323F0400383F0100343F4CF
:10434000004343F0800342F821307047005C004096
:104350000B4B53F8213003F44053B3F5405F0ED0BC
:10436000074A52F8213023F4904323F0700383F47A
:10437000005343F4004343F0800342F82130704778
:10438000005C00400B4B53F8213003F03003302B1E
:104390000ED0084A52F8213023F4F04323F04003B2
:1043A00083F0200343F4004343F0800342F82130BC
:1043B000704700BF005C0040024B01221A70024AA5
:1043C0009A607047F01800200030004080B500AFC0
:1043D0000D4B1A680D4B9A4213D10B4B00221A60F9
:1043E00072B60B4B1A6801221A60BFF34F8FBFF3EE
:1043F0006F8F084B1B6883F30888074B1B6898472F
:10440000FEE7FEF795FB80BDF09F0020EFBEADDE1E
:104410000000014000D8FF1F04D8FF1F014B1122EC
:104420001A607047002002402DE9F84F8346164677
:104430001F46DDF82C9000F10B0A544604E03023AF
:1044400016E056EA07031DD04FF000080A9A4346CB
:1044500030463946FCF76CFCD5B20A9A43463046E2
:104460003946FCF765FC06460F46092DE7D9372388
:104470001D4404F8015DB9F1000FE2D0B9F1010962
:10448000E2D1DEE7AAEB040A584614F8013B00F833
:10449000013B8346BAF1010AF6D1BDE8F88F00006E
:1044A0002DE9F04F83B0064692469B46DDF83490E6
:1044B000B9F1000F13D1042747F00107B9F10F0F2D
:1044C00001D94FF00F0906F10F0301931D464FF478
:1044D00092780023CDF83490B1461E4606E00227BC
:1044E000EAE765464FEA580882468B460A220023CF
:1044F00050465946FCF76CFCD4B20A2200235046C1
:104500005946FCF765FC05F1FF3C303405F8014CD9
:10451000BBF1000F08BFBAF10A0F08D318F0010F62
:10452000DFD0202305F8023C0136023DDAE73246AF
:104530004E46DDF83490244B9C5C019BA3EB0C0BA6
:104540000C9B23B19B4504D99B4649461BE0494639
:1045500019E0494617E017F0010F04D007F0FE07F5
:104560009C462E2215E017F0020F06D09CF8012081
:104570000BF1FF3B0CF1020C0BE09C4609E0BBF198
:10458000010B10D01E46634613F8012B202AE2D0FF
:104590009C46334603F8012B17F0010FEFD1481E5C
:1045A00009B10146EBE72E2A00D01E4617F0040F92
:1045B00004D0202C02D0202306F8013B304600F81E
:1045C000014B03B0BDE8F08FF42F020830B583B083
:1045D0000D46092900D909251A4B53F82530BCEEA0
:1045E000C07AF8EE477A70EE677A06EE903AB8EE47
:1045F000660A20EE270AF6EE007A30EE270AFCEE75
:10460000C07A17EE904AA34205D8E41A17EE103A82
:10461000013307EE103A002301930A22009217EEAD
:10462000102AFFF701FF0DB903B030BD2E2300F8AB
:10463000013B01950A23009322460023FFF7F4FE75
:10464000F2E700BF0830020838B50C46DFED2F7ADC
:10465000B4EEE70AF1EE10FA08DCF7EE007AB4EEF9
:10466000E70AF1EE10FA26D4002513E0284B1A7859
:1046700062B1DFED267AB4EEE70AF1EE10FA05DD5D
:10468000DFED227A80EE270A0133F0E713F8015CB0
:1046900005B1013CFCEEC07A17EE903A632B26D9A7
:1046A000023C002C27DB2146FFF790FF34BB0DB105
:1046B00000F8015B38BD174B1A7862B1F7EE007A4B
:1046C000B4EEE70AF1EE10FA05D5DFED107A20EE30
:1046D000270A0133F0E7DFED107AB4EEE70AF1EED6
:1046E00010FA02DD13F8015CD2E70025D0E7092BB0
:1046F000D7D9013CD5E70024D5E7013810F8013CB3
:10470000302BFAD02E2BD2D10138D0E700007A44DA
:10471000F52F0208303002086F12833AB5EE400AD6
:10472000F1EE10FA0ED030B40024F2EE047AB4EEBA
:10473000E70AF1EE10FA0ED5F2EE047A20EE270A1F
:10474000013CF2E7302300F8013B7047F2EE047AB7
:1047500080EE270A0134F2EE047AB4EEE70AF1EEB5
:1047600010FAF3DCFDEEC07A17EE903A30330246D1
:1047700002F8023BF2EE047A20EE270A2E23437061
:10478000C1B14D1EC1B1FDEEC07A17EE901A1A48A4
:1047900080FB0130CB17C3EBA00303EB830358006E
:1047A0000B1A303302F8013BF2EE047A20EE270AAE
:1047B0002946E6E70621E4E765231370002C15DBA4
:1047C000911C2B2353700C4A82FB0432E317C3EB7A
:1047D000A20303F13002084600F8022B03EB830327
:1047E0005A00A21A30324A7030BC7047911C2D23F7
:1047F00053706442E7E700BF676666660389012B72
:1048000006D943685A1C426019700389013B038131
:10481000002070472DE9F04F8DB081460C46039281
:104820004FF000082023029316E2002602E046F033
:104830000206013423782D2BF9D02B2B08D0302BF6
:1048400009D0202B0AD0622B0BD146F08006F0E76E
:1048500046F00406EDE746F01006EAE746F02006CB
:10486000E7E7002503E005EB85056A00D51814F895
:10487000017BA7F13003DBB2092BF4D92A2F04D135
:10488000039B1A1D03921B78EDE72E2F0FD046F0E5
:1048900040064FF0000A6C2F20D04C2F1ED0A7F1FD
:1048A0004103DBB2192B1FD846F001061CE04FF084
:1048B000000A05E00AEB8A0A4FEA4A0202EB030A01
:1048C00014F8017BA7F13003DBB2092BF2D92A2FB0
:1048D000E1D1039B1A1D03921B78EBE746F001061A
:1048E00023780BB101341F46A7F14403342B00F2A7
:1048F0006E81DFE813F063006C01D2006C016C0183
:1049000063006C016C016C016C016C0135006C0181
:10491000AC006C016C016C013F016C016C01410148
:104920006C016C016C016C016C016C016C016C011F
:104930006C016C0137006300D200D2006C016C0185
:1049400063006C016C016C016C016C0135006C0141
:10495000AC006C0146006C013F016C016C0141012F
:1049600008220AE126F01006039B1A1D03921B7809
:10497000002B00F032818DF8103004AF0DF1110BD7
:1049800013E126F01002039B191D03911F6827B144
:1049900016F0400F0FD1BB4603E0B84FF8E70BF11C
:1049A000010B9BF80030002B00F01A81BAF1010ACC
:1049B000F5D51646F9E047F6FF7AECE716F0010F59
:1049C00019D0039B073323F0070303F10802039276
:1049D000D3E90023CDE90A23DDE90A23002A73F194
:1049E000000310DB16F0040F26D02B238DF81030B7
:1049F0000DF1110015E0039B1A1D03921A68D317DD
:104A0000CDE90A23E8E746F008062D238DF810309B
:104A1000DDE90A23524263EB4303CDE90A230DF19A
:104A20001100002301930A230093DDE90A23FFF715
:104A3000FBFC834604AFB8E016F0200F05D020231E
:104A40008DF810300DF11100EBE704A8E9E716F03E
:104A5000010F1AD0039B073323F0070303F1080269
:104A60000392D3E90023CDE90A2316F0400F01D0C9
:104A70004FF00F0ACDF804A00095DDE90A2304A841
:104A8000FFF70EFD834604AF8FE0039B1A1D0392D0
:104A90001A680023CDE90A23E7E716F0800F14D047
:104AA000039B1A1D03921B680A93DDED0A7AF5EE4B
:104AB000C07AF1EE10FA15D416F0040F2ED02B2385
:104AC0008DF810300DF1110019E0039B073323F02E
:104AD000070303F108020392D3E90001FBF7CAFFC1
:104AE0000A90E2E746F008062D238DF81030DDED40
:104AF0000A7AF1EE677ACDED0A7A0DF111009DED9B
:104B00000A7ADFED5F7AB4EE677AF1EE10FA10D12F
:104B1000834619230BF8013B04AF46E016F0200F43
:104B200005D020238DF810300DF11100E7E704A81F
:104B3000E5E7462F0CD0652F12D09DED0A0A16F03E
:104B4000400F15D15146FFF741FD834604AF2CE0DD
:104B50009DED0A0A5146FFF777FD834604AF24E036
:104B60009DED0A0A5146FFF7D9FD834604AF1CE0CC
:104B70000921E8E70A2200E0102216F0010F1ED0FA
:104B8000039B073323F0070303F108010391D3E9E3
:104B90000001CDE90A01002301930092DDE90A2317
:104BA00004A8FFF741FC834604AFABEB0703ED1A03
:104BB00018D416F0100F29D03023029313E0039B72
:104BC000191D039118680021CDE90A01E3E78DF86A
:104BD000107004AF0DF1110BE7E704AFBB46E4E73B
:104BE0001646E2E7002516F0020F27D116F02C0F2B
:104BF00018D016F0100F15D0D9F800309B6817F8B0
:104C0000011B4846984708F101080BE02023029356
:104C1000E9E7D9F800309B6802994846984708F1BF
:104C20000108013D002DF4D108E0D9F800309B685F
:104C300017F8011B4846984708F10108BB45F4D80E
:104C400008E0D9F800309B6802994846984708F177
:104C50000108013D002DF4D114F8011B51B12529A3
:104C60003FF4E3ADD9F800309B684846984708F117
:104C70000108F1E740460DB0BDE8F08F00300208B2
:104C80000000807F024B036042600181704700BFDB
:104C90003C3002080CB410B584B00C1E11DD024685
:104CA00021466846FFF7EEFF07AA03920699684679
:104CB000FFF7B0FD019B00221A70844202DC601EE7
:104CC00000E0002004B0BDE8104002B070470000D2
:104CD00000207047002070470239C369023B8B42B5
:104CE00004D9036B408901FB0030704700207047F6
:104CF0004B8B0278032A01D0184670478A8A43EA10
:104D00000243F9E74A830378032B00D07047120C63
:104D10008A82FBE74B8B53BB70B40A7822F04002C7
:104D2000013A02EB420302EB83020125002304E077
:104D30004FF6FF76B4421ED101330C2B0BD8124C28
:104D4000E45C0C5B002DF3D0202A12D820F812402E
:104D500025460132F0E70B7813F0400F0DD07DB1FE
:104D6000202A0FD8002320F81230012006E000206E
:104D70007047002002E0002000E0012070BC704776
:104D80000120FBE70020F9E7CC30020870B44B7338
:104D90000F23CB7200230B734B83551E05EB450489
:104DA00005EB84051C4602E001330C2B0ED84FF6B0
:104DB000FF76B44202D030F815400135094EF65C5A
:104DC0008C53002CF0D14FF6FF74EDE74FF6FF73D4
:104DD0009C4202D030F815300BB942F040020A7004
:104DE00070BC7047CC3002080B210022D30143EA8B
:104DF000520310F8012B52FA83F3DAB20139F5D1DC
:104E00001046704730B40546417801314901002011
:104E1000034607E0420802EBC032EC5C14FA82F26F
:104E200090B201338B4203D2022BF3D10133F8E766
:104E300030BC704703695B6B8B600369D3E90E2359
:104E4000C1E90423036993F8213003F00203CB7115
:104E50000023CB61704700BF03685A1C02601878BA
:104E6000A0F16103192B00D820387F2802D980389F
:104E7000014B185C704700BF4C3002082DE9F0432D
:104E800085B0804601911446994614F0FF0706D07C
:104E900001A8FFF7E1FF002841D0013CF5E798F8B1
:104EA000003003BBFCB101203AE0B9F1000F3AD069
:104EB0003A46039B581C039019783F292BD042F4A3
:104EC00080725B783F2BF4D02A2BF2D009F1FF33AC
:104ED0000299FFF7D3FF40BB029B1E7801A8FFF7A2
:104EE000BBFF24B3CEB1CDF80C80019B0293039B92
:104EF0001B783F2BD9D02A2BD7D003A8FFF7ACFFC4
:104F0000054602A8FFF7A8FF06468542E6D1002D18
:104F1000EDD1012004E00132D3E7002000E00020C1
:104F200005B0BDE8F0830020FAE70120F8E7002093
:104F3000F6E700BF10B4046834B321460B4613F8FB
:104F4000012B1F2A02D919463A2AF7D13A2A04D04E
:104F5000002210465DF8044B70472278A2F1300120
:104F6000C9B209290DD802349C4202D04FF0FF3259
:104F7000EFE7303A002A02DD4FF0FF32E9E7036045
:104F8000E7E74FF0FF32E4E74FF0FF32E1E700BF21
:104F900038B50D46A8B104460368ABB11A78AAB17A
:104FA0008188DA88914203D0092000232B6038BD24
:104FB00058781BF06BFA10F0010F0AD1236800201B
:104FC000F4E709200023F1E70920EFE70920002397
:104FD000ECE709200023E9E738B5C3780BB90020D6
:104FE00038BD044600F13C050123826B2946407818
:104FF0001BF098FAA0B90023E370A16BA36ACB1A47
:10500000226A93420ED2A378022B01D00020E7E758
:1050100001230A44294660781BF084FA0020DFE768
:105020000120DDE70020DBE770B5836B8B4202D106
:105030000026304670BD04460D46FFF7CDFF0646FC
:105040000028F6D101232A4604F13C0160781BF0C8
:1050500025FA10B101264FF0FF35A563E9E700BF3F
:1050600038B504460023C3704FF0FF338363FFF766
:10507000DBFF002858D1B4F83A524AF655239D4236
:105080000DD094F83C30EB2B13D0E92B11D0E82B4A
:105090000FD04AF655239D4244D0032038BD0B2241
:1050A000224904F13C001DF0CDFD0028E9D101208A
:1050B000F4E74AF655239D422AD0B4F8473094F8D5
:1050C00049105A1E1342E4D1B3F5007FE1D3E0D872
:1050D0000029DED04B1E1942DBD1B4F84A30002B38
:1050E000D7D094F84C30013B012BD2D8B4F84D30D6
:1050F000002BCED0B4F84F307F2B03D8E36DB3F53F
:10510000803FC6D3B4F85230002BC2D00020C5E790
:105110000822074904F18E001DF094FD0028CCD12F
:105120000020BBE70220B9E70420B7E7DC30020823
:10513000E830020870B584B006460D460021FFF73E
:105140008FFF022814D029D845B300230BE006F1C5
:105150003C011A0102F5E372895804AA02EB8302AA
:1051600042F8101C0133032BF1D91DB16C1E0CE069
:105170000023F8E72C4608E03046FFF771FF6DB9D1
:1051800001280BD90134032C08D804AB03EB8403AA
:1051900053F8101C0029EFD10320F0E704B070BDD4
:1051A0002DE9F8430F46164600230B60FFF7C2FEB9
:1051B000051EC0F29D81B54B53F82540002C00F030
:1051C0009A813C6006F0FE06237873B160781BF08C
:1051D0005DF910F0010F08D1002E00F08E8110F063
:1051E000040F40F08C81002083E100232370E8B29B
:1051F00060701BF09DF810F0010F40F082811EB12D
:1052000010F0040F40F07F8100212046FFF792FF4D
:10521000042800F07A81012800F27981A16B52D034
:10522000B4F84730B3F5007F40F08B81B4F85200FA
:1052300000B9206E206294F84C20A270531EDBB29D
:10524000012B00F2808100FB02F294F84930638167
:10525000002B00F07A815D1E2B4240F07881B4F87B
:105260004DE0A4F808E01EF00F0F40F07281B4F892
:105270004F5005B9E56DB4F84A80B8F1000F00F061
:105280006A8108EB020C0CEB1E1C6545C0F06581C1
:10529000A5EB0C05B5FBF3F79D42C0F060817C4B9C
:1052A0009F4240F2AE8000264FF6F5739F4200D831
:1052B000022640F6F5739F4240F2A580002E40F092
:1052C000A3800D2015E10B233F2B05D8E21892F89F
:1052D0003C200AB90133F7E73F2B40F21A81B4F8BA
:1052E000A430B3F5807F40F0168194F8A830092BE4
:1052F00040F01381D4E9216716EB010847F100095A
:10530000B9F1010F08BFB8F1000F80F00881D4F89F
:105310009030236294F8AA30A370012B40F00181F1
:1053200094F8A92093409BB26381002B00F0FB808E
:10533000D4F898205748824200F2F780901CE06130
:105340006162D4F8940008442063D4F88C50294456
:10535000A16202FB03F20026121846F100039945F0
:1053600008BF9045C0F0E380D4F89C30E36200258C
:105370002E4608E00136631993F83C30812B14D097
:105380002035C5F30805002DF5D16389B34240F2FD
:10539000D080E16A2046FFF79FFC81192046FFF785
:1053A00043FE0028E6D00120A3E004F13C061435BA
:1053B0007559012D40F2BF80E369AB4240F2BD80D8
:1053C000226B6389A91E01FB03236363A16A01EBBE
:1053D000D5112046FFF728FE002840F0B08005F0E8
:1053E0007F0356F82330B3F1FF3F04D00135AB42C1
:1053F000ECD00D207DE04FF0FF33A3616361042604
:1054000029E0032650E701260237E761616208EBD5
:105410000103A36201EB0C052563032E28D0BEF126
:10542000000F00F0A2801A44E262022E2BD007EB9C
:10543000470207F0010303EB520303F2FF13B0EB43
:10544000532FC0F094804FF0FF33A361636180233A
:105450002371032E26D026700F4A138801339BB286
:105460001380E3800D4BE3600D4B2361002040E08F
:10547000B4F86630002B74D1BEF1000F73D1A36E67
:10548000E362BB00D9E77B00D7E700BF9C1900208F
:10549000F5FFFF0FFDFFFF7FA0190020A4190020DA
:1054A000FC180020B4F86C30012BD4D10131204617
:1054B000FFF7BAFD0028CED100232371B4F83A22B9
:1054C0004AF655239A42C6D1E26B2A4B9A42C2D180
:1054D000D4F8202203F1FF5303F5005320339A42FE
:1054E000B9D1D4F82432A361D4F828326361B2E789
:1054F0000B20BDE8F8830C20FBE70020F9E70A2029
:10550000F7E70320F5E70A20F3E70120F1E70D2094
:10551000EFE70D20EDE70D20EBE70D20E9E70D208B
:10552000E7E70D20E5E70D20E3E70D20E1E70D209B
:10553000DFE70D20DDE70D20DBE70D20D9E70120B7
:10554000D7E70D20D5E70D20D3E70D20D1E70D20BB
:10555000CFE70D20CDE70D20CBE70D20C9E70D20CB
:10556000C7E70D20C5E70D20C3E70D20C1E70D20DB
:10557000BFE700BF525261412DE9F843054691460D
:105580008F1EC369023BBB4200D80027B8463C4689
:105590000026696B01EB14312846FFF745FD40BB3F
:1055A000C4F3C80004F0070201239340DBB209E012
:1055B000A0460026A7421FD023B90130B0F5007FD6
:1055C000E7D201232A1892F83C201A405B00DBB294
:1055D0000134E9690239A14203D800244FF4007074
:1055E0002346002AE4D101364E45E3D108F10200FA
:1055F00003E04FF0FF3000E00020BDE8F88300BF7B
:105600002DE9F8430646174698468C1E416B01EB80
:105610001431C4F3C80504F00704012303FA04F4A9
:10562000E4B201F101093046FFF7FEFC014610B17A
:1056300001211EE00124731993F83C30234214BF6A
:1056400001220022424513D07219634082F83C3097
:105650000123F370013F0CD09C4014F0FF04EAD109
:105660001D441C46B5F5007FE4D349460025D8E724
:1056700002210846BDE8F8832DE9F843012979D9CC
:1056800005460C461646C3698B4277D90378013B21
:10569000032B75D8DFE803F00240505001EB5107AF
:1056A000816A01EB5721FFF7BFFC0346002862D156
:1056B00005F13C0907F10108C7F3080714F00104DC
:1056C0001FD019F9073003F00F03320102F47F6293
:1056D0001343DBB209F807300123EB70A96A01EB31
:1056E00058212846FFF7A0FC0346002843D1C8F301
:1056F000080844B1C6F3071609F808600122EA70E9
:1057000039E0F3B2E6E719F9082022F00F02C6F3F8
:1057100003261643F6B2EFE7816A01EB1421FFF787
:1057200083FC034638BB05F13C02640004F4FF74BB
:1057300016530122EA701EE0816A01EBD411FFF7D3
:1057400073FC0346B8B92A78042A0AD026F07046BA
:1057500005F13C01A20002F4FE728A5802F0704288
:10576000164305F13C02A40004F4FE741651012214
:10577000EA7000E002231846BDE8F8830223FAE746
:105780000223F8E770B504460D46164607E0324698
:10579000FFF772FF034658B9E369013BE361E36930
:1057A00033B12068EA1A511C012BF0D90232EFE71D
:1057B000184670BDC379032B02D0002318467047EA
:1057C00070B50646816884694CB14D1C2A46306824
:1057D000FFF752FF034620B9013C2946F4E70023B6
:1057E000F371184670BD00BFF8B50568012940F295
:1057F0009380EB698B4240F291800C462B78013B01
:10580000032B00F28D80DFE803F0022B3A4B01EB13
:105810005106A96A01EB56212846FFF705FC10B195
:105820004FF0FF3079E0771CC6F308062E4496F857
:105830003C60A96A01EB57212846FFF7F5FB0028D9
:1058400070D1C7F308022A4492F83C0046EA0020CF
:1058500014F0010F01D000095FE0C0F30B005CE021
:10586000A96A01EB14212846FFF7DEFB00285CD172
:1058700005F13C02600000F4FF70105A4DE0A96A87
:1058800001EBD4112846FFF7CFFB002850D105F1DA
:105890003C02A00000F4FE70105820F070403CE084
:1058A000D0E9046756EA070301D0836813B9C379C6
:1058B000002B40D18368E21A16F1FF3347F1FF3124
:1058C0005B0A43EAC1536989B3FBF1F3C179022949
:1058D00008D003290BD0022932D0C36963B16FF01D
:1058E00000401AE09A42F4D827D0601C15E0836982
:1058F0009342F0D9601C10E0A96A01EBD41128464C
:10590000FFF792FBF0B905F13C02A30003F4FE732C
:10591000D05820F0004000E00120F8BD0120FCE755
:105920000120FAE74FF0FF30F7E74FF0FF30F4E7E0
:105930004FF0FF30F1E70120EFE76FF00040ECE7B8
:105940000120EAE74FF0FF30E7E700BF2DE9F04123
:1059500006460D4607683B78042B24D04FF400130D
:10596000AB4241D915F01F0F40D13563B4682CB953
:105970003B78022B02D9FC6A0023F371B4B93B894E
:10598000B3EB551F34D9FB6AB3637463B36BABB32A
:1059900003EB5523B3633C37C5F308053D44F5637A
:1059A0000020BDE8F0814FF08053D9E7B7F80A80B6
:1059B0004FEA482801E0A5EB080545450ED32146EE
:1059C0003046FFF711FF0446B0F1FF3F12D0012827
:1059D00012D9FB698342EED80220E2E7214638461D
:1059E000FFF77AF9B063D0E70220DAE70220D8E7C0
:1059F0000220D6E70120D4E70220D2E70220D0E738
:105A00002DE9F84380460768894631B97E69A6B119
:105A1000FB69B34212D8012610E0FFF7E5FE054608
:105A2000012840F2C680B0F1FF3F00F0C380FB695F
:105A3000834200F2BF804E4600E00126BD69002D82
:105A400000F0B8803B78042B03D04E4555D0344647
:105A500095E0012231463846FFF78EFD0546431E8C
:105A600013F1030F00F2A68001231A4601463846BF
:105A7000FFF7C6FD0346022800F09F80012800F0D2
:105A80009E80B9F1000F1ED1022288F8072098F8F5
:105A90000720022A00F0828009F10102AA4222D0E6
:105AA000D8F81C3013B90123C8F81C302A464946DF
:105AB0004046FFF767FE0346002871D10122C8F86F
:105AC0001C202C463EE098F80720022ADFD1721CE9
:105AD000AA42DCD0D8F80820B21AC8F8182003224D
:105AE00088F80720D3E7D8F81C2022B10132C8F883
:105AF0001C202C4626E00222F9E7741CFB69A34215
:105B000000D8022421464046FFF76EFE05460128D4
:105B100050D0B0F1FF3F4DD038B17B69012B96D901
:105B2000FA699A4293D91E4691E7002C8FD04FF024
:105B3000FF3221463846FFF79FFD034610B9B9F101
:105B4000000F24D173BB7C61BA69FB69023B9A42A6
:105B500001D8013ABA613B7943F001033B71254614
:105B600028E021464046FFF73FFE05460028DED0EC
:105B700001281FD0B0F1FF3F1CD0B44224D0013423
:105B8000FB69A342EDD8012E1CD90224E9E7224685
:105B900049463846FFF770FD0346D3E72C46D1E768
:105BA0002C46CFE7012B01D0012503E04FF0FF3554
:105BB00000E001252846BDE8F8830125FAE74FF00B
:105BC000FF35F7E70025F5E70025F3E72DE9F84372
:105BD0000468012940F2878007460E469146E36932
:105BE0008B4240F2828072B12378042B02D1C379B8
:105BF000022B08D04FF0FF3249462046FFF73CFD0C
:105C00000346002872D1B04612E0002231462046F9
:105C1000FFF732FD0346C8B168E0731CAB4203D006
:105C20002378042B1ED0A846E3692E46AB4225D923
:105C300031463846FFF7D8FD0546F8B1012858D05F
:105C4000B0F1FF3F57D02378042BDED1A269E3697E
:105C5000023B9A42E1D20132A261237943F001036F
:105C60002371DAE7A6EB0802002301324146204601
:105C7000FFF7C6FC0346C8BBA846D5E72378042B2C
:105C800001D0002332E0B9F1000F02D10023FB71F3
:105C90002CE0FB79C3B9BC684C450DD02146384691
:105CA000FFF7A2FD012828D9B0F1FF3F27D0631CE0
:105CB000834201D11C46EFE74C4501D0002315E09B
:105CC0000223FB71002311E0032B01D000230DE020
:105CD000BB684B4515D8BA6913444B4513D302230F
:105CE000FB71002302E0022300E002231846BDE816
:105CF000F8830223FAE70123F8E70223F6E70123FA
:105D0000F4E70023F2E70023F0E700BFF8B505460B
:105D10000C46FFF761F908B10120F8BD214628467D
:105D2000FEF7DAFF0746A86305F13C064FF4007260
:105D3000002130461CF0A2FF002400E001346B89F2
:105D4000A34207D90123E219314668781AF0EAFB29
:105D50000028F3D06889001B18BF0120DDE700BFD1
:105D60002DE9F8430568066B20362B78042B1DD0EF
:105D70004FF40013B34201D800238363836B002BDD
:105D80004ED088460446C6F308073FB90133836303
:105D9000416B91B92B89B3EB561F0AD9266305F1E4
:105DA0003C033B44E3630020BDE8F8834FF080539D
:105DB000E0E7002383630420F6E76B89013B13EAE5
:105DC0005623EBD1FFF710FD814601282AD9B0F107
:105DD000FF3F29D0EB69834216D8B8F1000F1BD0E2
:105DE000616B2046FFF70CFE8146F8B101281FD0F9
:105DF000B0F1FF3F1ED001462846FFF787FFD8B914
:105E0000E37943F00403E371C4F83490494628462B
:105E1000FEF762FFA063C1E70023A3630420C3E78A
:105E20000420C1E70220BFE70120BDE70720BBE750
:105E30000220B9E70120B7E70120B5E7F8B504462D
:105E40000F4606680021FFF781FD024630BB0025A2
:105E50000EE0E36B93F90030DB43DB0FE3B1013578
:105E6000BD421BD001212046FFF77AFF0246A8B9A8
:105E7000A16B3046FFF7D8F8024678B93378042B87
:105E8000E7D0E36B1B78E52B02D01BB90123E5E7D4
:105E90000123E3E70023E1E70025E3E7042A01D03B
:105EA0001046F8BD0722FBE770B504460568066B8F
:105EB000C16CB1F1FF3F12D0FFF748FD0346F8B9BE
:105EC0000DE0E26BE52111700122EA70226BB24213
:105ED00014D200212046FFF743FF034670B9A16B9F
:105EE0002846FFF7A1F8034640B92A78042AE8D1EA
:105EF000E16B0A7802F07F020A70E5E7042B01D01B
:105F0000184670BD0223FBE738B50D46144640F233
:105F1000623101F073FCFF2809D9012C01D800205F
:105F200038BDC0F307232B7068700220F8E718B162
:105F300024B128700120F3E70020F1E72046EFE7C5
:105F40002DE9F843D0F8009000238B76836B002B6B
:105F500000F0CE800C46054699F80030042B31D075
:105F6000C36CB3F1FF3F00F086804FF00008464657
:105F7000474667E006F118012144C6F120020231CC
:105F800040EA0840FFF7C0FF40B306444FF0000866
:105F9000D9F8103093F82320BA4219D99F2D16D87A
:105FA00015F01F0F00D10235585B02350137B8F1EB
:105FB000000FDFD100F520539BB2B3F5006FD9D2AB
:105FC0008046E5E70027B8463E464025E0E7002644
:105FD000B8F1000F04D126B1334606E00646F7E7D4
:105FE0000026731C26443F22B276234400229A7670
:105FF0006273D9F810301B7903F03703237313F061
:10600000100F0ED1D9F81030D3E90E23C4E90023C4
:10601000D9F810309B896381D9F81030DB8923814E
:1060200066E000220023F1E706F118012144C6F1E1
:106030002002023140EA0840FFF766FF98B10644AB
:106040004FF00008D9F80C3033F8170060B1013771
:10605000B8F1000FE8D100F520539BB2B3F5006F03
:10606000E2D28046EEE70646B8F1000F00D00026E7
:1060700026440023B3760022134605E009290ED0FA
:10608000A018437301320B460A2B0FD8E86B591C3A
:10609000C35C202BF7D0052BF0D1E523EEE70B2ACC
:1060A000EED8A0182E2646730132E9E7A318002186
:1060B0005973A37E63B9002A34D1511C22443F2373
:1060C0009376214400238B76EB6B1B7B03B96373C0
:1060D000EB6BDB7A03F03F032373EB6BDB6923602D
:1060E00000236360EB6BDB8A6381EB6B1B8B23818B
:1060F000BDE8F883102009E0621893760131631837
:106100005B7B002BDDD09BB22E2BF3D0A3F14102A1
:1061100092B2192AF0D8EA6B127B0242ECD02033FB
:106120009BB2E9E708200021E9E700BFF8B5074680
:106130000668354615F8010B84B2FEF7C9FD40B17B
:10614000B51C76783046FEF7C5FD88B106EB042411
:10615000A4B214B920463D60F8BD40F26231204639
:1061600001F06CFB04460028F4D14FF0FF30F3E758
:106170004FF0FF30F0E700BF2DE9F04F85B08046CB
:1061800089460B6803930368DD68002405E01F2C33
:1061900000F20F8125F81460013403A8FFF7C6FF51
:1061A000B0F1FF3F00F00381B0F5803F03D3030C53
:1061B00025F81430013486B21F2E0DD92F2E0BD0A6
:1061C0005C2E09D07F2EE2D831467C481CF05EFD63
:1061D0000028DCD0062096E01F2E06D80427039B5B
:1061E000C9F800300EE001330393039B1A782F2A7D
:1061F000F9D05C2AF7D01F2A01D90027EFE704273E
:10620000EDE7013C44B104F10043013B35F81330A4
:10621000202BF6D02E2BF4D0002325F81430002CA0
:1062200000F0C98035F81320202A01D10133F9E7A5
:106230000BB92E2A01D147F0030744B104F1004203
:10624000013A35F812202E2A01D0013CF5E74FF033
:106250002031C8F84010C8F84410C8F847104FF073
:10626000080B00220192924603F1010935F81360F0
:1062700046B3202E19D02E2E15D0019B5B4518D287
:106280004C4516D07F2E4ED8FF2E62D90BF1FF332E
:10629000019A934257D901994B1CC6F307224144F6
:1062A00081F840205FE04C45E7D047F003074B46BC
:1062B000DAE7BBF10B0F29D04C4501D047F00307BB
:1062C0004C4526D298F84030E52B67D0BBF1080F3B
:1062D00068D00AF00C030C2B03D00AF00303032B45
:1062E00001D147F0020717F0020F09D11AF0010F90
:1062F00001D047F010071AF0040F01D047F008074B
:1063000088F84B70002005B0BDE8F08F47F0030718
:10631000D8E74FEA8A0A5FFA8AFA23464FF00B0B56
:1063200008220192A0E747F0020740F262313046AE
:1063300001F064FA064610F0800FA5D000F07F0649
:106340001F4B9E5DA0E747F003074B46CDF804B016
:106350008AE726B131461B481CF098FC50B147F043
:106360000307019B5F265A1C0192434483F8406057
:106370004B4679E7A6F141039BB2192B01D84AF0AD
:10638000020AA6F161039BB2192B05D84AF0010A53
:10639000203EB6B2019BE6E7019BE4E7052388F8BF
:1063A000403093E74FEA8A0A5FFA8AFA91E70620BB
:1063B000A9E70620A7E70620A5E700BFF4300208FA
:1063C0004C3002080031020838B50546002435F883
:1063D000020B88B101F048FA80B2630803EBC434C1
:1063E000C3B213FA84F4A3B25C0804EBC334000A0A
:1063F00010FA84F4A4B2EAE7204638BDF8B50546A1
:106400000E464024224600211CF038FC85232B70C8
:10641000C02385F82030012300210F46224613E0D7
:10642000AB52023212F01F0F08D0002BF8D036F812
:106430001130002BF4D00131C9B2F1E7781CC0B2A1
:1064400036F811403CB10746501CC124AC5400241E
:106450002C540232E9E785F8231002376F7030467A
:10646000FFF7B2FFA884F8BD4B8BBBBB2DE9F0470B
:106470000F4680460D7805F03F05013D05EB4503CD
:1064800005EB83050122002406E000202BE04FF6F7
:10649000FF739E4224D101340C2C15D8154B1B5D83
:1064A000FE5A002AF3D0202DEFD8304601F0DCF957
:1064B000814605F1010A38F8150001F0D5F981454A
:1064C000E3D132465546E6E73B7813F0400F09D05A
:1064D0005AB138F8153053B9012004E00020704754
:1064E000002000E00120BDE8F0870120FBE700204C
:1064F000F9E700BFCC3002082DE9F04104460068FE
:106500000569A16BFEF790FD064620B9E36B1A788A
:10651000852A03D002263046BDE8F0811E685868FF
:106520009968DA682E606860A960EA601E69586937
:106530009969DA692E616861A961EA616F7801374A
:106540007F01A7F16003B3F5007F7DD800212046CD
:10655000FFF706FC064604280ED00028DBD1A16B0D
:106560002068FEF761FD06460028D4D1E36B1A7857
:10657000C02A03D00226CEE70226CCE7D3F800C01B
:106580005E689868D968C5F820C06E62A862E96242
:10659000D3F810C05E699869D969C5F830C06E63D8
:1065A000A863E96395F823302C332A4AA2FB03231E
:1065B000DB08B7EB431F49D34FF0400805E0022644
:1065C000A9E708F12008474531D900212046FFF707
:1065D000C7FB06460428F2D000289CD1A16B206896
:1065E000FEF722FD0646002895D1E36B1A78C12AF2
:1065F0002ED1B8F19F0FE4D805EB0802D3F800E0E4
:10660000D3F804C09868D96845F808E0C2F804C017
:106610009060D160D3F810E0D3F814C09869D969BC
:10662000C2F810E0C2F814C09061D161C9E7B8F1B6
:10663000A00F3FF670AF2846FEF7E4FB6B88984248
:106640003FF469AF022666E7022664E7022662E7A6
:10665000022660E7898888882DE9F8430446884641
:1066600006684FF0FF094F46042508E0852B28D027
:1066700000212046FFF774FB054600285BD1A16B83
:10668000002958D03046FEF7CFFC0546002852D1ED
:10669000E16B0B78002B4DD03278042AE6D0CA7A11
:1066A00002F03F02A271E52B3ED02E2B3ED022F00D
:1066B0002000082814BF0020012040450ED0FF27ED
:1066C000D6E7236BE3642046FFF716FF054690BB31
:1066D00033691B7903F03F03A3712CE00F2A19D112
:1066E00013F0400F06D091F80D9003F0BF03226B1A
:1066F000E2641F46BB4201D0FF27B9E74B7B4B4505
:1067000001D0FF27B4E7F068FEF704FB80B1013F3A
:10671000FFB2ADE727B90846FEF766FB48450AD049
:106720004FF0FF33E36406E0FF27A1E7FF279FE771
:10673000FF279DE704250DB10023A3632846BDE88C
:10674000F88300BF2DE9F84F044607680021FFF7E2
:10675000FDF80646002840F0A9803B78042B06D0BF
:106760004FF0FF33E3644FF0FF09C84644E0F86898
:10677000FFF72AFE83461FE03B6933F8080001F06B
:1067800073F88246FB6833F8190001F06DF8824512
:106790000CD1013DEDB208F1020809F101092DB15A
:1067A00018F01F0FE8D108F10208E5E725B9FB68EA
:1067B00033F81930002B79D000212046FFF74CFF29
:1067C0000646002872D13B6993F82350202DF3D858
:1067D0009B8C5B45F0D14FF000094FF04008DEE79D
:1067E0004FF0FF33E3644FF0FF0800212046FFF72E
:1067F000B7FA0646002859D1A16B3846FEF714FCBB
:106800000646002852D1E56B2B78002B4DD0E97A53
:1068100001F03F02A271E52BE2D011F0080F01D088
:106820000F2ADDD10F2A19D0B8F1000F04D1284664
:10683000FEF7DAFA484539D094F84B3013F0010FDF
:1068400006D10B2204F1400128461CF0FBF968B385
:106850004FF0FF33E3644FF0FF08C6E794F84B2096
:1068600012F0400FC1D113F0400F06D095F80D90F3
:1068700003F0BF03226BE2649846434502D04FF019
:10688000FF08B2E76B7B4B4502D04FF0FF08ACE747
:106890002946F868FFF7E8FD20B108F1FF385FFAF4
:1068A00088F8A2E74FF0FF089FE704263046BDE8CE
:1068B000F88F00BF30B583B004460191056801E050
:1068C00001330193019B1A782F2AF9D05C2AF7D063
:1068D0000022A260E2611B781F2B1FD8802384F85E
:1068E0004B3011462046FFF731F80346184603B0F7
:1068F00030BD0428FAD112F0040FF7D10523F5E7D3
:10690000A3682362236923F0FF03E27913436362E0
:10691000E36CA36221462846FEF78CFA01A92046C3
:10692000FFF72AFC03460028E0D12046FFF70AFFC4
:1069300094F84B2003460028DBD112F0040FD5D188
:10694000A37913F0100F0DD02B78042BD8D005F1BC
:106950003C01236BC3F3080319442846FEF7C8F92A
:10696000A060DBE70523C1E710B504460B680360B0
:106970000B6A836091F82430C3714B6A23F0FF03E4
:10698000002203614261C261896AC164FEF7DEFFD1
:10699000034608B1184610BD2046FFF7ADFD03467B
:1069A000F8E700BFF0B583B006460C68486834606D
:1069B00070600889897A3081B172052B11D8072758
:1069C0001FE001300F280CD801F0010404EB430351
:1069D000490813F4803FF4D083F4883383F0210313
:1069E000EFE711880029EAD002320020EAE702A985
:1069F000394401F8082C7D1E0DD00F2B0BD92F46E2
:106A0000034603F00F0101F130021809392AEED9CB
:106A100001F13702EBE77E2202AB2B4403F8082C8E
:106A2000002400E00134AC4211D2305D20280ED0A9
:106A3000FEF74EF90028F5D0BB1EA34207D0013463
:106A4000F0E72022631C3255072B08D81C46072D7F
:106A5000F7D802AB2B4413F8082C0135F2E703B04A
:106A6000F0BD00BF2DE9F041054603681C692046D2
:106A7000FEF7C8F9608094F8018008F10108E96C1C
:106A80002846FEF763FF8446BCF1000F23D1A96BB3
:106A90002868FEF7C9FA8446E8B9EB6B2768666890
:106AA000A168E2681F605E609960DA6027696669C4
:106AB000A169E2691F615E619961DA612B68012257
:106AC000DA70B8F1010806D0203400212846FFF71B
:106AD00047F98446D8E7BCF1020F28BF4FF0020CFB
:106AE0005FFA8CF0BDE8F0812DE9F0499BB00668B3
:106AF00090F84B7017F0A00F40F0EC800024F36882
:106B000033F814300BB10134F9E705463378042B20
:106B10001ED017AB024652F8400F5168926807C367
:106B200017F0010F73D0402385F84B300127632FF6
:106B300064D83B46F26817A905F14000FFF732FF21
:106B40002846FFF7FFFD8046002857D10137EEE7C2
:106B50000E34644BA3FB0434E408A11CFFF76EF968
:106B60008046002869D12B6B04F100640134A3EB4B
:106B70004414EC64EB7913F0040F13D023F00403F6
:106B8000EB712846FEF716FE08B1804655E04FF03F
:106B9000FF32696B2846FEF7F5FD002840F09D8026
:106BA000AB6823B9F1683069FFF728FC45E0294656
:106BB0006846FFF7D9FE034608B198463DE0718963
:106BC0004902D5E9042312EB010B43F1000CC5E99E
:106BD00004BC3169C1E90EBC3169D5E90423C1E9BE
:106BE0000A23EB79326943F0010382F821306846C9
:106BF000FFF738FF03460028D4D0DEE7642F6ED0BD
:106C0000B8F1040F19D19DF8673085F84B309DF825
:106C1000673013F0020F14D00C34334BA3FB043451
:106C2000A408013421462846FFF708F9804608B930
:106C3000013C08D1B8F1000F2CD040461BB0BDE894
:106C4000F0890124EEE7296BA1EB44112846FEF7F9
:106C50007DFE80460028EDD105F14000FEF7C4F826
:106C60000746A96B3046FEF7DFF980460028E1D1E0
:106C70003B46E2B2E96BF068FEF788F80123F37057
:106C800000212846FFF76CF880460028D2D1013C4D
:106C9000E7D1CFE7A96B3046FEF7C6F9804600285A
:106CA000CBD120220021E86B1BF0E8FFEA6B2B46DA
:106CB00053F8400F59681060516019899B7A11810F
:106CC000937295F84B30EA6B03F0180313730123AA
:106CD000F370B2E74FF00608AFE78046ADE74FF03C
:106CE0000708AAE7898888884FECC44E70B5044627
:106CF000FEF772F9054648B92378032B08D0002225
:106D00001146607819F046FC00B10125284670BD97
:106D10002379012BF3D104F13C064FF400720021DA
:106D200030461BF0ABFF4AF65523A4F83A320D4B20
:106D3000E36303F1FF5303F500532033C4F820321B
:106D4000A369C4F824326369C4F82832626A013244
:106D5000A26301233146607819F0E4FB002323711C
:106D6000CDE700BF5252614110B584B0019000914F
:106D70001446039103A8FEF7DDF8002817DB0D4B3E
:106D800053F820300BB100221A70019B0BB1002286
:106D90001A70084B019A43F8202014B9002004B05F
:106DA00010BD002201A96846FEF7FAF9F7E70B20AB
:106DB000F5E700BF9C1900202DE9F04F9BB0019131
:106DC000002800F053810446164602F03F073A4679
:106DD00003A901A8FEF7E4F9054630B10DB100237F
:106DE000236028461BB0BDE8F08F039B04930199F4
:106DF00004A8FFF75FFD054618B99DF95B30002B2D
:106E000049DB16F01C0F00F09080002D4AD0042DB5
:106E100043D047F00807002D40F0968017F0080F88
:106E200000F09280039B1A78042A45D019F07CFA6E
:106E3000139BC3F80E00139BC3F81600039EDDF8E6
:106E40004C8041463046FDF753FF8146202388F8A9
:106E50000B30002213993046FDF754FF139B00229C
:106E6000DA61039B0122DA70B9F1000F6CD0039B49
:106E70009E6B0022494604A8FEF7A8FE054600289E
:106E800062D131460398FEF7CFF8054609F1FF338A
:106E9000039A536158E00625B3E704A8FFF724FEE0
:106EA0000546B6E79DF8163013F0110F4BD116F0DA
:106EB000040FB0D0082547E0236021460398FDF772
:106EC000B9FF039B18691E22002102301BF0D6FE79
:106ED000039908690023C0F82630C0F82A30C0F8AA
:106EE0002E30C0F83230C0F83630C0F83A30C387A0
:106EF0000B6920221A710D6919F016FAA860039B1C
:106F00001B69012283F8212004A8FFF7ABFD054689
:106F1000D0B9A168C1B100222046FEF757FE054650
:106F2000A368013B039A53610EE06DB99DF81630DA
:106F300013F0100F4DD116F0020F05D013F0010F12
:106F400002D007250BE007254DB917F0080F01D037
:106F500047F04007039B9B6BA364139BE364002DE6
:106F60007FF43CAF03980378042B34D0139E314652
:106F7000FDF7BEFEA060F369236100236361DDF8C5
:106F80000C80C4F80080B8F80630A38084F8307014
:106F9000002184F83110616400220023C4E90E232B
:106FA00004F1500A4FF4007250461BF067FE17F0D0
:106FB000200F3FF413AFD4E9046756EA07033FF408
:106FC0000DAFC4E90E67B8F80AB04FEA4B2BA168C1
:106FD00017E00425C3E7069B2362089B23F0FF0309
:106FE0009DF8172013436362179BA3622146FDF7A8
:106FF00021FFC4E7B1F1FF3F13D0B6EB080667EB02
:10700000090785B9D8464FF00009B94508BFB3450F
:1070100009D22046FEF7E8FB01460128EAD80225FE
:10702000E8E70125E9E72164002D7FF4D7AEC6F338
:107030000802002313433FF4D1AEDDF80C80404634
:10704000FDF74AFE024608B90225C8E6730A43EA7C
:10705000C7531A4462640123514698F8010019F09D
:107060001DFA00283FF4BAAE0125B8E60925B8E6B6
:107070002DE9F04F87B0044688461646994600230E
:10708000C9F80030039005A9FDF782FF029000289F
:1070900040F0B28094F831300293002B40F0AC8085
:1070A00094F8303013F0010F00F0C380226960695A
:1070B000A36BE16BB2EB030A60EB010B00239B4572
:1070C00008BFB24559D2564657E0216C0398FEF7E7
:1070D0008BFB6AE0022384F8313002938CE00123B9
:1070E00084F83130029387E0022384F83130029330
:1070F00082E094F93030002B01DB6D022FE0606CF0
:10710000A0EB0A00A842F8D24FF4007204F150013B
:1071100008EB40201BF0A4FDEFE7626C52450DD058
:1071200094F93030002B6BDB0123524604F15001FF
:107130000598407819F0B2F9002875D1C4F844A038
:10714000A36BC3F30803C3F50075AE4200D2354606
:1071500004F150012A46194440461BF081FD761B7C
:10716000D9F800302B44C9F80030A844D4E90E23E4
:10717000501943F10001C4E90E01002E3CD0D4E9BE
:107180000E23C2F30801009100210191DDE9000105
:107190000143D5D1570A47EAC357059949890139AF
:1071A0000F4008D1134390D1A068012892D9B0F1C3
:1071B000FF3F94D02064DDF814B0216C5846FDF7F1
:1071C0008BFD824600288FD0BA44750AB6F5007F41
:1071D000A3D37B19BBF80A20934200D9D51B2B46B9
:1071E000524641469BF8010019F058F9002880D01A
:1071F000012384F831300293029807B0BDE8F08F84
:10720000012304F150019BF8010019F08BF930B90A
:1072100094F8303003F07F0384F8303084E70123A2
:1072200084F831300293E7E7012384F83130029388
:10723000E2E707230293DFE72DE9F04F87B004462A
:107240008B4615469A460023CAF80030039005A9DC
:10725000FDF79EFE0290002840F0EE8094F8313059
:107260000293002B40F0E88094F8303013F0020FC6
:1072700000F0FC80059B1B78042B00F08A80A36B38
:10728000EB42C0F08680DD4383E000210398FEF7E7
:10729000B7FB9CE0216C0398FEF7B2FB97E002235A
:1072A00084F831300293C7E0012384F8313002932F
:1072B000C2E00123626C04F150010598407819F096
:1072C00031F930B994F8303003F07F0384F830306E
:1072D0008FE0012384F831300293ADE0022384F87B
:1072E00031300293A8E0616CC91B414502D34FEADB
:1072F000482830E04FF400720BEB412104F15000BC
:107300001BF0AEFC94F8303003F07F0384F830308B
:10731000EDE7636CBB4208D0D4E90E01D4E9042345
:10732000994208BF9042C0F08B806764A36BC3F39F
:107330000803C3F50078454500D2A84604F1500083
:107340004246594618441BF08BFC94F8303063F0E9
:107350007F0384F83030A5EB0805DAF800304344A9
:10736000CAF80030C344D4E90E2312EB080043F1FD
:10737000000102460B46C4E90E23D4E90401174676
:107380001E468B4208BF824201D207460E46276145
:107390006661002D63D0D4E90E23C2F30801009189
:1073A00000210191DDE900010143BFD14FEA5229DB
:1073B00049EAC35905994989013919EA010913D1E3
:1073C00013437FF467AFA06800283FF45EAF002846
:1073D00045D001283FF463AFB0F1FF3F3FF464AF05
:1073E0002064A36803B9A06094F93030002BFFF645
:1073F00060AF059E216C3046FDF76EFC0746002805
:107400003FF46CAF4F444FEA5528B5F5007F80D369
:1074100009EB08037289934201D9A2EB090843469C
:107420003A465946707819F07DF800283FF45BAF72
:10743000012384F831300293029807B0BDE8F08F41
:1074400001233A4604F15001707819F027F800281A
:107450003FF46BAF012384F831300293ECE794F8EA
:10746000303043F0400384F83030E5E707230293DF
:10747000E2E700BF70B598B0044617A9FDF788FD94
:107480000346A0B994F8302012F0400F0FD012F04C
:10749000800F0FD118F048FF064617980378042B89
:1074A00019D0A16CFDF7C0FD0346002859D018463D
:1074B00018B070BD0123626C04F150011798407838
:1074C00019F030F800286AD194F8303003F07F03C7
:1074D00084F83030DEE72046FEF76CF903460028DA
:1074E00037D0002BE3D121466846FFF73DFA03462B
:1074F0000028DCD1179B19690A7942F020020A7131
:10750000E279196942F0010281F821201A69A16823
:1075100051631A69D4E90401C2E90E011A69C2E98A
:107520000A011A69D660196900224A751B691A6135
:107530006846FFF797FA03460028B8D11798FFF777
:10754000D5FB034694F8302022F0400284F8302026
:10755000ADE74FF0FF32216C2046FEF713F90346EA
:10756000BFE7E56CEB7A43F02003EB72A268294693
:107570002068FDF7C7FB2369EB61C5F8166000239F
:107580006B82179B0122DA701798FFF7AFFB034657
:1075900094F8302022F0400284F8302087E701235D
:1075A00085E700BF10B582B00446FFF763FF0346CE
:1075B00010B1184602B010BD01A92046FDF7E8FC45
:1075C00003460028F5D100222260F2E710B584B00E
:1075D0000191002841D00446002203A901A8FDF72B
:1075E000DFFD034628B10BB100222260184604B02B
:1075F00010BD039B236001992046FFF75BF903460A
:10760000B8B994F94B30002B0BDBA37913F0100FB2
:1076100021D003980378042B0FD0E16BFDF768FBB2
:10762000A060039BDB88A38000212046FEF78EF933
:107630000346042BD7D10523D6E7A3682362236929
:1076400023F0FF03E27913436362E36CA3622146F4
:10765000FDF7F0FBE5E70523EBE70923C6E700BFED
:1076600010B582B0044601A9FDF792FC034608B9A3
:1076700000222260184602B010BD00BF70B582B073
:1076800005460E4601A9FDF783FC0446C0B996B134
:1076900000212846FEF7E0FF042800D098B93146C3
:1076A0002846FEF74DFC00212846FEF759FB04282A
:1076B00006D0044604E000212846FEF747F90446B8
:1076C000204602B070BD0446FAE700BF70B505461B
:1076D0000C4621462846FFF7D1FF064658B954B15B
:1076E000A37E43B10423002204F11A01286DFDF7A3
:1076F000C5FB0028EDD0304670BD00BF38B504464C
:107700000D4603651146FFF761FF034608B11846B1
:1077100038BD29462046FFF7D9FF0346F7E700BFEB
:1077200030B5BDB0019002220FA901A8FDF738FDC8
:10773000044610B120463DB030BD0F9B2693019901
:1077400026A8FFF7B7F804460028F3D19DF9E330E7
:10775000002B35DB9DF89E3013F0010F41D10F98BF
:1077600002900378042B1DD03599FDF7C1FA054628
:107770009DF89E3013F0100F24D00F9B109312959C
:107780001B78042B13D0002110A8FEF7DFF8044665
:10779000C0B9002110A8FEF75FFF044620B30428FB
:1077A00010D111E002A9FDF745FB049DE0E7DDE9FA
:1077B0000623CDE914239DF80F308DF84730E2E71A
:1077C00000250624002CB5D126A8FEF76DFB044643
:1077D00000B95DB9002CADD10F98FFF787FA0446C8
:1077E000A8E700250724EDE70724EBE70022294658
:1077F00002A8FEF7EBF90446ECE700BF7F2801D8AA
:1078000080B27047B0F5803F13D240F262339942A4
:1078100001D00020704700237F2B07D8064A32F89A
:107820001320824202D001339BB2F5E78033D8B2F5
:1078300070470020704700BFB83302087F280FD977
:1078400040F26233994201D000207047FF2806D8E9
:1078500000F100408038034B33F8100070470020DF
:10786000704700BFB8330208B0F5803F45D2F0B48E
:1078700087B2B7F5805F01D2204B02E0204B00E0D9
:1078800033461A88D2B1974218D31E1D5B88190A55
:10789000DBB284B29D18AC4204DB0029F0D106EBC8
:1078A0004303EEE7082909D8DFE801F0050B1114BE
:1078B000171A1D202300A41A36F814703846F0BC9D
:1078C0007047BA1A02F00103FF1ABFB2F6E7103F81
:1078D000BFB2F3E7203FBFB2F0E7303FBFB2EDE702
:1078E0001A3FBFB2EAE70837BFB2E7E7503FBFB27F
:1078F000E4E7A7F5E357BFB2E0E7704708310208B5
:10790000FC32020802290BD0032903D0012909D037
:1079100000207047032A07D8044800EBC2007047D4
:10792000034870470348704700207047A435020899
:10793000083502085435020808B5202383F311885E
:107940000348FAF78BFD002383F3118808BD00BFBD
:10795000E819002010B5022902D0032914D010BD67
:107960000446202383F311880C4A0121FAF742FFD1
:107970000B4A02212046FAF73DFF0A48FAF73AFD82
:10798000002383F31188EAE7202383F31188054855
:10799000FAF726FD002383F31188E0E7B8340208E4
:1079A000D4340208E819002010B500210748FAF77E
:1079B00015FB074C00212046FAF710FB2046FBF789
:1079C00049FC2046FBF740FC10BD00BF801700209B
:1079D0005817002010B580010449C861044C0123E8
:1079E00022460448FAF738FB208810BD880600209C
:1079F000901E00208017002010B5044C0123224661
:107A000003490448FAF728FB208810BD901E002087
:107A10001C360208581700204FF080435A6A254B45
:107A20001B68D31A4CF24F318B4235D92DE9F04106
:107A3000204B1A60204BB3F80080002427462646CE
:107A40000F2C0DD81D4D01232A461D491D48FAF75C
:107A500003FB2B881F446B881E440134A4B2EFE75C
:107A60003F09360941F6C81303FB07F73F0B07FB35
:107A700008F8B8FBF6F6144B1E80134BB3F9003030
:107A8000632B06DD114AB2F85600184400B2BDE877
:107A9000F0814FF0FF30FAE70B4BB3F90030632B66
:107AA00005DD0A4AB2F85600184400B270474FF09C
:107AB000FF307047B4060020BAF7FF1F941E002065
:107AC000F035020858170020981E0020BC06002040
:107AD00008B50123024A03490348FAF797FA08BD9B
:107AE000901E0020C43502088017002008B5024807
:107AF000FAF796FA08BD00BF8017002008B5064ABD
:107B00001368136013F0800F02D1F9F721FF08BD4D
:107B100017F0C6FDF9E700BF00010050024A1378D4
:107B200023F00103137070470014002070B5002289
:107B30000B46451E1C4615F8016F14F8011B7C29E5
:107B400008BF00218E4204D12346002EF2D11046F8
:107B500070BD13F8014B24B17C2C1946F9D10132C8
:107B6000E6E74FF0FF32F2E7F0B503782D2B04BFC4
:107B700001300126037818BF00262B2B08BF0130E7
:107B8000002200230A2710F8011BA1F1300CBCF1E0
:107B9000090F07D94D291CD06B290CD0472911D1C9
:107BA0000D490AE0A2FB074507FB035514EB0C0245
:107BB00045F10003E7E74FF47A7101FB03F0A2FB04
:107BC0000123034416B1524263EB430310461946A6
:107BD000F0BD0249F1E700BF00CA9A3B40420F00E6
:107BE00070470000F0B51549154A164D0C24D1ED2B
:107BF0002F7AFEEEED7A01F1C007C2ED007A16464B
:107C00000120F7EC017AB0EE677ABEEEED7AB44669
:107C100017EE103A46F8043FDCF800C0A3EB0C0363
:107C200045F8203001301428EBD1013C01F150011E
:107C300002F1500205F15005D9D1F0BDBC0600207B
:107C4000F84800203845002070470000086808B553
:107C5000FFF78AFF034B83F8B801034B01221A7028
:107C600008BD00BFB84C0020301300207047000052
:107C70000868FFF779BF000010B5074C052384F8AA
:107C8000BA310868FFF770FF044B082204F5C4649A
:107C90001A70C4E9000110BDB84C00200014002087
:107CA000064B93F8433C5A0705D4054B1878031F3D
:107CB0005842584170470120704700BFBC06002061
:107CC00060180020024AD36943F00053D361704723
:107CD0000010024008B50868FFF746FFBDE80840FD
:107CE00019F016BE10B5FFF719FF064C6420F9F71E
:107CF0009DFD102222706420F9F798FD2378002B57
:107D0000F9D110BD0014002038B508680C46FFF703
:107D10002BFF05466068FFF727FF01462846BDE8B0
:107D2000384019F0EBBD000008B5FFF7F7FEBDE8DD
:107D3000084012F045BA000008B50868FFF714FFC4
:107D4000BDE8084019F032BC022838B50BD10868EC
:107D50000C46FFF709FF05466068FFF705FF01B213
:107D600028B211F0E5FA034B02221A70BDE8384040
:107D700017F096BC2B45002073B50C4E0C4D00241B
:107D8000214602234FF4F0720020009617F0F2FF14
:107D90002868064903684FF4F0621B68023498476C
:107DA000B4F5A07FECD102B070BD00BF0473002019
:107DB0003453002010B5044611F042FB002CFBD1D7
:107DC00010BD0000012813D110B504460868FFF764
:107DD000CBFE084A42F2107343431360064A2BB1AC
:107DE0004FF080435B6A002B08BF2346136010BD31
:107DF000704700BF304500203445002070B506466E
:107E00000D4614F0B9F80022144B96421A7024D093
:107E1000134C4FF00102227005DD2868FFF7A4FE25
:107E2000013815F045FF012E05DD6868FFF79CFE5F
:107E3000013815F03DFF022E05DDA868FFF794FE1E
:107E4000013815F035FF032E05DDE868FFF78CFEDD
:107E5000013815F02DFF0023237070BDE071002064
:107E600038280020022813D138B508680C46FFF7DF
:107E70007BFE05466068FFF777FE01B228B211F07D
:107E800057FA044B01221A70BDE8384017F008BCBD
:107E9000704700BF2B4500200622044B511E22B123
:107EA000002243F8042B0A46F8E7704750280040A8
:107EB000084A92F8BE3123EA000382F8BE31064B2D
:107EC0001A781043054A1870138843F02003138072
:107ED000704700BFB84C0020042600202845002031
:107EE000034B1B7813F0030F0CBF012000207047D9
:107EF00000140020034B044A1880137843F0020357
:107F0000137070470214002000140020024A1378F6
:107F100083F0010313707047001400200FB4074B67
:107F200007B5186820B105AA04990192FCF772FC04
:107F300003B05DF804EB04B0704700BF3453002079
:107F4000012810B5064C05D021680648BDE8104050
:107F5000FFF7E4BF0868FFF707FE206010BD00BF11
:107F6000981300208D4F0208012838B50A4D06D01D
:107F700095F9B3110948BDE83840FFF7CFBF044673
:107F80000868FFF7F1FD40B2013006BF002385F815
:107F9000B33185F8B34138BDB84C0020133B02081B
:107FA00010B519F057FD10EE100AF8F7F9FABDE810
:107FB000104002460B460148FFF7B0BF21430208BC
:107FC000012810B5094C05D021680948BDE81040CA
:107FD000FFF7A4BF0868FFF7C7FD012871F1000390
:107FE000ACBF0121002121600248EFE7E01E002024
:107FF000DF440208314402082DE9F0411848DFF857
:108000006C80184F184E86B0FFF788FFF9F76EFCAA
:108010000446E1690023CA5C552A1ED094F820006A
:1080200094F8225058F820E0A069D4F808C0E2681B
:108030000094002808BF3846013DCDE903E0CDE9B2
:10804000015C3046FFF76AFF2046F9F75BFC044607
:108050000028DED106B0BDE8F0810133DBE700BFC8
:10806000F3410208974B02083A4202088C5002087A
:1080700010B5012205490648FEF776FE044618B100
:1080800001460448FFF74AFF204610BD974B0208FF
:10809000C8800020994002082DE9F041094DDFF821
:1080A0003080094F094E002455F8041B09B9BDE87A
:1080B000F0812CB93A683046FFF730FF0134F3E71E
:1080C0004246F8E7284B02083C130020F93B02081F
:1080D000974B020870B51548154C164E164DFFF714
:1080E0001DFF216811B16368B3420FD11348104CD2
:1080F000104E114DFFF712FF216811B16368B342B2
:108100000CD10F48BDE87040FFF708BF23899A07DC
:1081100002D52846FFF702FF0A34E2E723899B07CE
:1081200002D42846FFF7FAFE0A34E5E75C3B020872
:10813000FC4402088DEF0008B7990208543B02087E
:108140000C430208012810B5084C03D108680378D5
:108150003F2B06D1B4F856100548BDE81040FFF794
:10816000DDBEFFF701FDA4F8560010BDBC060020DF
:10817000DF44020808B5FFF74FFCBDE808400146A0
:108180000148FFF7CBBE00BF4244020870B5044669
:1081900078B9164D164E55F8040BF8F701FA01346C
:1081A00002460B4630462146FFF7B8FE032CF2D1BB
:1081B00070BD012815D1086803783F2B11D0FFF757
:1081C000D3FC013802280CD8084B03EB8003186855
:1081D000F8F7E6F9BDE8704002460B460548FFF7A0
:1081E0009DBE0548BDE87040FFF798BE982200206C
:1081F000133902082139020829390208012816D149
:1082000008B5086803783F2B0CD0FFF7ADFC0428B5
:1082100008D880B218F088FD064A138843F004039A
:10822000138008BDBDE808400348FFF777BE024849
:10823000FBE700BF28450020BE3F020808B5FFF756
:108240004FFE20B10348BDE80840FFF767BE024873
:10825000F9E700BF5B4102086441020870B50D48B0
:108260000D4D0E4EFFF75AFE11F076F80C48FFF751
:1082700055FE0C48FFF752FE002435F9021B30462C
:108280000134FFF74BFE042CF7D10748BDE87040DE
:10829000FFF744BEB0420208040700201A4F02084C
:1082A000DC420208E34202080C43020837B50A4CDC
:1082B0000546012D01DC03B030BD01A9684611F06F
:1082C00073F8DDE900122046FFF728FE4FF4FA604C
:1082D000F9F7ACFAEDE700BFE4410208012808DD38
:1082E0000C490D4803E0BDE808400A490A48FFF779
:1082F00015BE08B50AD10B4606491868FFF716FCEB
:108300000028F0DB054BC0B2187008BD044B0422F6
:108310001A70FAE7203F02084C380208FC6F002070
:108320000C72002008B518F09BFC0248BDE808401C
:10833000FFF7F4BDCA3F020808B50748FFF7EEFD96
:10834000064AD36943F40063D361054B60225A6047
:10835000FF221A60FEE700BFAB3F02080010024098
:10836000002C0040F7B5204B204A214D06461868E6
:10837000204B019093F8433C13F0040F1E4B08BFB1
:1083800013460F462B6000242868036801225B68AF
:108390000DF103019847A8B19DF80310082901D0F9
:1083A0007F2907D1002CEFD001A8013CFFF7B6FDD3
:1083B000A4B2E9E70D2907D11048FFF7AFFD00236C
:1083C0003355012003B0F0BD1F29DDD97B1E9C422F
:1083D000DADA286810B103689B689847631C9DF837
:1083E000032032559CB2CFE7E02C0208E8190020A8
:1083F00034530020BC060020F01700200C43020874
:108400000FB413B5084C206848B105AB0748019379
:10841000FFF784FD019A04992068FCF7FBF902B08C
:10842000BDE8104004B0704734530020BE5B020822
:10843000012804D0074B08481968FFF7E1BF10B5C1
:1084400004460868FFF790FB044BA3F8CE01044BE9
:108450001C7010BDA4140020D3440208B84C0020A6
:1084600030130020012804D0074B08481968FFF793
:10847000C7BF10B504460868FFF776FB044BA3F8A6
:10848000D001044B1C7010BDA0140020D34402087E
:10849000B84C0020301300202DE9F047B0F1000A5D
:1084A000214D224E10DC2248FFF7AAFF214A00236B
:1084B0001360214A2B601360204A1360204A136026
:1084C00001233370BDE8F0870123DFF86C90DFF8FB
:1084D0007080184F2B6033700C1F54F8042F104617
:1084E0000AF1FF3A10F8013B642B12D006D8612B39
:1084F000D9D1FFF739FB114B186006E0702B0DD076
:10850000732BD0D15378303B3B60BAF1000FE4D1EC
:10851000D8E7FFF729FBC9F80000F6E75378303BAE
:10852000C8F80030F1E700BF142800203013002005
:108530003B3F0208F0530020EC530020E85300209A
:10854000F453002070B50128A6B004D10B681B7845
:108550003F2B0C4604D11548FFF752FF26B070BDE3
:10856000FFF786FD0028F9D12368114A114E124DFC
:10857000124C694610A8FFF7C1F80028EED19DF80B
:108580001A30002BEAD00DF11A00FFF7C9F80DF1EF
:108590001A0100280CBF32462A462046FFF7BEFCCF
:1085A000694610A8FFF792F8E7E700BFB04002085D
:1085B000974B0208AD400208217A0208C740020822
:1085C000012873B503D10C6823783F2B04D11B48D5
:1085D000FFF716FF02B070BD0546FFF749FD002802
:1085E000F8D12A4621461648FEF7E6FB064620B19A
:1085F00001461448FFF792FCECE7134D134C286832
:10860000D4F8843B0093036804221B6869469847AA
:10861000019601AB4FF4007221460948FEF728FD90
:1086200008B9019A1AB90648FEF7BCFFD2E72868D4
:10863000036821461B689847EBE700BF0341020827
:10864000787E00201F41020834530020047300206C
:1086500030B5A7B004460D46FFF70AFDA0B9ACB18E
:10866000012C0ED12B68134A134C694610A8FFF752
:1086700045F8C8B99DF81A3053B910A8FEF7F0FFB5
:1086800002E00E48FFF7BCFE27B030BD0C4BEAE716
:108690000DF11A01DDE900232046FFF73FFC694692
:1086A00010A8FFF713F8E4E701460648FFF736FC89
:1086B000E3E700BF974B0208EF400208DB400208E7
:1086C000D7400208F7400208012820D170B50E6893
:1086D00033783F2B04D1BDE870400E48FFF790BEC1
:1086E0000D490E4D3046FFF721FA2C7804F00F04A7
:1086F00038B13046FFF738FA44EA001464F07F04DA
:10870000E4B22C702046BDE8704019F0DBBB014894
:10871000E4E700BF65380208514102082A450020FD
:1087200001281FD170B50E6833783F2B04D1BDE806
:1087300070400D48FFF764BE0C490D4D3046FFF701
:10874000F5F92C7804F0F00430B13046FFF70CFA5C
:10875000044344F00804E4B22C702046BDE87040A5
:1087600019F0B0BB0048E5E7343D0208514102086A
:108770002A450020012806D10B681B783F2B02D127
:108780001148FFF73DBE10B5104C00232370FFF7D2
:10879000C5F9012810D10868FFF7E6F980B2FFF7A4
:1087A000A9FBFFF79DFB08B923783BB1084A138862
:1087B00043F02203138010BD0120EFE74FF47A70DD
:1087C000F9F734F8EDE700BF7A440208FF6F0020A4
:1087D00028450020012838B508D10B681B783F2BAD
:1087E00004D11748BDE83840FFF70ABE154C0023F6
:1087F0000128237013D10868FFF7B6F905462DB993
:10880000114A138843F02203138038BD2378002BCC
:10881000F6D142F21070F9F709F8013DEFE7FFF7E2
:108820007DF90120FFF766FBFFF75AFB0028E7D12F
:108830002378002BE4D14FF47A70F8F7F7FFF3E7D1
:1088400069440208FF6F002028450020012810B568
:10885000084C03D1086803783F2B06D1B4F9581CA3
:108860000548BDE81040FFF7CBBDFFF77DF9A4F840
:10887000580C10BDBC060020E444020801282BD18E
:10888000F8B5086803783F2B21D0FFF76DF902286F
:108890001DD8124B124F1C5C124B134E4FF4E16269
:1088A00002FB04340025B7F8CA31AB4200DCF8BD46
:1088B000B4EC010A0DF04CF810EE100AF7F770FE58
:1088C00002460B463046FFF729FB0135EBE7BDE8D2
:1088D000F8400648FFF794BD0448FBE7504C0208F7
:1088E000B84C002074280020C43A0208C93A020893
:1088F000012816D108B5086803783F2B04D1BDE8DC
:1089000008400948FFF77CBD0849FFF70FF920B17F
:108910000748BDE80840FFF701BB18F0BDFA05485D
:10892000F7E70148EEE700BF39390208A8850208D9
:1089300058390208693902082DE9F84F03782B2BC2
:10894000834608BF00F1010B9BF80030302B4CD15F
:108950009BF801306F2B44D0782B44D0622B44D14C
:10896000022600270BF1020B002400254FF0010A1C
:108970001BF8011B0023CAB2002B08BF2E2A37D0D8
:10898000B2F1300843F1FF39B9F1000F08BFB8F177
:10899000110F05D328F02003B3F1070849F1FF397F
:1089A000B94508BFB04526D232463B464FF0FF30AE
:1089B0004FF0FF31F8F70CFA8D4208BF8442D7D24E
:1089C00004FB07F1BAF1010F06FB0511A4FB062316
:1089D00018BF0AF1FF3A0B4412EB080443EB0905F8
:1089E000C6E70826BDE71026BBE70A260027BBE737
:1089F0004FF0000ABCE7BAF1010F08BF4FF0000AC0
:108A00004D2911D06B2904D0472904D10AF1090A54
:108A100001E00AF1030ABAF1000F08DB53468BB9F3
:108A200020462946BDE8F88F0AF1060AF3E72046FA
:108A3000294632463B46F8F7CBF90AF1010A0446CB
:108A40000D46E8E704FB07F206FB0522A4FB0645FA
:108A50001544013BE3E70000012810B5074C06D0A0
:108A6000D4E900230648BDE81040FFF757BA08686C
:108A7000FFF762FFC4E9000110BD00BF20280020FD
:108A8000AE380208012810B5074C06D0D4E90023FF
:108A90000648BDE81040FFF741BA0868FFF74CFFF1
:108AA000C4E9000110BD00BF1828002045380208A5
:108AB00038B5431E012B03D80B681A783F2A04D11E
:108AC0000D48BDE83840FFF79BBC054618460C46EC
:108AD000FFF74AF8094B012D83F8BA0109D0606805
:108AE000FFF72AFF064BC3E90001064B08221A7064
:108AF00038BD00200021F5E733410208B84C0020C2
:108B0000D85200200014002008B530B90B4B0C4897
:108B10005968BDE80840FFF701BA012808D1086884
:108B200003783F2B04D0FFF707FF044B586008BDC4
:108B30000448BDE80840FFF763BC00BFBC06002046
:108B4000D63A0208E43A0208431E012B32D870B527
:108B50000E6833783F2B27D002280ED14868FFF7E4
:108B6000EBFE04460D4615493046FEF7DFFF0328AD
:108B70001AD8DFE800F0050B111600242546F2E7AD
:108B80000F4BC3F8284CC3F82C5C70BD0C4BC3F8DA
:108B9000304CC3F8345CF8E7094B012283F84A2CC7
:108BA000F3E7074B0022F9E7BDE8704003490548A9
:108BB000FFF726BC01490348FAE700BF88490208CD
:108BC000BC060020FA3A02080128D0B5124C03D1A5
:108BD000086803783F2B08D1D4F8082CD4F80C3C53
:108BE0000E48BDE8D040FFF70BBCFFF7A5FE50EAEA
:108BF000010309D00A4B0B4AC61841F1FF37002385
:108C0000BB4208BFB242E7D3074BC4F8080CBDE82B
:108C1000D040596018F024B8BC060020D03B0208B0
:108C200040C382CA00688909C4120020022870B5B6
:108C30001DD02048204D214EFFF7E2FB002435F8DF
:108C4000023BDA08590901F0F80102F4E0520A4344
:108C5000190401F478015B030A439BB221461A43CD
:108C600030460134FFF75AF9202CE8D170BD08686E
:108C70000D46FEF779FF1F280446F7DC6868FFF70A
:108C80005BFEC300420102F4F85203F46043134355
:108C9000020C02F0F80213430434094AC0F34230D4
:108CA000034322F81430074A138843F0200313804B
:108CB000DCE700BFCB390208C4060020E039020817
:108CC000BC06002028450020002835D0022833DCCF
:108CD0001A4B93F8433C5B072ED470B5022890B032
:108CE0000D4620D14868FFF727FE0A2444432D682B
:108CF000134E2846F8F74CFA2946024623461148F7
:108D0000114DF9F737F92346022210490D48F9F7BA
:108D100031F94022234669463046F9F7DBF802462E
:108D200020B910B070BD4FF4FA64E0E72B68064834
:108D30001B6869469847ECE7704700BFBC060020F7
:108D4000F817002018180020E81900200C4302082A
:108D5000012810B50A4C03D1086803783F2B06D1CF
:108D6000B4F854100748BDE81040FFF749BBFFF7BF
:108D7000E3FD054BC0F30B00A4F85400586110BD8F
:108D8000BC0600209B3A0208007400402DE9F04325
:108D90002D4B2E4DD3F8008087B008F07F3424F09F
:108DA000FE4404945F68032805EA07050E4605950E
:108DB00012D127493068FEF7B9FE80BB7068FFF713
:108DC000BBFD0446B068FFF7B7FD0146204607B07B
:108DD000BDE8F04319F06ABB022820D10868037887
:108DE0003F2B1CD01B49FEF7A1FE81467068FFF7A0
:108DF000A3FDB9F1000F12DB632810D8164B13F84E
:108E0000092006AB1A440A23B0FBF3F103FB11035C
:108E100043EA011302F8083CDDE90410D7E708F043
:108E20007F03039307F03F07C4F30623240C029348
:108E300001940097C5F304232A0C06490748FFF75D
:108E4000DFFA07B0BDE8F083002800403F1FFF00B5
:108E500061420208745B0208204B02086342020868
:108E600001280FD108B5086803783F2B04D1BDE86D
:108E700008400548FFF7C4BAFFF75EFDBDE80840AB
:108E8000FEF74CBE0048F5E7343B020838B50378DE
:108E90002D2B04467BD1012501342046FEF764FECC
:108EA000F7F708FF00EE100A23461A78A2F1300106
:108EB000C9B209291C4603F10103F6D96B2A03D074
:108EC0004D2A01D0472A00D10134237803F0FD0355
:108ED0002C2B0BD1621CB7EE007AF2EE046A14461A
:108EE00012F8013B303BD9B2092920D9237803F08D
:108EF000DF03452B0ED101342046FEF735FEF2EE9E
:108F0000047A0346002B1BDC0028A8BF001AF2EEEF
:108F1000047AC8B923786D2B2ED019D84D2B28D0C0
:108F20006B2B1ED0472B20D1DFED1B7A1BE087EE89
:108F3000267A07EE903AF8EEE77A07EE870ACEE750
:108F400020EE270A013BDDE780EE270A0130E0E74B
:108F5000702B19D0752B14D06E2B06D1DFED0E7A45
:108F60000CE0DFED0E7A20EE270A0DB1B1EE400ADB
:108F700038BDDFED0B7AF6E7DFED087A80EE270AE1
:108F8000F3E7DFED077AF9E7DFED067AF6E72B2B5B
:108F90004FF0000581D17FE7286B6E4E00007A44C8
:108FA00000247449A5D4685301281ED110B50B685C
:108FB0000E4A013B13F8011FA1B911700B480C4C6C
:108FC000FFF764FF094884ED000AFFF7B5FCC4E928
:108FD000020110F0A3FB074B01221A70BDE81040FC
:108FE00012F0CABF02F8011BE4E77047A07100202D
:108FF000C07200202C4500202DE9F0430F68054683
:1090000085B00E4638464F49FEF790FD012D0446C7
:1090100046D100285EDB0C2828D00D283BD04A48DA
:10902000DFF8589150256543FEF778FF474BBC3574
:109030001D449846142300275C4355F8040BF7F7AA
:10904000AFFAE319CDE902018F3308EBC303D3E98B
:1090500001233168CDE9002348463A460137FEF73F
:109060005DFF142FE9D105B0BDE8F083384B83F8DC
:10907000B051384B384801221A70354B374A93F8B3
:10908000B011374B002914BF1146194605B0BDE891
:10909000F043FEF743BF2E4B002283F8B021E8E7F0
:1090A000022D15D12F497068FEF740FD90B950236D
:1090B0005C43264BBC341C4400221423013B44F87F
:1090C000042BFBD1234B284801221A703946DDE7D7
:1090D000042D07D0254A1B49254805B0BDE8F043BB
:1090E000FFF78EB97068FEF73FFD0546B068FFF7E1
:1090F00023FC8046F0680F46FFF7C8FE1422134B8E
:1091000002FB045404F18F022E3403EBC20203EB82
:109110008404104BC2E9018701221A70154A84EDBC
:10912000010A138843F02003138010EE100AF7F7AA
:1091300037FA4246CDE900013B4629460E48FEF784
:10914000EDFE90E7D0370208033A0208BC06002083
:10915000B84C002030130020F3390208EF39020820
:109160002C430208363A02083C3A02082C4C02080A
:10917000583A020828450020833A02081B3A0208A0
:1091800070B5002840F0D980AA4CE06DF7F708FAD6
:1091900002460B46A848A949FEF7C0FE606EF7F7E5
:1091A000FFF902460B46A448A549FEF7B7FE04F6B0
:1091B00054431868F7F7F4F902460B469E48A14954
:1091C000FEF7ACFEE06EF7F7EBF902460B469A4865
:1091D0009D49FEF7A3FE206FF7F7E2F902460B4622
:1091E00095489A49FEF79AFE606FF7F7D9F902465B
:1091F0000B4691489649FEF791FEA06FF7F7D0F91C
:1092000002460B468C489349FEF788FEE06FF7F75D
:10921000C7F902460B4688488F49FEF77FFED4F80F
:109220008000F7F7BDF902460B4683488B49FEF7ED
:1092300075FED4F88400F7F7B3F902460B467E4872
:109240008749FEF76BFED4F88800F7F7A9F90246C4
:109250000B4679488349FEF761FED4F88C00F7F796
:109260009FF902460B4674487F49FEF757FED4F833
:109270009000F7F795F902460B466F487B49FEF7D9
:109280004DFED4F89400F7F78BF902460B466A4876
:109290007749FEF743FED4F89800F7F781F90246C4
:1092A0000B4665487349FEF739FED4F89C00F7F782
:1092B00077F902460B4660486F49FEF72FFED4F857
:1092C000A000F7F76DF902460B465B486B49FEF7C5
:1092D00025FED4F8A800F7F763F902460B46564876
:1092E0006749FEF71BFED4F8A400F7F759F90246C8
:1092F0000B4651486349FEF711FED4F8AC00F7F76E
:109300004FF902460B464C485F49FEF707FED4F87A
:10931000B000F7F745F902460B4647485B49FEF7B0
:10932000FDFDD4F8B400F7F73BF9BDE87040024604
:109330000B4641485649FEF7F1BD064608680378DA
:109340003F2B0D4600F0CA805249FEF7EFFB041E8A
:10935000C0F2C480022E40F0A3806868FFF796FD3B
:10936000152C00F2BB80DFE804F00B15191D212538
:10937000292D3135393D4145494D5155595DB5612D
:109380002C4B012283ED170A83F8412C424B01221A
:109390001A7070BD414B83ED000AF7E7254B83ED52
:1093A0001B0AF3E7234B83ED1C0AEFE7214B83ED08
:1093B0001D0AEBE71F4B83ED1E0AE7E71D4B83ED0C
:1093C000200AE3E71B4B83ED210ADFE7194B83ED0E
:1093D000220ADBE7174B83ED230AD7E7154B83ED12
:1093E000240AD3E7134B83ED250ACFE7114B83ED16
:1093F000260ACBE70F4B83ED270AC7E70D4B83ED1A
:10940000280AC3E70B4B83ED2A0ABFE7094B83ED1C
:10941000290ABBE7074B83ED2B0AB7E7054B83ED22
:109420001F0AB3E7034B83ED2C0AAFE7014B83ED33
:10943000190AABE7BC0600203E3C0208644C020857
:10944000543C0208673C02085F3C02086E3C02087C
:10945000E43C0208793C0208823C02088F3C020886
:10946000953C02089C3C0208A33C0208AA3C020866
:10947000B13C0208B83C0208BF3C0208C63C0208E6
:10948000CD3C0208D83C0208DE3C0208E83C020859
:10949000EC3C0208403E020830130020101300206C
:1094A000032E1BD110496868FEF740FBB0B9A868CD
:1094B000FFF7ECFC012C09D0132C0BD074B90B4B2B
:1094C000012283ED190A83F8422C5FE7074B83EDF5
:1094D0001A0A5BE7054B83ED2D0A57E70449054857
:1094E000BDE87040FEF71ABD938F0208BC0600204D
:1094F000403E0208FA3C0208012870B50C4D04D128
:109500000446086803783F2B0AD1D5F8B800F7F76E
:1095100047F8BDE8704002460B460648FEF770BFAC
:10952000FFF7B4FC044B85ED2E0A1C7070BD00BF24
:10953000BC0600200F3F020830130020012802D093
:109540000648FEF7EBBC10B504460868FFF79EFC22
:10955000034B83ED880A034B1C7010BD203C0208AE
:10956000B84C002030130020124BD3F880341B6815
:109570002DE9F0411F78042F16D10F4C0D460146FE
:109580002068036816461B680E2298472068036807
:10959000324629461B6898472068084903683A46BE
:1095A0001B68BDE8F0411847054B00221A70BDE862
:1095B000F08100BFE819002034530020734F0208E7
:1095C0008E22002010B4074A074C052300200021FA
:1095D000013BE4E80201E2E80201F9D15DF8044B45
:1095E00017F098BF00450020B04400200B4B1B68CB
:1095F000032B10B504460BD1094B1B681BB1002887
:1096000014BF044603242046BDE8104017F0DEBF17
:1096100018F07EF9034B83F8B94110BD4853002080
:1096200060280020B84C0020F0B54F4B4F4D93F808
:1096300098214F4C85B0032A29D8DFE802F0027B3D
:109640003F844C4A92F9402C00200021C5E90001DA
:1096500092B393F8BB0148B3474BD3E90021C6B29C
:10966000A2FB062301FB06334449511843F1FF33A3
:10967000C4E90013D4E90023CDE90223002200232A
:10968000CDE9002314213E4A3E48FBF703FBD4E911
:109690000023CDE90223D5E900231421CDE90023DD
:1096A0003848394AFBF7F6FA05B0F0BD374BD3E935
:1096B0000023C4E90023DDE7354BF8E70020002153
:1096C000C5E9000193F8BB0193F80936DBB170B12D
:1096D000294BD3E90021C6B2A2FB062301FB0633C6
:1096E0002649511843F1FF33C4E90013CFE7274A55
:1096F0002849D2E900325B184FF0000141EB020229
:10970000C4E90032C3E71B4B1B49D3F8382CD3F80C
:109710003C6CD1E90031D21841EB060638B1C0B239
:10972000A0FB022300FB0633C4E90023AFE7C4E932
:109730000026ACE708A3D3E90023C5E9002308A36A
:10974000D3E90023F0E704A3D3E90023C5E900230C
:10975000094BD3E90023E7E700321B0800000000B3
:10976000806E5A4300000000B84C0020984400204E
:1097700080130020BC060020B81E0020400FBEC58C
:10978000A05B02088C720020AD5B0208D01E002096
:10979000C81E00200087930338B5431E012B3FD815
:1097A0000446086803783F2B3AD00D461F49FEF760
:1097B000BDF9042834D8DFE800F00303220A2800AA
:1097C0001B4B83F8400CBDE83840FFF72DBF022C3F
:1097D00026D16D6815492846FEF7A8F9022811D050
:1097E0002846FFF7A9F8124BC3F8180CC3F81C1C45
:1097F000104BC3E90001104B01221A7038BD0F480D
:109800000221F0E70D482146EDE7022C08D16868F7
:10981000FFF792F8064BC3F8200CC3F8241CEAE7C4
:1098200002490748BDE83840FEF7EABDF6430208A2
:10983000BC060020885400203013002000E40B54A4
:109840000D440208204A92F89831B2F8CA11023B3E
:10985000DBB2012B02D8C82048437047F0B5D2E9EB
:109860008E67D2E99045194B92F8AFE11B68B2F8C8
:10987000C6C1AF4208BFA6420EF0010E11D07F3321
:109880004B43134ABEF1000F128814BF022001207F
:1098900042430CF1FF3048436F21484303FB020071
:1098A000F0BDBCF1010F0CD1D2F8E825094B9A426A
:1098B00007D8BEF1000F43F6982308BF4FF4E163C9
:1098C000DFE743F69823DCE7B84C0020A41400201F
:1098D000081400209F86010008B5054B00B2A3F8CC
:1098E000D40118F099F8034B01221A7008BD00BF8B
:1098F000B84C002030130020012803D00849094843
:10990000FEF77EBD08B50B4605491868FEF70EF94F
:10991000431C04D00138BDE80840FFF7DDBF08BD97
:109920003038020804390208164B984228D8164BE2
:1099300030B5D3E98C4554EA05021BD107EE900AF5
:10994000B3F8CA219FED117AF8EEE77A27EE877A0D
:1099500007EE902AD3F8F025F8EE677A67EE277ABB
:1099600007EE102AB8EE477AC7EE876AFDEEE67A70
:1099700017EE900AC3F8DC01054B01221A7030BDC6
:10998000704700BF40420F00B84C00200000FA436F
:109990003013002044F62063984229D8154B30B587
:1099A000D3E98C4554EA05021CD1D8B107EE900AE0
:1099B000B3F8CA219FED107AF8EEE77A27EE877A9E
:1099C00007EE902AD3F8F025F8EE677A67EE277A4B
:1099D00007EE102AB8EE477AC7EE876AFDEEE67A00
:1099E00017EE900AC3F8E001044B01221A7030BD53
:1099F000704700BFB84C00200000FA43301300202D
:109A0000831E762B05D8034B83F8B701024B012246
:109A10001A707047B84C00203013002008B510B100
:109A2000C31E112B0BD8064BA3F8040C17F018F922
:109A3000044B01221A70BDE808400DF077BE08BD46
:109A4000BC0600203013002038B5134A00F5C3339C
:109A5000A033934217D80EA3D3E9002300EB4000B4
:109A600014180E4943EBE075C1F8FC4BC1F8005CDB
:109A700017F0F8FD17F0F4F8094B01221A700DF0F9
:109A800055FE002038BD4FF0FF30FBE7AFF30080FC
:109A9000005ED0B200000000400D0300BC060020B4
:109AA00030130020012810B503D1086803783F2B3C
:109AB00014D10D4B0D4CD3F8FC0BD3F8001C00193E
:109AC0004FF003024FF0000341F1FF31F7F730F997
:109AD000BDE8104001460648FEF720BAFEF744F8FC
:109AE000BDE81040FFF7B0BFBC06002000A22F4D1C
:109AF0004B3B020838B50F4C021941F1FF330025EA
:109B00004EF660249D4208BF94420FD30A4BC3F81F
:109B1000001CC3F8FC0B17F0A5FD17F0A1F8074BCC
:109B200001221A700DF002FE002038BD4FF0FF3008
:109B3000FBE700BF3017304DBC060020301300207B
:109B4000012803D1086803783F2B07D1074B084849
:109B5000D3F8FC2BD3F8003CFEF7E0B910B5FEF7C4
:109B6000EBFEBDE81040FFF7C5BF00BFBC060020FC
:109B700060380208114B012210285A7318D130B5F1
:109B80000F49B3F8CA510F4C002295420CDC002259
:109B90003A21A3F8C8215A71A3F8CC1183F8AE0179
:109BA000094B01221A7030BD41F8044B0132ECE739
:109BB00083F8AE01044B01221A707047B84C0020A4
:109BC0007C2F0020000016C330130020034B83F8C5
:109BD000B801034B01221A70704700BFB84C002037
:109BE00030130020034B83ED880A034B01221A70C7
:109BF000704700BFB84C002030130020054B064AC8
:109C0000904294BFC3F8E805C3F8E825034B01224E
:109C10001A707047B84C00200046C3233013002050
:109C200010B501282DED028B9FED158A03D1086830
:109C300003783F2B15D1134BD3F8F03507EE903A4C
:109C4000F8EE677AC7EE887A17EE900AF6F7A8FC66
:109C5000BDEC028B02460B460B48BDE81040FEF7F8
:109C6000CFBBFFF713F920EE080ABDEC028BFCEE28
:109C7000C07ABDE8104017EE900AFFF7BFBF00BFE3
:109C800000247449B84C0020C6410208044AD37924
:109C900083F00103D371034B01221A70704700BF98
:109CA000B84C002030130020044AD37A83F001031B
:109CB000D372034B01221A70704700BFB84C0020CA
:109CC00030130020054A92F8BF31B3FA83F35B09E1
:109CD00082F8BF31024B01221A707047B84C002045
:109CE000301300200C4B1A7882F001021A700B4BD3
:109CF00093F8BE1152B141F00A0183F8BE1101225E
:109D00005A73DA73064B01221A70704721F00A0168
:109D100083F8BE11F4E700BFC0220020B84C002039
:109D200030130020FFF7DEBF0C4B1A7882F00102DF
:109D30001A700B4B93F8BE1152B141F00A0183F82F
:109D4000BE1101225A73DA73064B01221A70704752
:109D500021F00A0183F8BE11F4E700BFC9220020F8
:109D6000B84C002030130020044A137883F001031C
:109D70001370034B01221A70704700BFC8220020E5
:109D8000301300200028074B14BF0122002283F863
:109D9000FD251CBF0022A3F8CC21034B01221A7021
:109DA000704700BFB84C002030130020044B93F8DC
:109DB000FD0580F0010083F8FD05FFF7E3BF00BF5C
:109DC000B84C0020044A937983F001039371034B4C
:109DD00001221A70704700BFB84C002030130020D9
:109DE000044A137A83F001031372034B01221A70A1
:109DF000704700BFB84C002030130020054AB2F86D
:109E0000063CB3FA83F35B09A2F8063C024B01223D
:109E10001A707047BC06002030130020084B93F8DE
:109E20009921910706D5002283F89921054B01223B
:109E30001A7070470AB10222F6E70122F4E700BF68
:109E4000B84C002030130020034B83F89D01034BD6
:109E500001221A70704700BFB84C00203013002058
:109E6000642390FBF3F0034BA3F8D801024B0122CB
:109E70001A707047B84C002030130020034BA3F831
:109E8000D601034B01221A70704700BFB84C002066
:109E900030130020F7EE007AB4EEE70AF1EE10FA84
:109EA0001CD4DFED107AB4EE670AF1EE10FAC8BFE9
:109EB000B0EE670A0C4B93F89D21052A08D1DFED1F
:109EC0000B7AB4EE670AF1EE10FAC8BFB0EE670A7B
:109ED00083ED820A064B01221A707047B0EE670AC2
:109EE000E8E700BF00401C46B84C002000C05A45BF
:109EF0003013002070B5061E05DC1A491A48BDE86B
:109F00007040FEF77DBA0D4616492868FDF70EFE33
:109F1000041EF2DB154B53F82430002B06DB144AE9
:109F200082F89D31134B01221A7070BD022EE4D1CC
:109F30006868FDF719FE042C0BD0052C0DD0032CFE
:109F4000F3D107EE900ABDE87040B8EEE70AFFF7DC
:109F5000A1BF074AA2F8D601E4E7BDE87040FFF7C9
:109F60007FBF00BFF03D0208F53E0208103E020828
:109F7000B84C00203013002042F20F73421E9A4268
:109F80009CBF024BA3F8C601704700BFB84C00202D
:109F9000012808B507D10868FDF7E6FDBDE80840CF
:109FA00080B2FFF7E9BF024B0122A3F8C62108BD2A
:109FB000B84C00200A4B60B901225A72094AD2F803
:109FC000081CD2F80C2CC3E99412074B01221A701A
:109FD00070470022C1175A72C3E99401F5E700BF28
:109FE000B84C0020BC06002030130020224B012872
:109FF0002DE9F14FB3F800A0DFF89CB003D1086859
:10A0000003783F2B0DD11D481D49DBE99423BAF19C
:10A01000000F08BF01461B4801B0BDE8F04FFEF736
:10A02000EFB9FDF7A1FD04460D46BAF1000F20D1AE
:10A03000154B54EA05014FF0000212D0134913EBFF
:10A04000010842F1FF394D4508BF4445DBD31049B3
:10A050005E184FF0000342EB0307AF4208BFA64271
:10A06000D1D300238BF8093001B0BDE8F04FFFF7E2
:10A07000A1BF084BDDE700BF32280020A13B02084A
:10A08000AC3B0208B93B0208C0F0413AC0B4B3FF90
:10A09000404B4C00206EC83FB84C002038B5064BF2
:10A0A000C517C3F8100CC3F8145C16F0D9FD034BA8
:10A0B00001221A7038BD00BFBC06002030130020FA
:10A0C0000F4B002810B50446C3F800064FF47A7011
:10A0D00011DA6442B4FBF0F300FB1340404217F086
:10A0E00041FA4FF47A70B4FBF0F017F039FA054BEF
:10A0F00001221A7010BD94FBF0F300FB1340EEE751
:10A10000B84C00203013002008B50868FDF72CFD7E
:10A11000BDE80840FFF7D4BF08B5054B186017F03D
:10A1200013FAFFF74FFA034B01221A7008BD00BF64
:10A13000502800203013002008B50868FDF714FDF2
:10A14000BDE80840FFF7E8BF0A4B01225A7193F8B7
:10A15000982112B993F8FD254AB10022A3F8CC2129
:10A16000002283F8B421044B01221A7070473C226C
:10A17000F4E700BFB84C002030130020014B1871E9
:10A18000704700BFB84C0020044B93F8422C12B12A
:10A1900093ED190A70479FED020A7047BC06002034
:10A1A0000000000008B50D4B93F89831022B0AD13E
:10A1B000FFF7EAFFDFED0A7A30EE670ABDEEC00A6C
:10A1C000B8EEC00A08BD074B1B6893ED000A064BAA
:10A1D000D3ED1A7A30EE270AF0E700BFB84C002022
:10A1E0000000E64234130020BC06002008B50D4BE9
:10A1F00093F89831022B06D1FFF7C6FFDFED0A7AFC
:10A2000030EE670A08BD094B1A68094B1B6803EB5F
:10A21000820393ED000A074BD3ED1A7A30EE270A3A
:10A22000F0E700BFB84C00200000944188130020E4
:10A2300034130020BC06002008B5FFF7D7FFB0EEAE
:10A24000407AFFF7AFFF37EE400ABDEEC00AB8EE26
:10A25000C00A08BD304938B591ED877AFFF7C6FFCF
:10A2600091F89841032C37EE407A3BD02B4BD3ED3D
:10A270001C7AF3EE096A77EEA67AF1EE677AF4EECD
:10A28000C77AF1EE10FA33DB0123032C81F8B431E5
:10A290002BD0224BD3ED1C7AF3EE096A77EEA67A27
:10A2A00037EE277A1E4B1868FFF7A0FF1D4B0022E0
:10A2B0001D680346F3EC017A77EEC06AF4EEC76AD4
:10A2C000F1EE10FA18D4154B91F8B42193ED1A7AE7
:10A2D00077EE877AA2B99FED147A77EEC77AC1ED4F
:10A2E000877A38BDDFED117AC9E7DFED117AD7E75C
:10A2F000002381F8B431D5E79542E4DD0132D9E796
:10A30000032C17BF93ED1C7A9FED097AF3EE096ACF
:10A3100037EE267AE1E700BFB84C0020BC060020EB
:10A32000341300208813002000000000000020C229
:10A3300000002042014B93ED870A7047B84C002083
:10A3400008B52749B1F9CC3191F8B40107EE103ABC
:10A3500091F89831B8EEC77AB6EE000A022B27EED4
:10A36000007A25D1FFF742FF1E4B91F8B9211E4913
:10A370001B68096803EB820203EB8103D2ED007ACC
:10A38000D3ED006A30EE477A77EEE67A37EE877AD9
:10A3900058B1164B93ED1C0AF3EE097A30EE270AFA
:10A3A00037EE407AB0EE470A08BD9FED110AF7E795
:10A3B0000028F7D04BB90D4BD3ED1B7AF3EE0D6AA5
:10A3C00077EEA67A37EE277AECE7032B05D0074B1A
:10A3D000F3EE096AD3ED1C7AF2E7DFED067AF1E7D6
:10A3E000B84C00203413002088130020BC06002045
:10A3F000000000000000204270B52A4D17F072FDE9
:10A4000095F89861002E80B240F2291418BF4FF4DD
:10A410006874041BFFF794FF95F89B319FED227A37
:10A42000DFED227A13F0010F95F89C3118BFF0EEA2
:10A43000477A30EE670A13F0010FF2EE087A95F8CA
:10A44000FD3508BFF0EE477AA4B230EE670A4BB193
:10A45000174BDFED187A1B68BBEE027A002B08BFA2
:10A46000B0EE677A144BDFED156A70EE077A93ED64
:10A47000007A022E37EE667A0CBFF2EE0A6AF3EE2D
:10A48000046A87EE260A95ED857A77EE807A77EE74
:10A49000C77AFEEEED7A17EE903A1C44084B1C800A
:10A4A00070BD00BFB84C0020000000000000044256
:10A4B000602800200000D4C1D844002000000C42D5
:10A4C000B22200202DE9F047704D00242C60704C22
:10A4D0002668AC46A2466F4D6F4CA6B36F4B1B6807
:10A4E00003F00102C3F3460384F8FD25032B08D8CB
:10A4F000DFE803F07F7D400204232B600123CCF8CA
:10A5000000302B68062B00F09D8094F8B40117F002
:10A5100025FF2B68022B6ED0042B00F09A80012BB4
:10A5200040F0A680002017F007FF002017F044FF3E
:10A53000002017F023FF94F8FD0517F0E9FE002531
:10A54000E179012082E094F8986106F0FD06012E81
:10A5500002D106232B60D4E7514E367866B1514EB6
:10A56000821946A7D7E9006741F1FF339F4208BF30
:10A57000964201D30223EDE74B4B93F84A2C7AB174
:10A58000D3F82C7CD3F8286CB94208BFB04207D36B
:10A59000D3F8347CD3F8306CB94208BFB042E9D369
:10A5A00093F9402C2AB30FF2DC09D9E90089D3F8DA
:10A5B0001C7CD3F8186C4F4502BF46453B4AD2E994
:10A5C00000678F4208BF864213D2D3F8206CD3F8BD
:10A5D000247C56EA070304BF354BD3E900678F425A
:10A5E00008BF864234BF01230023CCF80030042387
:10A5F000B0E70123AEE7012017F09EFE012017F01F
:10A60000DBFE012017F0BAFE94F8FD0517F080FE7E
:10A61000E579CDB10121084617F0C0FE002517F0FD
:10A6200071FE08B117F00AFEDAF800300BB1FFF73F
:10A63000E3FE94F8AF319A0704D5DDB143F001038E
:10A6400084F8AF31BDE8F0872946284617F0A6FE0A
:10A65000E5E7012017F070FE002017F08FFE0020C4
:10A6600017F0AAFE94F8FD0517F052FE012567E7E2
:10A670000025D9E723F00103E2E700BFFFA2E111C3
:10A680000000000000E40B54020000009C1E0020AB
:10A690001428002048530020B84C0020F453002018
:10A6A000CB220020803487CEBC06002088540020B6
:10A6B000D01E0020294B93F89821012A45D1B5EEF0
:10A6C000C00AF1EE10FA40DD254983F8B421D1ED3E
:10A6D0001C7AB3EE097A77EE877A30EE670A214961
:10A6E0009FED217ADFED217A0120B5EEC00A0870D6
:10A6F00093F8FD15F1EE10FA48BF9FED1B0A0029F3
:10A7000018BFF0EE477AB4EE670AF1EE10FAC8BF50
:10A71000B0EE670A012A1DD01AB9002918BFB0EEA1
:10A72000470AB3F9CC2107EE902A30EE000AF8EE82
:10A73000E77AF4EE407AF1EE10FA05D0BDEEC00AE9
:10A7400010EE102AA3F8CC217047002183F8B41131
:10A750005971C4E7B0EE470AE3E700BFB84C0020E8
:10A76000BC06002030130020000000000000FC4167
:10A77000012810B503D10C6823783F2B0CD1FFF7CB
:10A78000DFFD10EE100AF5F70BFFBDE810400246A2
:10A790000B461348FDF734BE12492046FDF7C6F9B3
:10A7A00050B9114B5B790BB9FFF7CEFC0F4A1388F8
:10A7B00043F02403138010BD2046FDF7D5F906EEC3
:10A7C000100AFFF7BDFDB8EEC66AB4EE460AF1EE18
:10A7D00010FAEBD0B0EE460AFFF76CFFE6E700BFD9
:10A7E0007538020851410208B84C00202845002065
:10A7F000884216D030B50B4B0B4C4FF4E16202FB94
:10A8000001334C4342434FF4E1701D1915440138A4
:10A810002D6843F8045BF8D1044B194401230B73F2
:10A8200030BD704774280020F8F8FFFFB84C0020B6
:10A8300010B50C46FFF7DCFF0120A040C0B2BDE818
:10A840001040FDF735BB0000884237D070B51C4A78
:10A850001C4B1618144696F8AA51CDB94C1C86F814
:10A86000AA410024C2F8284255714FF4E16202FB6C
:10A87000003002FB01314FF4E173D0ED007AB1EC0E
:10A88000017A77EEC77A013BE0EC017AF5D170BD31
:10A890004FF4E16505FB003205FB01314FF4E17334
:10A8A000D2ED007AB1EC017A77EE877A013BE2ECE7
:10A8B000017AF5D1204480F8AA31E8E7704700BF5B
:10A8C000B84C002074280020F8B52C4C2218034600
:10A8D000127C94F9B1613ABB013605460AD10321D5
:10A8E000FFF786FF94F8BE3184F8B15123F00803D6
:10A8F00084F8BE31631901221A74214B21494FF4A7
:10A90000E16202FB05334FF4E172D3ED007AB1EC62
:10A91000017A77EEC77A013AE3EC017AF5D10023A8
:10A920006271C4F82832F8BDDFF854C004F1100099
:10A9300000224FF4E16E10F8011BA1B19E4201D03C
:10A94000934210D10F4F0EFB02C54FF4E171D5EDCC
:10A95000007AB7EC017A77EE877A0139E5EC017A73
:10A96000F5D100F8011C0132032AE4D19E42DAD16C
:10A97000FF2384F8B1310023E373D4E7B84C0020FF
:10A98000742800208C3D002010B52DED028B424B29
:10A99000424C1B781BB9B4F96C32002B78D00020E4
:10A9A000B0EE408A0BF062F8DFED3D7A94F8983112
:10A9B000B4EE678AF1EE10FA14BF38EE408A9FEDCC
:10A9C000398A012B10D1384BD3ED187A77EE887A7B
:10A9D000C3ED187A354B01221A7016F041F9B0EE2A
:10A9E000480ABDEC028B10BD002BF3D1304B94F81C
:10A9F000FD2519682C4B042920D12E49096871B115
:10AA000032B1D3ED1F7A77EE887AC3ED1F7AE1E792
:10AA1000D3ED1E7A77EE887AC3ED1E7ADAE732B18B
:10AA2000D3ED2B7A77EE887AC3ED2B7AD2E7D3ED8C
:10AA3000297A77EE887AC3ED297ACBE702290ED1FD
:10AA400032B1D3ED2A7A77EE887AC3ED2A7AC1E75C
:10AA5000D3ED287A77EE887AC3ED287ABAE732B157
:10AA6000D3ED1D7A77EE887AC3ED1D7AB2E794F8BC
:10AA7000B42132B1D3ED1B7A77EE887AC3ED1B7A1D
:10AA8000A8E7D3ED177A77EE887AC3ED177AA1E7B6
:10AA90009FED048AA3E700BF37280020B84C0020B0
:10AAA0000000C84200000000BC0600203013002057
:10AAB000485300209C1E002038B504462DED028B23
:10AAC00000200D46B0EE408A0AF0D0FF142101FBB1
:10AAD00004540E492E3401EB8404D4ED017A38EE8F
:10AAE000400A30EE270AFBEE0E7AB4EEE70AF1EEEA
:10AAF00010FA08DDF3EE0E7AB4EEE70AF1EE10FA82
:10AB000048BF84ED010ABDEC028B38BDBC060020B5
:10AB1000244A92F89831012B0ED1234BDFED237A92
:10AB200093ED180AB4EE670ADFED217AF1EE10FA20
:10AB300008BFB0EE670A70473BBB1E4B92F8FD257D
:10AB40001968194B022906D112B193ED2A0A7047F0
:10AB500093ED280A7047042910D11749096831B1CB
:10AB600012B193ED1F0A704793ED1E0A704712B1A0
:10AB700093ED2B0A704793ED290A704712B193EDBC
:10AB80001D0A704793ED170A7047022B01D1FFF79A
:10AB9000FBBA032B06BF044B93ED1A0A9FED040A80
:10ABA000704700BFB84C0020BC0600200000C8421F
:10ABB00000000000485300209C1E0020114A92F81B
:10ABC0009831012B0CD1104BDFED107A93ED187AF0
:10ABD000B4EE677AF1EE10FA14BF0120002070473E
:10ABE00073B9094B93F8410C58B192F8FD25DFED8C
:10ABF000077A12B193ED1D7AEAE793ED177AE7E74A
:10AC000000207047B84C0020BC0600200000C8425D
:10AC1000054B0028C3F8F40108BF0120A3F8C601C2
:10AC2000024B01221A707047B84C002030130020EC
:10AC3000044B93F8982122B983F8AF01024B01220B
:10AC40001A707047B84C0020301300200A4B93F85C
:10AC5000981141B993F8AF21900705D583F8AF114A
:10AC6000064B01221A7070471AB1022283F8AF21F5
:10AC7000F6E70122FAE700BFB84C002030130020AD
:10AC8000052806D8012804D0024B83F8BB01FEF743
:10AC9000CBBC7047B84C0020031F052B10D947F2DE
:10ACA000305398420CDC0328094B0ADC002283F85D
:10ACB000A301A3F8CE21A3F8D021064B01221A70DC
:10ACC0007047042283F8A321A3F8CE01F5E700BF63
:10ACD000B84C002030130020034BA3F8D001034BE5
:10ACE00001221A70704700BFB84C002030130020BA
:10ACF00030B50C4B0C4C1A1892F8A621082A04D136
:10AD0000082902D01A18002515731A1882F8A611FE
:10AD10000122227029B1072903D07E30002243F896
:10AD2000202030BDB84C00203013002070B5061E26
:10AD30000DDC0024194B1A491A481C441A4B94F88C
:10AD4000A621BDE8704053F82220FDF759BB0868E2
:10AD50000378303BDBB2092B0D4617D8FCF704FF14
:10AD6000441E032CE6D8012EE4D001230C4955F8EB
:10AD70002300FCF7DBFE011EDCDB072909DDA1F166
:10AD8000090359425941094B196070BD00231C4603
:10AD9000ECE72046BDE87040FFF7AABFB84C0020A2
:10ADA000B8380208EB380208307902087C1300201A
:10ADB000084B93F89C21910706D5002283F89C212B
:10ADC000054B01221A7070470AB10222F6E70122F0
:10ADD000F4E700BFB84C002030130020084B93F874
:10ADE0009B21910706D5002283F89B21054B012268
:10ADF0001A7070470AB10322F6E70122F4E700BF98
:10AE0000B84C002030130020074B93F89B2193F897
:10AE10009C3112F0010F14BF0020A020DB0748BFB7
:10AE200040F00F0017F04EB8B84C0020164B07B595
:10AE3000F0EE406A83ED850AFFF7B4F9BDEEC06A13
:10AE4000FFF7FAF9FDEEE67A0C2117EE903AF8EEEC
:10AE5000C67A0E4837EE800ABDEEC00A10EE102A00
:10AE6000D21A009216EE102AD31A094AF9F712FFE5
:10AE7000084A138843F020031380074B01221A70FD
:10AE800003B05DF804FB00BFB84C00202C14002078
:10AE9000784F0208284500203013002001280FD1E8
:10AEA00008B5086803783F2B04D1BDE80840054881
:10AEB000FDF7A6BAFDF7EAFFBDE80840FFF7B6BF09
:10AEC0000048F5E71A3B0208054BFF2283F8C4212E
:10AED000044A83ED860A138843F0640313807047A5
:10AEE000B84C002028450020C31F022B10B5124982
:10AEF000124C06D881F89F01238843F04403238035
:10AF000010BD031F012B02D881F8A001F4E703282C
:10AF100008D1FCF703FE238843F00403238081F863
:10AF20009E01E9E7064B01221A700028F7D00023A2
:10AF300081F8BF31F3E700BFB84C0020284500205E
:10AF400000140020012828D138B50D682B783F2B3C
:10AF500007D0044612492846FCF7E8FD431C05D0FB
:10AF6000B8B1BDE838400F48FDF74ABA2846FDF7AA
:10AF70008DFF0D4B83F8BF410AF030FDFFF7A4FFB2
:10AF80000020FFF7B1FF094A138843F02003138024
:10AF900038BD054B83F8BF01F5E70248E4E700BF81
:10AFA000EF390208213D0208B84C00202845002056
:10AFB00090B308B50346086802783F2A26D0A2F16C
:10AFC0003001C9B2092901D92D2A15D1FDF75EFF3B
:10AFD000134B93F89E3113B90120FFF785FF0AF058
:10AFE000FDFCFFF771FF0F4A138843F02403138021
:10AFF0000D4B01221A7008BD012BF4D10B49FCF74F
:10B0000095FD002802DBFFF76FFFECE7BDE8084085
:10B0100006490748FCF782BF04490548FAE700BF24
:10B02000B84C002028450020B0220020C843020868
:10B03000A6430208034B83F8BC01034B01221A709C
:10B04000704700BFB84C002030130020034B83F83A
:10B05000BD01034B01221A70704700BFB84C00209D
:10B0600030130020F0B5444A92F8A351B2F8CE3123
:10B07000042D00D03BB141490B60B2F8D0310BB187
:10B080003F4A1360F0BDD2E98C673D4956EA07009C
:10B090000B6007D139480360B2F8D031002BF1D0F2
:10B0A0000B60EFE73748B0F800E0374804461F016F
:10B0B0009EB23F5A774503D90133082BF7D11E467C
:10B0C000360104EB060C2D4BBCF80400086041F679
:10B0D0005830BCF802701F60864548D841F288306D
:10B0E000864546D8BEF5FA6F8CBF5A20642000FB17
:10B0F0000EF043F6972C6045DFF89CC0DFED236A25
:10B10000D8BF43F69820CCF80000A019B0F9084049
:10B1100007EE904A92F89841002C40F2291418BF8B
:10B120004FF4687407EE104AB8EEC77AF8EEE77A83
:10B1300047EE667A164C012DFDEEE77A08BF7F00D8
:10B14000C4ED007AC468134808BF1F60046092F819
:10B15000BC411CB11868B0FBF4F0086092F8BD4126
:10B16000002C99D01868B0FBF4F0186094E7282000
:10B17000BDE73C20BBE700BFB84C0020A414002072
:10B18000A0140020C0200020905202080000003DC2
:10B19000A844002054280020F41300202DE9F04D8D
:10B1A00004460D46BF4B93F89831002B40F0B58014
:10B1B000FFF7AEFCDFEDBC7A20EE270ABDEEC00A39
:10B1C00010EE103A1EB2B74B93F8B831B74A13607D
:10B1D00013F0040F06D0B64B1B68002B6ED013463D
:10B1E00003221A60B34B1B68022B00F08480042BEF
:10B1F00040F08480AE4B1B68002B40F08880AB4B46
:10B200001B68012B11DDAC4AD2ED267A9FEDA67AA0
:10B2100027EE877A07EE906AF8EEE77A77EE877A7C
:10B22000FDEEE77A17EE902A16B2022B11DDA24B43
:10B23000D3ED277A9FED9C7A27EE877A07EE906A06
:10B24000F8EEE77A77EE877AFDEEE77A17EE903A36
:10B250001EB29A4BD3E90023AB4208BFA24211D2DF
:10B26000954BD3ED247A9FED907A27EE877A07EEFF
:10B27000906AF8EEE77A77EE877AFDEEE77A17EED6
:10B28000903A1EB28E4BD3E90023AB4208BFA242D4
:10B2900040D2894BD3ED237A9FED837A27EE877ACC
:10B2A00007EE906AF8EEE77A77EE877AFDEEE77AB6
:10B2B00017EE903A1EB24FF0020C21E075A3D3E9CD
:10B2C0000023AB4208BFA24202D27E4B1B881BB1B7
:10B2D000764B01221A6085E770A3D3E90023AB42C5
:10B2E00008BFA24203D3714B02221A607AE76F4B68
:10B2F00003221A6076E74FF0040C01E04FF0000CD7
:10B30000684B93F8FD356BB10CF1010C0AE04FF07E
:10B31000060CF5E74FF0020CF2E7022B0AD04FF0D3
:10B32000000C66465F4B93F8B031002B40F09880DC
:10B3300000273BE05F4B1B68042B04D8DFE803F0D9
:10B34000A7310B1E07004FF0000C6646EAE74FF0EE
:10B350000B0C0026E6E7584BD3ED2D7A9FED527A81
:10B3600067EE877A9FED587A77EE877AFDEEE77A77
:10B3700017EE903A1EB24FF0090CD3E74E4BD3EDC7
:10B380002C7A9FED497A67EE877A9FED4F7A77EEB8
:10B39000877AFDEEE77A17EE903A1EB24FF00A0C6C
:10B3A000C0E74FF0080C0026BCE701370CEB8C021D
:10B3B00093003B448F33404A02EBC30358689968BB
:10B3C000A94208BFA04201D2132FEEDD132F3EDCAD
:10B3D000002F48D007F1FF3E0CEB8C029300734422
:10B3E0008F33354A02EBC308D8F80430D8F8082068
:10B3F000B4EB030865EB02044FEA982545EA84554F
:10B40000A40AC31A61EB02029B0A43EA82529AB36E
:10B410004FEA8C0303EB0C00810008468E442B4955
:10B4200051F82E8007442A4B53F827004FEAE07B5F
:10B4300000FB04F405FB0B44A0FB05012144D317DA
:10B44000F5F776FC404416FA80F636B208E00CEBCD
:10B450008C0C4FEA0C121D4B1344DB6C1E4436B2AD
:10B460003046BDE8F08D0CEB8C0C4FEA0C13174AFC
:10B47000D3581E4436B2F3E70CEB8C0C4FEA8C0326
:10B480009E44124B53F82E301E4436B2E8E7002695
:10B49000E6E700BFFF8B864700000000FF742B7DAE
:10B4A00000000000B84C002000000042B806002058
:10B4B0009C1E002048530020BC060020C01E002017
:10B4C000B01E00203228002000000000F8480020B4
:10B4D000384500202DE9F0472DED048BAB4B064697
:10B4E0000F461878AA49002286B0F0EE408A0A601A
:10B4F000884640B11A70A74A1388012043F004031C
:10B5000013800BF0A3FEA44BA44D1B68A44C002B8E
:10B510003BD0A44BDFF8D8821B68D8F800002B6022
:10B520001A1F53425341002884F8093661DB9E4BB1
:10B530009E4E1B6884F8B431FEF758F8307815F049
:10B5400009FD9B4B1B78ABB19A4BD3F880341B6839
:10B550001B78042B0ED194F8B4313268D8F800105F
:10B560009548003318BF0123FCF7D8FC4FF47A70DC
:10B57000F6F75CF92B68042B00F2F281DFE813F098
:10B58000E7010F021B02FB01360294F8983103F029
:10B59000FD03012B02D106232B602AE094F8091643
:10B5A00074A3D3E90023002900F09D80BB4208BFAB
:10B5B000B24211D38149D1F8182CD1F81C3C6FA1AB
:10B5C000D1E900018B4208BF824200F0A480BB4257
:10B5D00008BFB24280F09F8004232B60784BD3E9F0
:10B5E0000023BB4208BFB24234BF01230023C8F886
:10B5F000003030463946FFF7D1FD07EE900A2B6840
:10B600009FED709ADFF8EC91DFF8EC81F8EEE77AC5
:10B61000032B47EE898A40F088806B4BC9F80030D5
:10B620000023C8F800302968062900F09F8103290B
:10B6300094F89D0100F09180DFED649A0128B1EE4D
:10B64000088A08BFF0EE489A94F89831032B78EEF8
:10B65000A98A00F08580594B93ED1C7AF3EE097AA4
:10B6600037EE277ADFED5A7A032908BFB0EE677A02
:10B67000FEF7BCFDD9F80020D8F800C0D2ED007A62
:10B6800002EB8C0EDEED006A77EEE67A38EEC00A49
:10B6900077EEC77AF4EEC07AF1EE10FACABF012352
:10B6A000002330EE070A032914BFACF108084FF05D
:10B6B000000884F8B4314FEA8803D1189EED007A6F
:10B6C00091ED008A043338EE478A1344B4EEC80A79
:10B6D000F1EE10FA01DDC44545DC012840F015818A
:10B6E000DFED3C7A17E1BB4208BFB2420FD33349CA
:10B6F000D1F8182CD1F81C3C20A1D1E900018B42D3
:10B7000008BF824207D0BB4208BFB24203D2032324
:10B710002B60314B63E71BA3D3E90023BB4208BF77
:10B72000B24234BF0223012336E72C4BC9F8003064
:10B730001223C8F8003016F08DF9DFED297A30EECB
:10B74000670AB5EEC00AF1EE10FACCBFDFED257A3C
:10B75000DFED257A40EE278A65E7DFED1C9A73E777
:10B760009FED227A7EE7B3EC018A08F1010838EEFA
:10B77000478AABE77F6E5A430000000000E40B5499
:10B7800002000000C0FB0D3100000000CA220020B2
:10B790009C1E00202845002014280020485300202B
:10B7A000B84C0020F4530020F0530020E853002050
:10B7B000C8220020E8190020814F0208BC060020A2
:10B7C000D01E00200000003DE0360208000000000E
:10B7D0000000004206000000B81E0020BC4F020816
:10B7E00000000842DF4F8D3D4260653D0000204271
:10B7F000EC530020341300208813002032ED018A1E
:10B8000038EE478A08F1FF38F4EEC87AF1EE10FA04
:10B8100002D5B8F1000FF1DC30EE488A4046FDF762
:10B82000E5FE38EE698A764BB5EEC08AF1EE10FA85
:10B830001A7877DD42B9734A01201870138843F0F3
:10B84000040313800BF002FD9FED6F0AD4ED877A9D
:10B8500038EE008AB6EE007A38EE088ABDEEC88A65
:10B86000B8EEC88A48EE477A9FED688AC4ED877AB9
:10B87000F5EE007AB1EE488A38EE678A38EE088A2B
:10B88000FDEEC87A17EE900AA4F8CC01C0B215F00C
:10B8900061FB5F4B1B7873B35E4BD3F880341B683E
:10B8A0001B78042B27D194F8B491B4F9CCA119F1E9
:10B8B00000093946304618BF4FF00109FFF76EFC0A
:10B8C00008EE100A18EE900AB8EEC88AF4F768FE7F
:10B8D00068EE097A064617EE900A0F46F4F760FE06
:10B8E000CDE901A9CDE90401CDF8008032463B46FF
:10B8F0004948FCF713FB002016F00AFD237A002BC1
:10B900003FF438AE00232B6034E6F3EE0F7A77EE87
:10B91000E97AFDEEE77AF8EEE77A02EB880277EE55
:10B92000807A71E74AB100221A70364A13880120E2
:10B9300043F0040313800BF089FCDFED387AB4EE9A
:10B94000678AF1EE10FA48BFB0EE678A90E716F00A
:10B95000D9FC08B116F072FC0021084616F01EFD55
:10B9600094F8AF3123F0010384F8AF3106B0BDEC99
:10B97000048BBDE8F08716F0C5FC08B116F05EFC3C
:10B98000E179012016F00AFD94F8B40116F014FDD7
:10B99000012016F0D1FC002016F0F0FCE0E70020BA
:10B9A00016F0CAFC002016F0E9FC002016F004FD99
:10B9B000E17901200AE0012016F0BEFC012016F01A
:10B9C000FBFC012016F0DAFC0021084616F0E6FC2C
:10B9D00094F8B401B0FA80F0400916F0BFFC16F0FC
:10B9E00091FC0028BCD116F081FCB9E7012016F0CB
:10B9F000A3FC002016F0E0FC002016F0BFFCD7E707
:10BA00004C2800202845002048E1FA3E00000000B4
:10BA1000C8220020E8190020944F02080000FCC151
:10BA20002DE9F84F3C4E4FEAC00806EB0801D1E97A
:10BA300000AB9B4508BF92450FD0032814461D4616
:10BA40000DD154EA050105D0002015F01FFC334B41
:10BA5000C3E906014644C6E90045BDE8F88F04285D
:10BA600006D1012015F012FC2C4BC3E90801F1E7C7
:10BA70000228EFD12A4BDFF8A49093F8A331DFF826
:10BA8000A8C0DFF8A8E0022B36D1DCF800305A1C41
:10BA9000632BCCF800202FDCD9E9042352EA030100
:10BAA0002AD01BA1D1E900019942A4EB020708BFEB
:10BAB0009042CEF8007038BF7F1007EE907ADFED2D
:10BAC000196AF8EEE77A4FF6FC7287EEA67AFDEE79
:10BAD000C77A17EE907A07F5FF437E3393420BD86F
:10BAE000DFF84C90D9F80030BB42B3D038B216F032
:10BAF00065F8C9F80070ADE7002320462946CCF868
:10BB00000030CEF8003016F087FAC9E90401A1E749
:10BB1000FF379C1C00000000B044002000450020BE
:10BB2000B84C002088E3644108260020FC44002033
:10BB30009413002010B50868FCF716F80B46064968
:10BB40000968024611B90548C0E994230846BDE8D2
:10BB50001040FFF765BF00BFE01E0020B84C00207A
:10BB600003280BD8DFE800F00404060BBDE8104002
:10BB7000FFF74AB9114B1B7A002BF9D170470F4BD5
:10BB800010B51C7A002CF1D1012016F0F7FB2046ED
:10BB900016F0BEFB204616F0CFFB16F04FFB01203F
:10BBA00016F0DCFB0121084616F0F8FB204616F0E3
:10BBB000AFFB0120BDE8104016F0BEBBB84C002022
:10BBC0002DE9F043079CB0EB04084FEAE47561EB04
:10BBD0000509261803F1FF3345EB010700209842C1
:10BBE00002DD0020BDE8F083C118491002EBC1045A
:10BBF000D4E900454D4508BF444501D2481CEEE755
:10BC0000AF4208BFA64201D24B1EE8E70120E9E798
:10BC1000614B1B683BB1614B614A1A60614B1A680A
:10BC2000614B1A607047614B2DE9F047B3F8008013
:10BC300040F24B43984510D85D4B1B886BB9574B6E
:10BC40005C4A1A60584B382251A1D1E900011A60B0
:10BC5000594BC3E90001BDE8F087584B5849D3E977
:10BC60009445D1E900239D4208BF9442554B02D12F
:10BC70001A684245EFD0C1E90045C3F80080524937
:10BC8000474E484FA30843EA857359184FEA950277
:10BC900042F1FF30C6E900104549B1F80090B9F112
:10BCA000000F73D149495B1842F1FF32C6E90232F5
:10BCB0002046032200232946F5F78AF8444BC01892
:10BCC00041F1FF31C6E904016308424943EAC57303
:10BCD00059184FEA550242F1FF30C6E90610052116
:10BCE00039603D49591842F1FF30C6E9081040F665
:10BCF000B731884507D80621396038495B1842F1C9
:10BD0000FF32C6E90A32201945EB05010322002360
:10BD1000F5F75EF8DFF8D4C03A6810EB0C0C41F18F
:10BD2000FF3A06EBC20ECEE900CA41F26F7C531C0B
:10BD3000E0453B600CD8B9F1000F09D002323A60FF
:10BD4000274A801806EBC30341F1FF31C3E9000124
:10BD5000231945EB0500191940EB05044B0821494F
:10BD60003A6843EAC4735B184FEA540002F1010CCD
:10BD700040F1FF3006EBC202C2E90030074BC7F8C2
:10BD800000C01E60084BC3F800C064E716498AE78C
:10BD9000C0F0413A0000000088220020F813002083
:10BDA000E022002000260020FC130020C0200020FC
:10BDB00032280020D0500208E8130020B84C0020A0
:10BDC000D0220020D822002077D8F8FFD7C2F9FF70
:10BDD000FA3AFBFFAE14F1FFCE62F1FFFED7F1FF9E
:10BDE000F4E6F8FF6589EAFF80E5F9FFF475F6FFF0
:10BDF00008B515F0A9F8002015F0ACF816F01EFAF9
:10BE000015F05CFCBDE80840FFF702BF2DE9F843E0
:10BE1000384C394E94F89821384F01239A42338098
:10BE200006D9042A04D03B80BDE8F843FFF7F0BEF2
:10BE3000D4E98C01324D002340F6B832C5E9002325
:10BE400050EA010305D064220023F4F7C1FFC5E9DD
:10BE50000001D4F8F001002150EA01030AD194F85E
:10BE6000A331022BD5E9000101D00018494150EA65
:10BE7000010336D0002342F234128B4208BF8242C3
:10BE800000D2104680B2388016F0B6F8D4E98C891A
:10BE900058EA09033880C7D094F8A3118B1EDBB28F
:10BEA000012BD5E9004507D901291CD1AB0043EA94
:10BEB0009473A20014461D46002382B2AB4208BF11
:10BEC000A242B1D20329AFD012F1FF3043F1FF31CA
:10BED000001945EB0101F4F77BFF80B230B13080EF
:10BEE000A2E70120CEE724196D41E5E70123338065
:10BEF0009AE700BFB84C002008140020C0200020A2
:10BF00002828002008B5044BC3F8F001FFF77EFF96
:10BF1000024B01221A7008BDB84C002030130020DB
:10BF2000012810B503D10C6823783F2B14D1244B82
:10BF30009FED247A1B8807EE903AF8EEE77A67EED9
:10BF4000877A17EE900AF4F72BFBBDE81040024603
:10BF50000B461D48FCF754BA1C492046FBF7E6FD8A
:10BF6000002808DB1A4BD3F8F03143B30020BDE8BA
:10BF70001040FFF7C7BF2046FCF788FFDFED157ABA
:10BF8000B4EEE70AF1EE10FAD1D4DFED137AB4EE95
:10BF9000E70AF1EE10FACADC0D4BF2EE047A20EE5D
:10BFA000270AD3ED7C7AF8EE677AF4EE407AF1EE68
:10BFB00010FA04D0FDEEC07A17EE900AD7E710BD54
:10BFC000C02000200000C8425E3F02087A3F0208FD
:10BFD000B84C0020CDCC4C3E008054442DE9F04FAD
:10BFE00002460B464D484E4991F8008090F8981152
:10BFF00058EA01088DB040F08E804A4984460868AE
:10C00000012800F0888002286BD04749096801F1B7
:10C01000FF3E46490868C117161A63EB010714185A
:10C0200043EB0101019100944149DDE90045CDE96F
:10C030000A23096809914146714555DD9CF80910AC
:10C04000CDE90045DDE90A23E9B9DCE99410DFF820
:10C05000E4C011EB0C04029440F1FF340394DDE9D9
:10C0600002459D4208BF94420DD2DFF8CCC011EBCF
:10C070000C01049140F1FF310591DDE904018B428F
:10C0800008BF824245D3DFF8B4C0DCF8080CDCF806
:10C090000C1CDFF8ACC04FF0000E10EB0C04069443
:10C0A00041EB0E040794DDE90645AB4208BFA2420E
:10C0B00007D212EB0C0A43EB0E0B594508BF504553
:10C0C00027D38B0043EA907382009F4208BF9642B9
:10C0D00021D2DDE900018B4208BF82422CBF002043
:10C0E00002200DB0BDE8F08F01EB0E00099B40105F
:10C0F00003EBC008D8E90089B94508BFB04501D2B3
:10C10000411C99E74D4508BF444502D200F1FF3E6E
:10C1100092E70220E5E70020E3E700BFB84C0020EB
:10C120003928002090220020FC130020F413002066
:10C13000F8130020807BE1FFC0F2FCFFBC0600206A
:10C14000400D03000E4B1A68013204D10D4A1268EB
:10C15000C2F307221A601868431C10D0094B1968F3
:10C1600001F47F4119601A6842EA00221A601A68D5
:10C1700002F0F9021A601A6842F098021A607047D9
:10C1800038130020001002400E4B1A68013204D10F
:10C190000D4A1268C2F307221A601868431C10D0B7
:10C1A000094B196801F47F4119601A6842EA0022BC
:10C1B0001A601A6802F0F9021A601A6842F0600206
:10C1C0001A60704738130020001002400E4B1A68A6
:10C1D000013204D10D4A1268C2F307221A601868AE
:10C1E000431C10D0094B196801F47F4119601A688B
:10C1F00042EA00221A601A6802F0F9021A601A680C
:10C2000042F080021A60704738130020001002408C
:10C21000024B4FF0FF321A60704700BF78130020C6
:10C2200010B52949294B01EB00104FF4E16490F857
:10C230006B2204FB0232B0F96C32254890F91000F1
:10C24000441C0CD091F8B71102EB830006EE101AD3
:10C25000D0ED007A013B4FF0FF30002B00DA10BD2B
:10C2600002EB830191ED007AF4EEC77AF1EE10FA59
:10C270000EDCF8EEC66A76EEA75AF4EEC75AF1EE77
:10C2800010FA07D4B0EE677A013BF0EE477AE4E7A4
:10C290001846F9E7591C02EB810232ED017AB4EE3F
:10C2A000E77AF1EE10FA0ADC37EEE66AB4EEC76A16
:10C2B000F1EE10FAD3DC13F1FF33EED2CFE7F0EE5C
:10C2C000477A1846F7E700BFB84C002074280020D2
:10C2D000C072002010B5284A284B02EB00104FF422
:10C2E000E16490F86B1204FB0131B0F96C32244820
:10C2F00090F91000441C0ED0B2F8CA4192F8B72150
:10C3000001EB830006EE102AD0ED007A01334FF0E6
:10C31000FF309C4200DC10BD01EB830292ED007AFD
:10C32000F4EEC77AF1EE10FA0EDCF8EEC66A76EE9D
:10C33000A75AF4EEC75AF1EE10FA07D4B0EE677AB6
:10C340000133F0EE477AE4E71846F9E7B2EC017AF8
:10C35000B4EEE77AF1EE10FA0ADC37EEE66AB4EEF4
:10C36000C76AF1EE10FAD6DC01339C42EEDCD2E76C
:10C37000F0EE477A1846F7E7B84C00207428002002
:10C38000C07200200C4B002110B518460A4602244A
:10C390000131082983F8692283F8684283F86A2208
:10C3A00083F86B2203F11003F2D14FF49073A0F8DD
:10C3B000683280F8B52110BDB84C0020114A1249EE
:10C3C00002EB001090F86B324FF4E16000FB0313B6
:10C3D00093ED007AB2F8CA1100200246914200DCC7
:10C3E0007047F3EC017AFDEEE77AF8EEE77AF4EEC7
:10C3F000C77AF1EE10FAC4BF1046B0EE677A013288
:10C40000ECE700BFB84C002074280020294B03EB58
:10C410000010294B90F86B12B0F96C024FF4E162F6
:10C4200002FB0131254B93F910305A1C28D001EB47
:10C430008003D3ED007AB2EE047A67EE877A421E6B
:10C44000FDEEE77A002A17EE903A1BDA7047541C8B
:10C4500001EB840171ED017A67EE877AFDEEE77AF0
:10C4600017EE904A9C4207DB03F16405A5421FDBEF
:10C4700012F1FF32EED21BE017EE903A1046F7E7CA
:10C480001846704730B501EB8204D4ED007A67EEB0
:10C49000877AFDEEE77A17EE904AA34204DBA3F118
:10C4A0006405A542D3DC1C46013A002A2346EADA99
:10C4B00030BD00BFB84C002074280020C07200209E
:10C4C000F0B52749274B01EB00104FF4E16290F8DB
:10C4D0006B52B0F96C0202FB0535234B93F9103017
:10C4E0005A1C3BD005EB8003D3ED007AB1F8CA614A
:10C4F000B2EE047A67EE877A421CFDEEE77A17EE19
:10C50000903A964200DCF0BD05EB8204D4ED007A4F
:10C5100067EE877AFDEEE77A17EE901A8B4204DB1E
:10C52000A3F164078F4203DC194601320B46E8E7AA
:10C53000F4EC017A67EE877AFDEEE77A17EE901A4F
:10C54000994207DB03F164058D42DCDB0132964240
:10C55000EEDCD8E717EE903A1046F7E71846D2E738
:10C56000B84C002074280020C07200202E4B1B689D
:10C57000002B57D02DE9F74FC0F11905DFF8C48023
:10C58000DFF8C4A0C1F125046FF001070FFA85F9A7
:10C590007E1C721C1CD058F8043C012B1AD0032BB3
:10C5A0001AD0022B0CBF1420132013F06BFC1423A1
:10C5B000734313F80AB0731C10D11C4A21B24846C9
:10C5C00009F0FCFBBBF1060F27D103B0BDE8F08FEB
:10C5D0000120EAE71520E8E70820E6E7BBF1060FAF
:10C5E0000BD1134B1B68002BEFD0124A21B228B29B
:10C5F00003B0BDE8F04F09F0E1BB58F8042C0E4B36
:10C6000053F8223001930D4B0D4A53F82630009316
:10C6100021B2BB1C484609F0D1FB08F104080D34D7
:10C620003746B5E7704700BF4053002091370208F6
:10C6300080540020A4370208585B02085C53002095
:10C64000BE370208F8530020D85802082DE9FF47EA
:10C65000594C5A4B5A4A44F82030142303FB002308
:10C66000054693F801A0D3ED036ABAF10C0F964684
:10C67000F2EE047A04D1534BD3ED006AB0EE670AB0
:10C68000514B93ED177AB0EEC77AB4EEE77AF1EE3C
:10C6900010FA03DD022004B0BDE8F0874B4BD3ED68
:10C6A000007A77EEE67A30EE007AF0EEE77AF4EE92
:10C6B000C77AF1EE10FAEDDCF4EEC07AF1EE10FA82
:10C6C00077DC4349DFF8348191F8AE91B9F1050F79
:10C6D0002CD1D1F890321A46D1F894320393D1E993
:10C6E000A030D318039A4FEA530340EB020243EA07
:10C6F000C2735208C8E90032C1E99C32B1F98C32E8
:10C70000B1F97C22134403EBD3735B10A1F86C32B4
:10C71000304B93ED007AF0EE007AB4EEE77AF1EE6A
:10C7200010FA03DD2C4B44F82530B3E7BAF1090FBA
:10C7300026D12A4BD3E90001294BDFF8C4C044F8C5
:10C740002530D8E9002310EB0C0641F1FF37BB423E
:10C7500008BFB2420CD3234E801900904FF0000066
:10C7600041410191DDE90001994208BF904202D2A6
:10C77000B9F1050F8ED11C4B44F8253001208AE712
:10C78000142303FB05EEBAF10C0F9EED017A08D0DD
:10C79000DFED167A67EE277A17EE900AF4F730FB92
:10C7A000CAE7134B1B8813B912480021C4E712488B
:10C7B000FBE703206FE700BF5C5300206E720208A6
:10C7C000D85802085C280020BC060020EC44002059
:10C7D000B84C00200C2600207C7202082813002090
:10C7E0008672020820A10700974B020800247449B2
:10C7F00032280020C0BC622FC0CA8936E044002025
:10C80000E05EF8FF30B51B4CDFED1B6A01F5E1730C
:10C8100004EB8303D3ED007A04EB810400235D185D
:10C82000AA4218DC0122B1EE047A37EEC77A07EE8D
:10C83000903AF8EEE77A86EEA76AB4EEC67AF1EEA1
:10C8400010FA15D4012A04D002220C4B0C4943F8EB
:10C850002010104630BDB4EC017AB4EEE77AF1EE68
:10C8600010FA76EE876A03F10103D8DD0222DAE7D7
:10C870000322EAE774280020000000005C53002037
:10C88000547202082B4A2C4B73B542F820302B4BC4
:10C890002B491C682B4B91ED007AB3F8CA312A4D15
:10C8A0000094F2EE0E6A00998B4221DC0194264C32
:10C8B000F2EE0E6A019900292ADC244E0099019DAE
:10C8C000142404FB0064491BB4F90240634364244C
:10C8D00093FBF4F399422BDB0099019C091BB1EB0C
:10C8E000830F25DC1A4B42F82030012002B070BDC6
:10C8F000009905EB810177EE667A91ED006AB4EE5E
:10C90000E76AF1EE10FAD1D4009901310091CAE73B
:10C91000019904EB810177EE667A91ED006AB4EE3D
:10C92000E76AF1EE10FAC8D4019901390191C1E723
:10C930000220DBE75C53002064720208E844002018
:10C94000EC440020B84C002074280020D85802087D
:10C95000974B020838B5074C074B44F82030054682
:10C960000AF064FE20B1054B44F82530012038BDA3
:10C970000220FCE75C5300205B720208974B020820
:10C98000134B144930B50022B3F8CA41F1EE046AE2
:10C990000223944204DC104A104942F8201015E0AA
:10C9A000B1EC017A01F20475D5ED007A37EEA66A92
:10C9B000B4EEC67AF1EE10FA07DCB4EE677AF1EE67
:10C9C00010FAC8BF03230132E3E70123184630BD44
:10C9D000B84C0020742800205C53002054720208D8
:10C9E000194A138810B543F02403012013800AF07C
:10C9F0002DFC164B1648B3F8CA31DFED167A5B08EA
:10CA00001946002402469C4211DB07EE103AB8EEAC
:10CA1000C77A580087EE870A02EB8303DFED0D7AB1
:10CA200088420ADCC7EE876A30EE660A10BDB0ECB9
:10CA3000017A013477EE877AE5E7F3EC016A013198
:10CA400077EEA67AECE700BF28450020B84C00201E
:10CA500074280020000000002B4907EE100A0B6824
:10CA60002A480022B7EE006A93421CDCB3F5E17F4E
:10CA700017D0274A03F24650B8EEC77A02EB80007F
:10CA800080ED007A03F5617002EB800080ED000A12
:10CA9000581C03F5E17302EB83034FF07E520860EC
:10CAA0001A6001207047F0EC016AF8EEC77A76EE62
:10CAB000C65AF4EEE75AF1EE10FA23D876EE866AFB
:10CAC000F4EEE67AF1EE10FA1CD8114B02F5E171A2
:10CAD00003EB8101D1ED007A77EE867A02F561727F
:10CAE000C1ED007A03EB820292ED007AFDEEE77A67
:10CAF000B4EEC07AF1EE10FA48BF82ED000A17EEEC
:10CB0000900A70470132AFE7482800208C3D002092
:10CB100074280020F8B5114B1D68013D2E46AB1B53
:10CB20009D4219DD0E4C002712E0D4E90001D4E942
:10CB300002238B4208BF824207F1010707D2C4E9F2
:10CB40000023F4F7AFF8F4F75BF9C4E90201083405
:10CB5000B742EADB013EE2E7F8BD00BF0026002055
:10CB6000E0220020164B18680138F0B50446031B7C
:10CB7000984224DD134B002503F5E16103F5616262
:10CB800019E0D2ED007A92ED017AF4EEC77AF1EE77
:10CB900010FA05F101050BDD82ED007AC2ED017A94
:10CBA0001E685F681F605E600E684F680F604E60B1
:10CBB000043304310432A542E3DB013CD7E7F0BD86
:10CBC000482800207C2F0020164B18680138F0B54B
:10CBD0000446031B984224DD134B002503F5E16155
:10CBE00003F5616219E0D1ED007A91ED017AF4EE7E
:10CBF000C77AF1EE10FA05F101050BD516685768F2
:10CC0000176056601E685F681F605E6081ED007A85
:10CC1000C1ED017A043304310432A542E3DB013C67
:10CC2000D7E7F0BD482800207C2F0020164B18685D
:10CC30000138F0B50446031B984224DD134B002550
:10CC400003F5E16103F5616219E0D3ED007A93ED3C
:10CC5000017AF4EEC77AF1EE10FA05F101050BD571
:10CC6000166857681760566083ED007AC3ED017A45
:10CC70000E684F680F604E60043304310432A542E1
:10CC8000E3DB013CD7E7F0BD482800207C2F0020E3
:10CC9000044B002283F8412C83F8422C0022DA65F1
:10CCA0005A667047BC06002010B5054CC4E90A233B
:10CCB000DDE90223C4E90801C4E90C2310BD00BF6B
:10CCC00040130020062820D8DFE800F004080C10EC
:10CCD00014181C000D4B83ED210A70470B4B83ED9C
:10CCE000220A7047094B83ED260A7047074B83EDF4
:10CCF000270A7047054B83ED230A7047034B83EDEA
:10CD0000240A7047014B83ED1E0A7047BC060020C1
:10CD1000062821D8DFE800F004080C1014181C00C5
:10CD20000F4B93ED210A70470D4B93ED220A70478C
:10CD30000B4B93ED260A7047094B93ED270A70477A
:10CD4000074B93ED230A7047054B93ED240A704778
:10CD5000034B93ED1E0A70479FED020A704700BF18
:10CD6000BC0600200000000008B5152013F08AF86A
:10CD7000DC2228210248BDE8084013F04DB900BF6D
:10CD800080370208431C31D0194B03EB001292F894
:10CD9000691259B310B592F86812B3F8CA4121F07C
:10CDA000200182F86812611E07EE901AD3F8F01580
:10CDB000F8EEE77A07EE101A67EE807A9FED0D0A1B
:10CDC000F8EE476A67EE807A87EEA67AFDEEC77ABC
:10CDD00017EE901A8C4208DD273003EB0013A2F8FF
:10CDE0006C1200200021C3E9000110BD704700BF94
:10CDF000B84C002000247449054A92F8C2312BB186
:10CE000092F8C33113B9034B185C70470020704788
:10CE1000B84C0020E41E00202DE9F04F3A4E2DEDD5
:10CE2000028B96F8C23183B0002B66D000203346C7
:10CE30000824014693F821204AB1D3E90C25801833
:10CE400045EB0101D3E90A25801A61EB0501013C9C
:10CE500003F13003EED1B6F8CA310193F3F722FFA4
:10CE6000DDED017A07EE100AF8EE677A2746C7EE85
:10CE7000278A4FF0300918EE900AF3F7C1FFC6E990
:10CE80008C0109FB076898F8213023B90137254642
:10CE9000082F0AD12CE007F1010AC8F83C402546CA
:10CEA00009FB0A6B019B9D4201DB2C46E9E72B1B2A
:10CEB00008EE103AD8E90A01F3F7F4FEB8EEC88A92
:10CEC00007EE900A28EE288A78EE277A17EE900A65
:10CED000F3F796FFDBE90023994208BF904211D295
:10CEE0000A4BC8F84050EF54019B01359D42D9DBF5
:10CEF000FEF78CFF064B01221A7003B0BDEC028BCB
:10CF0000BDE8F08F5746C3E7B84C0020E41E002070
:10CF100030130020F8B5154EBDF8184096F8C271D0
:10CF2000354637B196F8C3611EB9BDE8F840FFF742
:10CF300073BF1F460E4B1646C3E90001013C0D4B63
:10CF4000A4B2301A1C8022464FF0000367EB0101A7
:10CF5000F3F73EFF084CC4E90001084CC4E9002384
:10CF6000074B0122C5E98C011A70F8BDB84C0020AE
:10CF7000B8200020A6200020A8200020B0200020FB
:10CF8000301300202DE9F74F2D4B93F8C2219AB3AF
:10CF900093F8C32182BB40F2C114A04228BF2046AF
:10CFA000284A145C302101FB043704FB01110B44B7
:10CFB000D7E90A56FA6BD3E90043801A641B4FEA9B
:10CFC000E07B63EB060304FB0BF100FB0313A4FB04
:10CFD000000119443B6C9A1AD317F3F7F9FE10EBD2
:10CFE000050841EB0609CDE90089DDE90067304617
:10CFF000394603B0BDE8F08F134B1A88134B1FFA64
:10D0000080F9D3E90003A0FB090103FB0911104BD0
:10D01000D3E90053451941EB03080E4BD3E9000354
:10D020005408A0FB09BC03FB09CC1BEB04004CF12A
:10D0300000010023F3F7CCFE2E1848EB0107D6E7DA
:10D04000B84C0020E41E0020A6200020A8200020CC
:10D05000B8200020B02000202DE9F04F2DED028BEC
:10D0600087B0624BDFF8849101934FF0000B5B4671
:10D07000019A92F8A621082A57D15C4AC02303FBE3
:10D080000BF39D184FF4E17202FB0BF200260292A3
:10D090004FF0FF373446049395F8E832D3B1029B42
:10D0A000049A04EB0308524B03EB8808182303FB94
:10D0B00007230393B9F8CA31A3420ADD1FFA84FAA1
:10D0C0005046FFF75FFFD5E9BC23994208BF904265
:10D0D00040D337460136082E05F11805DCD1012270
:10D0E00002FA0BF27B1C51B299F9BE2170D0029B5F
:10D0F0003F48B9F8CA51234400EB8300C0231826E7
:10D1000003FB0BF306FB0733384E3344A54259DCCF
:10D11000019801230373354B0A4383F8BE21354A36
:10D12000138843F0200313800123019A0BF1010BB4
:10D130000132BBF1040F01929AD1002B50D02C4840
:10D1400008F096FD012007B0BDEC028BBDE8F04F62
:10D150000AF07CB87A1C07D1D5F8EC32C8F8003058
:10D16000013408F10408A5E7039B50464B44D3ED76
:10D17000BB8A0593FFF706FF059B95EDBB8AD3EDB0
:10D18000BB7AD3E9BCA2B0EB0A0061EB020138EE36
:10D19000678A0592F3F786FD07EE900AD5E9BC0190
:10D1A000059AB0EB0A0061EB020128EE278AF3F73B
:10D1B00079FD07EE900AC8EE277A77EEA87AC8EDD7
:10D1C000007ACDE7D3F8EC6240F8046B01349DE7B8
:10D1D0000198002322EA0102037389F8BE219EE729
:10D1E00007B0BDEC028BBDE8F08F00BFB84C00204B
:10D1F00074280020284500202DE9F347414B93F87F
:10D20000C221CDE900019A46002A3FD093F8C331EC
:10D21000002B3BD1524692F8211081B3D2E90A6724
:10D22000DDE90001B94208BFB04228D3D2E90C8938
:10D23000494508BF404522D2302202FB03A3D3E96F
:10D240000FA2B8EB0600A2EB0A024FEAE27369EB09
:10D250000701F3F7BDFD0B46009902465408881BF1
:10D26000019944EAC37461EB07055908001945EBBD
:10D270000101F3F7ADFD504402B0BDE8F087013382
:10D28000082B02F13002C6D10020F5E70120FFF79C
:10D2900079FE804600208946FFF774FEB8EB000651
:10D2A00069EB010756EA0703EED00020FFF76AFE9C
:10D2B000DDE900348C4208BF834202D24FF0FF30D8
:10D2C000DAE7BAF8CA01013880B2FFF75BFEDDE9A0
:10D2D0000034A14208BF9842F0D30020FFF752FE6D
:10D2E0007308009C019D43EAC7731C194FEA57025B
:10D2F00042EB0505201A32463B4665EB0101F3F788
:10D3000067FDB9E7B84C00202DE9F84F424E06EB17
:10D3100000138246B3F96C4293F86BB2A5B228466B
:10D32000FFF730FE0AF1270A06EB0A1A002CCAE9B9
:10D3300000016BDDB6F8CA31013BA34266DD374B15
:10D340004FF4E162284602FB0B3BFFF71BFE8046D1
:10D35000681C80B204F18044FFF714FE013C0BEB23
:10D36000840B8146DBF80000F3F71AF90646DBF878
:10D3700008000F46F3F714F90446A8EB090000284B
:10D38000B8BF40420D46F3F7F9F80022244BF3F7FB
:10D390005FF92246804689462B4630463946F2F7E9
:10D3A0009FFF02460B4640464946F3F751F9804637
:10D3B000DBF804008946F3F7F3F802460B46F2F770
:10D3C00091FF02460B4630463946F2F789FF224666
:10D3D0002B46F2F787FF0EA3D3E90023F2F782FF73
:10D3E00002460B4640464946F3F75CFA04460D46B2
:10D3F000DAE90001F3F7F6F802460B462046294623
:10D40000F2F770FFF3F71CFDCAE90001BDE8F88FE1
:10D41000000000809997713DB84C002074280020CE
:10D420000000E03F2DE9F04F544C0701E1198BB0AB
:10D4300091F86BA2149D064619461046FFF7DCFED4
:10D440000028C0F2998005EBD575B4F8CA31DFF831
:10D450003481DFF83491A0EB650200EB6500834274
:10D46000D8BF03F1FF30464B4FF4E16101FB0A3AAC
:10D4700022EAE2720AEB820E94F8B711DEED007A2E
:10D480000292002306EE101AA8F80030C9ED007AC7
:10D490009B4601219C461D46904211DABBF1000FCC
:10D4A00003D0C9ED007AA8F800303C44029BA4F8F0
:10D4B0006C323046FFF728FF28460BB0BDE8F08FEE
:10D4C000BEEC017AB4EEE77AB9B1F1EE10FA03D509
:10D4D00093B24FF0010B0CE0F8EEC66A76EEA76A45
:10D4E000F4EEC76AF1EE10FA13D593B24FF0010BC8
:10D4F00000210132F0EE477ACEE7F1EE10FAE7DCD8
:10D50000F8EEC66A77EEE66AF4EEC76AF1EE10FA54
:10D5100003DCB0EE677AECE701318C4524D002AD34
:10D5200055F821500AEB8505D5ED006AF4EEE76A5F
:10D53000F1EE10FAF0DA082910D00DF1240B0725CE
:10D5400001938D4212D10AA901EB8505019B45F893
:10D55000203CBCF1070FD8BF0CF1010C4FF0010BC0
:10D5600093B259465D46C4E76146E4E75BF8043C84
:10D570004BF80439013DE4E700259DE7B84C002055
:10D580007428002058530020041400202DE9F04195
:10D5900080460C464A4F4B4D4B4E002932D14B4AE8
:10D5A0004B4900231380D8F800200B8001213180E3
:10D5B00048493B800B60484B2A601A60388808EB6A
:10D5C000840368B9444AD3ED007A92ED007AB4EE50
:10D5D000E77AF1EE10FA03D83E49C2ED007A0C600A
:10D5E000D3ED007A95ED007AB6F90030F4EEC77A03
:10D5F00053B3F1EE10FA12D5344BC5ED007A1C800E
:10D60000BDE8F08188B2FFF7BDFC344B1B88C8220F
:10D610005A43D317994208BF9042C0D3CEE7304B4C
:10D6200093F8B73106EE903AF8EEE66A36EE877A6E
:10D63000B4EEE77AF1EE10FAE2D5244BC5ED007AAC
:10D640001C8000233380DBE7F1EE10FAD4DC244A9F
:10D6500092F8B72106EE902AF8EEE66A77EE666A4F
:10D66000F4EEE76AF1EE10FACADD194A94469842E0
:10D670000ADD32F8021B08EB8101D1ED006AF4EEFD
:10D68000C76AF1EE10FA13DA082B0BD015490722FE
:10D6900093420FD10D4A072812882CF813209CBF03
:10D6A000431C3B80094BC5ED007A1C800123C9E770
:10D6B0000133DCE731F802EC21F802E9013AE7E74F
:10D6C000B6220020041400203213002058530020FA
:10D6D00064280020F4440020F8440020C0200020EA
:10D6E000B84C002072280020072813D838B50A4DFE
:10D6F000B5F8CA31044688B283420AD905EB04134F
:10D700002734A3F86C12FFF73DFC05EB0414C4E9C1
:10D71000000138BD704700BFB84C0020411C60D0EC
:10D720002DE9F04F2F4C4FEA001A994604EB0A03FB
:10D73000904693F8692287B0002A4DD093F868226A
:10D74000059022F0200283F868220120FFF71AFCDE
:10D75000074600200E46FFF715FC381A66EB01015C
:10D76000460846EAC1764D08012733462A46564602
:10D770003D469A461746B4F8CA21023A95422BDA3A
:10D780001FFA85FB5846FFF7FDFBB0EB0A03009339
:10D7900061EB07030193DDE90023994508BF90453C
:10D7A0001DD30BF1010080B2FFF7ECFBB0EB0A03D5
:10D7B000029361EB07030393DDE90223994508BF58
:10D7C00090450CD2B246A244AAF86C52059D27356A
:10D7D00004EB0514C4E9008907B0BDE8F08F0135FA
:10D7E000C9E77047B84C00202DE9FF47054608BB44
:10D7F0009B4C9C4F94F869326E1C9BB12846B4F93F
:10D800006CA2D4E99C8908F031F910EE100AF2F705
:10D81000C7FECDE90089CDE90201524631463846BE
:10D82000FAF77CFB082E04F110043546E2D104B06F
:10D83000BDE8F0870C6823783F2B0F4600F0F58099
:10D84000894A8A491388204643F008031380FAF76F
:10D850006DF9A0B9824BFF2283F8B52183F86902E4
:10D8600083F8790283F8890283F8990283F8A90280
:10D8700083F8B90283F8C90283F8D902D7E72046B2
:10D88000FAF772F9441E072C814600F2CE80012D72
:10D8900020D1734D04F1270305EB041805EB0313A6
:10D8A0002046D3E90067B8F96CA208F0DFF810EE63
:10D8B000100AF2F775FECDE90067CDE90201524684
:10D8C00049466848FAF72AFB012385F8B54188F8EC
:10D8D0006932ACE7D7F8048065494046FAF726F983
:10D8E000064607282FD8DFE800F0040D1B5B96A83A
:10D8F00082955B4B03EB0412012182F8691283F8D5
:10D90000B54194E7564B03EB0412002182F86912EB
:10D9100093F9B52194428AD1FF2283F8B52186E795
:10D920004F4B03EB0412012182F86912204683F861
:10D93000B541FEF743FD431C08BF002001B220465D
:10D94000FFF7D2FEA5E7464D05EB0416012386F846
:10D95000693298F80030303BDBB2092B65D840467D
:10D96000FAF7EAFF0B4696F8681285F8B54121F000
:10D970002001024686F86812B5F8CA0100219942D2
:10D9800008BF904205D2204604B0BDE8F047FFF73B
:10D99000C5BE11B2204604B0BDE8F047FFF7A4BEF3
:10D9A000032DB86813D10378313BDBB2082B0ED8B6
:10D9B000FAF7C2FF2A4B03EB0414013894F86832DB
:10D9C00084F86A0243F0020384F868322FE7294999
:10D9D000FAF7ACF800287FF42AAF214B03EB0414CC
:10D9E00094F8683223F0020384F868321FE7032DAD
:10D9F0000ED1B8680378313BDBB2082B08D8FAF7B0
:10DA00009BFF0138164B03EB041484F86B020EE7FE
:10DA10000020F7E71026032D7FF409AF1549B868F9
:10DA2000FAF784F858B1012813D0124A1049124865
:10DA300004B0BDE8F047FAF771BA2026EBE7084BCF
:10DA400003EB041494F8683223EA060684F868624B
:10DA5000EDE6034B03EB041494F868321E43F5E73C
:10DA6000B84C0020783D020828450020EF39020814
:10DA7000B43D0208E83D0208883D020870B5094E31
:10DA8000094D0024B6F8CA31A34200DC70BDA0B233
:10DA9000FFF778FA02460B462846FAF73FFA0134B8
:10DAA000F0E700BFB84C00204738020870B5394E87
:10DAB00096F8C221002A38D096F8C331ABBB0428AF
:10DAC00033D8DFE800F003080B1C03000020BDE89A
:10DAD0007040FFF757BAB6F8CA01F8E7B6F8CA01BE
:10DAE000FFF750FA044600200D46FFF74BFA2418C2
:10DAF00041EB0505600840EAC570690870BD00206B
:10DB0000244B0824014693F821204AB1D3E90C257F
:10DB1000801845EB0101D3E90A25801A61EB050164
:10DB2000013C03F13003EED1E8E7D6E98E23D6E9D4
:10DB300090459D4208BF94423CBFC6E98E45C6E968
:10DB40009023042822D8DFE800F003060919030017
:10DB5000D6E98E01D2E7D6E99001CFE7D6E98E2348
:10DB6000D6E99054500840EAC37059086B0843EA5C
:10DB7000C4736208C01842EB0101BFE7D6E99031D7
:10DB8000D6E98E02181A61EB0201B7E700200146C0
:10DB9000B4E700BFB84C002010B52DED028BB0EEFD
:10DBA000408AFCF7FFFAB4EE480AF1EE10FAC8BF5B
:10DBB000B0EE408AFCF71AFBB4EE480AF1EE10FA18
:10DBC0000C4C48BFB0EE408A022084ED878AFFF7F4
:10DBD0006DFFB0EE480AFDF77DFC94F89831032BF9
:10DBE00001D1FCF737FBBDEC028B034B01221A700D
:10DBF00010BD00BFB84C002030130020012810B524
:10DC000003D1086803783F2B10D10C4C94F898216D
:10DC1000022A02D10A48FAF7F3FB94F89831032B51
:10DC20000AD10848BDE81040FAF7EABBFBF72EF925
:10DC3000BDE81040FFF7B0BF10BD00BFB84C0020DA
:10DC4000003C0208103C02082DE9F04F00208BB088
:10DC5000FFF72CFF064601200F463D4DFFF726FF3C
:10DC6000B5F8CA31009302460B4630463946FFF7F5
:10DC700051F90020FFF71AFFCDE904010120FFF759
:10DC800015FFCDE906014FF00008AA4695F8693264
:10DC90007BB195F8684214F008040AD1D5E99C6775
:10DCA00056EA070311D1B5F96C4221B24046FFF79D
:10DCB0001BFD08F10108B8F1080F05F11005E5D1C9
:10DCC0000BB0BDE8F04F09F031BDDDE904239F4200
:10DCD00008BF9642E9D3DDE90634A74208BF9E4259
:10DCE00033D3BAF8CA41013CDFE71FFA84F948464A
:10DCF000FFF748F98F4208BF864205D30134BAF8CE
:10DD0000CA319C42F1DBD0E709F1FF3080B2FFF766
:10DD100039F9099048468B46FFF734F9099B5A08B0
:10DD2000430842EACB7243EAC173D3184FEA5B0C53
:10DD30004FEA510E02934CEB0E030393DDE90223ED
:10DD40009F4208BF9642B0D2CDE70124D7E700BF7B
:10DD5000B84C0020084BB3F8CA2182420BD01428DB
:10DD600038BF1420B0F5E17F28BF4FF4E170A3F86D
:10DD7000CA01FFF769BF7047B84C00202DE9F04F8A
:10DD800003288BB0844608D09549D1E900018B4225
:10DD900008BF82423CBF02460B469249D1E90001CE
:10DDA0008B4208BF82428B4638BF9B468E4B8246D1
:10DDB000D3E98E8938BF9246D3E99067BCF1040F4E
:10DDC00000F2FD80DFE80CF003586DAE40005F45C7
:10DDD00008BF564538BFC3E990ABD3E99001B3F80B
:10DDE000D221C3E98EAB22F00102B0EB0A00A3F806
:10DDF000D22161EB0B01420842EAC1724B0852EAA0
:10DE0000030100F0DC807849B1F8CA4100256408BC
:10DE1000A4B2AB4208BFA24280F0D180D1E99032D7
:10DE2000D1E98E011B1841EB02024FEA530A4AEA7C
:10DE3000C27A4FEA520B00230AF00102134303D0C7
:10DE40001AF1010A4BF1000B674BB3F8D221B94527
:10DE500042F0010208BFB045A3F8D221C3E98EAB5E
:10DE6000C3E990AB03D0604B0022C3F8E8250BB0A8
:10DE7000BDE8F04FFFF7E8BECB4508BFC24538BF4D
:10DE8000C3E98EABD3E98E01B3F8D221BAEB00001F
:10DE900022F00102A3F8D221C3E990AB6BEB0101A0
:10DEA000A9E7B3F8D221B6EB080E42F00102A3F8BD
:10DEB000D2214FEA5E02DFF828E167EB090C42EA63
:10DEC000CC724FEA5C03DEE900CE1CEB0204069440
:10DED0004EEB03040794DDE90645AB4508BFA245B8
:10DEE00003D2BAEB0C026BEB0E03841A089461EBBD
:10DEF00003040994DDE908455D4508BF544503D294
:10DF0000B0EB0A0261EB0B03BAEB020C36496BEB88
:10DF1000030012EB0A04C1E98EC043EB0B00C1E918
:10DF200090406CE7B3F8D2212D4D42F00102A3F8E6
:10DF3000D2214FEA58037208D5E9004542EAC77278
:10DF400043EAC9739B184FEA590E4FEA5A024FEA47
:10DF5000570C049342EACB724EEB0C030593141951
:10DF60004FEA5B03029443EB05040394DDE90245A9
:10DF7000DDE904AB5D4508BF544503D254465D4618
:10DF8000CDE90245841A61EB030101910094DDE9BA
:10DF90000201DDE90045A94208BFA04238BFCDE932
:10DFA000000100981049841A019860EB0300C1E950
:10DFB0008E4000981418019843EB0000AFE7B94574
:10DFC00008BFB0453FF453AF074BD3E98E01D3E907
:10DFD0009023994208BF90427FF449AF43E700BFC6
:10DFE0009844002080130020B84C002008B5154B41
:10DFF00093F9B30100280CBF0122002283F8B3215A
:10E0000011D1FBF769FC0BA3D3E900230220FFF732
:10E01000B5FE0AA3D3E900230320FFF7AFFE0A4BA6
:10E0200001221A7008BD4FF0FF30FBF755FCF6E7F0
:10E03000AFF3008080C3C90100000000404B4C00DA
:10E0400000000000B84C00203013002001281DD132
:10E0500008B5086803783F2B13D0F9F785FD04282D
:10E060000FD880B212F0BCFE013002D10848F9F797
:10E0700055FFFFF7E9FD074A138843F004031380B7
:10E0800008BDBDE808400448F9F748BF0248FBE76F
:10E09000813F020828450020953F020838B5054613
:10E0A0000C46FFF7D1FD012D07D12068F9F75CFD83
:10E0B000BDE8384080B2F9F71DBF034A137843F03A
:10E0C0000103137038BD00BF001400202DE9FF4785
:10E0D000A0B9FFF7EBFC044601200D46FFF7E6FC74
:10E0E0003B4BB3F8CA310293CDE9000122462B46DF
:10E0F0003848F9F713FF04B0BDE8F0870328064657
:10E100005EDCD1F800A09AF800303F2B0F4657D0C4
:10E11000002820DD5046FAF70FFC80468946012E84
:10E120001EDD7868FAF708FC04460D46032E1AD166
:10E13000B868FAF701FC06460F4627495046F9F73A
:10E14000F5FC002812DB22462B46FFF717FE234B77
:10E1500001221A70CFE74FF000084FF00009DEE708
:10E1600000240025E2E700260027E6E71C49504688
:10E17000F9F7DCFC032804D804B0BDE8F047FCF74D
:10E180008BBD042803D1124B01229A72B3E70528F4
:10E1900002D10F4B0022F8E74B4642460020FFF722
:10E1A000EDFD54EA050304D022462B460120FFF77B
:10E1B000E5FD56EA0703CAD0B0B2FFF7CBFDC6E7CC
:10E1C000054A0749074804B0BDE8F047FAF718B90F
:10E1D000B84C00206E410208985802083013002005
:10E1E000B458020879410208074BD3ED987AF4EE4F
:10E1F000407AF1EE10FA06D0044A83ED980A1388AB
:10E2000043F0240313807047B84C002028450020B9
:10E21000074BD3ED997AF4EE407AF1EE10FA06D07E
:10E22000044A83ED990A138843F02403138070474E
:10E23000B84C00202845002070B41E4B93F89A611A
:10E24000032E0FD9DFED1C7AB4EEE70AF1EE10FAD7
:10E250002BD4DFED1A7AB4EE670AF1EE10FAC8BFDC
:10E26000B0EE670A164D002283F8B6211146284603
:10E27000032ED4B20AD9042A08D0F5EC017AF4EEC0
:10E28000C07AF1EE10FA02F1010211D509B183F85A
:10E29000B64193F8B62183ED830A00EB820270BC8D
:10E2A0001268C3F82422FFF7B3BFB0EE670AD9E7BC
:10E2B0000121DDE7B84C0020CCBC8C2B003C1C4677
:10E2C0008C5B020810B50E4C2DED028B94ED830A89
:10E2D00094ED848AF6EE007A08EE270A80EE080AAA
:10E2E00014F028F9BDEEC00AB8EEC00A20EE080A04
:10E2F000BDEC028B84ED830ABDE81040FFF788BFB8
:10E30000B84C002008B5404B93F89A21032AB7EE89
:10E31000007A3AD9DFED3D6AB4EEE60AF1EE10FA82
:10E3200041D4DFED3B7AB4EE670AF1EE10FAC8BFD4
:10E33000B0EE670AF7EE007AF2EE046AB4EEE60A8F
:10E34000F1EE10FA34DCF2EE046AB4EEC70AF1EE34
:10E3500010FA32D4032A35D99FED2E7AF2EE046AF0
:10E3600000EE267ABDEEC77AB8EEC77A87EE260AA7
:10E3700020EE270A83ED840AFFF736FFBDE8084048
:10E38000FFF7A0BFB0EE670AD4E7F3EE047AB4EE6D
:10E39000E70AF1EE10FAF5DCDFED1F6AB4EEE60AEB
:10E3A000F1EE10FAC6D5F0EE477AB0EE660ACAE78B
:10E3B00067EEA67A80EE260AC0E7C7EEA67A20EEC0
:10E3C000260AC2E79FED157AB4EEC70AF1EE10FAFD
:10E3D00014DC9FED137AB4EEC70AF1EE10FA10DCEC
:10E3E0009FED107AB4EEC70AF1EE10FAB0EE000A13
:10E3F000B7EE007AD8BFB0EE470AB9E7B2EE040A2A
:10E40000B6E7B1EE040AB3E7B84C0020132EE129B9
:10E410009AF97944E5F2FF3ECDCCCC3DD200A04044
:10E42000A30100404703803F2DE9F84FC84D002667
:10E430000027804685F89801AE722C4609F070FAE4
:10E44000BA4685F8A561EE72A5F8C2612946082092
:10E45000002200230138C1E90A23C1E90C2381F815
:10E4600021608F6301F13001F4D1BA4FDFF83893A6
:10E47000D7F81C3CD7F8182CB1A1D1E900018B4288
:10E4800004BF8242B44BB54908BFD3E90023C1E9B8
:10E49000002394F89811B24AB24B032918BF1346CF
:10E4A000C9F800300123C4F804364FF48073A4F88F
:10E4B0000836FBF7B9F8AC4B00261E60002200239B
:10E4C000C4E99223A94A84F8B661137884F89A6162
:10E4D00043F001031370B2EE040A4FF07E53C4F808
:10E4E0002432FFF70FFFBAEE040AFFF7A5FEA04B98
:10E4F000A04A1B6884F8B931C4F820A2A4F8CC6102
:10E5000084F8B461C4F8F0610423494682F89A6142
:10E5100002F8016B013B82F89D61D670F6D11A4674
:10E520000133042B85F8E82285F8002385F81823A9
:10E5300085F8302385F8482385F8602385F878230B
:10E5400085F8902305F1C005EAD18B4A94F8BE31D5
:10E550001278002A6AD00122627343F00203874ACC
:10E56000C4F808225022A4F8D6211E22A4F8D821EB
:10E5700014260122C4E9776284F8BE31A4F8C621CA
:10E580000023A2800525FF20022284F8BF31C4F8B1
:10E5900028A284F8B331A4F8CE31A4F8D03184F89D
:10E5A000A331C4F8F43184F8AE3184F8B10184F8B1
:10E5B000B85184F8B75184F89921D7F8085CD7F896
:10E5C0000C2CA4F8BC31C4E994520FF27C1BDBE99B
:10E5D00000AB032284F89B21694D84F8BB21694A72
:10E5E000C4F89C519845C4F818224FF0040540F235
:10E5F0000112C4E996AB84F8A05184F8C401A4F8D0
:10E60000C831228114BF1A46022284F8AF215E4A23
:10E61000E371A371C4F8E4310023C4E97A23B8F1AB
:10E62000030F24D8DFE808F0054F355F23F00E0311
:10E6300095E7564B0020D3E90023FFF79FFB544B8F
:10E640000120D3E90023FFF799FB524B0120D3E9C6
:10E650000023FFF793FB0122002362710522A4F837
:10E66000CC31C4F8E83584F8B82184F8FD35FBF7DF
:10E67000BDFD84ED870AFDF785FE00234FF4E170B0
:10E6800084F8B531FFF766FB434B01221A70BDE8F1
:10E69000F88F424B424A1B68002B14BF0223012310
:10E6A00084F8B83102200023FFF768FB0023002222
:10E6B0000320FFF763FB3B4BC4F8E835022384F8E3
:10E6C000A3310023D1E7314B0020D3E90023FFF72A
:10E6D00055FB2F4B0120D3E90023FFF74FFB00230D
:10E6E000C4F8E835C1E70B68294897ED1A7A002588
:10E6F00084F8B851D3ED007A244BD0E90010D3E967
:10E700000023521840EB030377EE877A520842EA5F
:10E71000C37202205B08C4ED877AFFF72FFB00234A
:10E720000022032084F8FD55FFF728FB1D4BC4F899
:10E73000E835022384F8A33199E700BFAFF30080E6
:10E7400000E40B540200000000E1F50500000000A9
:10E75000B84C0020BC060020D81E002088540020A1
:10E76000BC4F0208E03602081428002000140020E4
:10E7700088130020C44C00203928002000007A446F
:10E7800002000009000016C3A08601009844002082
:10E7900080130020C81E00203013002060280020B5
:10E7A0008096980080841E003413002038B5144CE5
:10E7B00014494FF4E173A4F8CA31134BC4F8603222
:10E7C0000023C4F864320123002584F8BE3180227E
:10E7D000FF2304F51A7084F8C431A4F8A45114F08E
:10E7E0003FFA294604F53A704FF4407214F046FAA5
:10E7F00084F8B5512846BDE83840FFF715BE00BF84
:10E80000B84C00200849020800002041054B0122B5
:10E810001A70054B93F89831834201D0FFF704BE7C
:10E82000704700BF30130020B84C00200138012889
:10E8300008D91649164803E0BDE838401349144882
:10E84000F9F76CBB38B50D680C4628461149F9F745
:10E850006DF90E4960B12846F9F768F900280446B9
:10E86000EADB0EF0F3FE600004D0022808D038BDC9
:10E870006068F1E7FFF7CAFFBDE838400DF07CBBE8
:10E88000FFF7C4FFBDE838400DF070BBEC3B020859
:10E89000283E0208743D0208012803D10868037865
:10E8A0003F2B06D10D4802E0BDE810400B48F9F7B8
:10E8B000A7BD10B5FAF740F884B2042CF4D820466E
:10E8C00012F08EFA013007D134B9054BBDE8104083
:10E8D00093F89801FFF7A8BD10BD00BF453D0208A1
:10E8E000B84C002038B52F4C94F89A3183422DED66
:10E8F000028B40D094ED830A054607F06FF8B0EE26
:10E90000408A94ED840A07F069F8F0EE408AB0EE90
:10E91000480A84F89A5107F01BF8B0EE408AB0EE2E
:10E92000680A07F015F894F89A31032BF2EE048A7E
:10E9300027D9DFED1D7AB4EEE78AF1EE10FA1DD487
:10E94000DFED1A7AB4EE678AF1EE10FAC8BFB0EEC6
:10E95000678A88EE280AFFF7D5FC94ED840A20EE3A
:10E96000280AFFF769FC124807F082F9114A138858
:10E9700043F020031380BDEC028B38BDB0EE678AF4
:10E98000E7E79FED0D0A28EE000A80EE280A13F053
:10E9900015FE20EE280AFFF74FFCB0EE680AFFF7DD
:10E9A000B1FCE0E7B84C0020CCBC8C2B003C1C46F2
:10E9B00074280020284500209A99993F10B5134CDF
:10E9C0000023237194F89A31032B2DED028B12D979
:10E9D000D4ED847AB2EE048A67EE887AF4EEC07AD7
:10E9E000F1EE10FA07DD80EE080AFFF78BFC94EDDC
:10E9F000840A20EE080AFFF71FFC054ABDEC028BD3
:10EA0000138843F02003138010BD00BFB84C0020D2
:10EA10002845002010B5114C94F89A31032B84BF7F
:10EA200000232371FFF76EFC94F89A31032B0ED963
:10EA300094ED840AF2EE047A20EE270AD4ED837A6C
:10EA4000F4EEC07AF1EE10FA01D5FFF7F5FB044AB7
:10EA5000138843F02003138010BD00BFB84C002082
:10EA6000284500202DE9F04F012889B004460E46C4
:10EA70000CD10B681B783F2B3ED18A4B8A4A8B49BD
:10EA80008B4809B0BDE8F04FF9F748BA002833D1F8
:10EA90000746884DDFF840B2DFF840A295F8BE3156
:10EAA0002341DA0721D595F89A31D5F864025BF84D
:10EAB00023200792F1F774FD8046D5F8600289465D
:10EAC000F1F76EFD2B19661C93F80CC07A4B079A70
:10EAD000BCF1000F18BF5346CDE902010493CDE904
:10EAE000008931467548F9F719FA17B90134042C31
:10EAF000D4D109B0BDE8F08F30680378303BDBB289
:10EB0000092B0BD8F9F730F801380328B5D8013CA8
:10EB1000002C05462FDC04460127BAE7012C40F003
:10EB20009E806249F9F702F8002849DBFFF7DAFE18
:10EB3000634A138843F004031380DAE77468614979
:10EB40002046F8F7F3FF18B95A4B01221A71EFE784
:10EB50002046FAF79BF9FFF75DFFE9E7746859492A
:10EB60002046F8F7E3FF0028EED02046FAF78EF9AA
:10EB7000FFF724FFDCE701239C427DD1524956F880
:10EB80002300F8F7D3FF04460028D1D14F4BDFF81C
:10EB900024814F4F4FF4E16606FB05360135B8F886
:10EBA000CA31A342C4DD56F8040BF1F7F9FC224642
:10EBB000CDE9000129463846F9F7B0F90134EEE70E
:10EBC00000231D46DAE7012CB2DD53E034446068CF
:10EBD000F8F7CAFF411E2846FBF72AFEA8E734448F
:10EBE0003C496068F8F7A2FF324B1D44431E58426F
:10EBF000584128739CE734446068F8F7B5FF411E1C
:10EC00002846FBF721FE93E7344432496068F8F761
:10EC10008DFF2849012291F9BE3102FA05F56DB246
:10EC200090420CBF2B43AB4381F8BE3180E73444A4
:10EC30006068F8F799FF1F4BB3F8CA318342064664
:10EC40007FF71BAFA068FAF721F94FF4E17303FBDC
:10EC500005651E4B03EB850585ED000A49E7022C8F
:10EC6000B1D11149F8F762FF00283FF467AF0128DE
:10EC70003FF474AF00231D4656F8230009499C0059
:10EC8000F8F754FF04283FF6F8AE01A353F820F03C
:10EC9000CDEB0008DFEB0008F7EB000809EC0008FB
:10ECA0002FEC0008543D0208DC3F0208DC43020858
:10ECB0002F430208B84C0020974B0208FF4202087D
:10ECC00028450020514102083C44020874280020D5
:10ECD0000F43020828430208C8AD0208F6420208A2
:10ECE00010B50020F8F788FE04460A20F2F79EFDD2
:10ECF0000020F8F781FE041B04F11403282B0446BE
:10ED0000F3D8114A00211346148884420FD854883E
:10ED100084420CD303EB01130C4A197A11800C4A7C
:10ED2000597A11800B4AD9685868116010BD0131B9
:10ED3000052902F11002E7D1044A07480023138095
:10ED4000034A1380F2E700BFD04A020834280020AB
:10ED5000322800203C1300209A49020810B5FFF722
:10ED6000BFFF074B074A1968074BBDE81040002951
:10ED700008BF1346024605490548F9F7CFB800BF5A
:10ED800060280020974B02084A4402085C360208BB
:10ED900052440208012A38B504460D4607D02A46D7
:10EDA00021460648F9F72CFB4FF0FF3038BD1846D6
:10EDB000F8F7BCFE0028F9DAF1E700BFCF400208FF
:10EDC00008B502460B680C480C49FFF7E3FF03281F
:10EDD00007D8DFE800F002020A0A094B00F0010040
:10EDE0001872084B01221A7008BD0238044B18BF74
:10EDF000012083F80906F4E7938F0208273F0208F1
:10EE0000B84C00203013002008B502460B680748B4
:10EE10000749FFF7BFFF002806DBFAF7B3FF054AF3
:10EE2000138843F02403138008BD00BFE43C0208AC
:10EE30002843020828450020F8B502460B6811480F
:10EE40001149FFF7A7FF03280ED1104D104F114EA7
:10EE500000243B689C4200DBF8BDF5E80223304605
:10EE6000F9F75CF80134F4E70028F5DB0A4B186089
:10EE700001D1FAF737FF094A138843F024031380BE
:10EE8000EAE700BFA438020893380208E022002015
:10EE900000260020AA3802089022002028450020E1
:10EEA00008B502460B6807480749FFF773FF0028BB
:10EEB00006DBFBF7BDFE054A138843F024031380ED
:10EEC00008BD00BF564102084A41020828450020FB
:10EED00008B502460B6804480449FFF75BFF0028A9
:10EEE000A4BF034B187008BDA33F020828430208C3
:10EEF0008E220020411E002011F8013F83B9704787
:10EF0000A3F16102D2B2052A03D8573B03EB0010EC
:10EF10000EE0A3F14102D2B2052A0DD8373BF5E746
:10EF200010B5A3F13002D4B2092CE9D802EB0010DD
:10EF300011F8013F002BF4D110BD0000012802D0D0
:10EF40000F48F9F75DBA38B505460868FFF7D2FFF4
:10EF500000F00703052B04460A4B04D110F480008F
:10EF600018BF284618602146186812F01DF812F0E4
:10EF700033F821460448BDE83840F8F7CFBF00BF5A
:10EF80008F440208E01E0020A54402087FB5061E3B
:10EF900004DC1548F9F734FA04B070BD08680D4672
:10EFA000FFF7A8FF01248DF80000B44214D1E1B2AC
:10EFB00010236A46684612F0E5FB0C4E6C460025AD
:10EFC00014F8011B30460135F8F7A8FF102DF7D1D2
:10EFD0000748F8F7A3FFDFE755F82400FFF78AFF9B
:10EFE0000DF804000134E0E7AC440208CD44020807
:10EFF0000C4302081FB5084B084C1B6D00932046BC
:10F000000023CDE901330393F3F70CF96946204659
:10F01000F3F7FAF804B010BDBC060020F01700208A
:10F02000012810B50A4C0DD1086803783F2B09D090
:10F03000F9F782FCB0F5967F38BF4FF496702065E3
:10F04000FFF7D8FF216D0348BDE81040F8F766BF11
:10F05000BC0600201F44020838B5194B1948C3E903
:10F0600000334FF09044F3F779F917491548F3F757
:10F070009BF94FF48055FFF7BDFF01224FF48051FB
:10F080004FF09040F4F71AFC4FF47A706583F2F772
:10F09000CDFB0E490E48F3F793FB40F2027229466E
:10F0A0002046F4F70BFC0B4B064A93F8433C13F055
:10F0B000040F094B08BF1346084A136038BD00BF50
:10F0C00038530020E8190020F0340208F834020810
:10F0D00060180020BC060020F017002034530020E8
:10F0E00008B50B4B1B78042B07D10A4B0A4893F841
:10F0F000433C5B0709D5F3F773F90848F2F7B6FE0E
:10F100000748BDE80840F2F7B1BEF3F773F9F4E73A
:10F1100060180020BC060020E81900201818002004
:10F12000F81700202DE9F0410346DFF85CC0154FC9
:10F13000002086461C78ECB1202C21D0092C1FD051
:10F14000222C06BF01333E4666469042B8BF41F8C6
:10F150002030013080B21D78344694F80080A845F4
:10F160000AD014F8018FB8F1000FF6D113F8014F4F
:10F17000002CF0D1BDE8F081002DFBD083F800E039
:10F180000133D7E7934B0208954B020838B50F4D72
:10F1900005222946FFF7C6FF0D4B84B2052C1C80C3
:10F1A00005D90C48F8F7BAFE0024204638BD002CDB
:10F1B000FBD02D68084C206808B90446F5E72946BD
:10F1C000F8F7B4FC0028F0D00A34F4E7E852002045
:10F1D000305300207E360208FC44020880B5404BC4
:10F1E000404A9B6940489A61F8F798FE3F48404E74
:10F1F000404DF8F793FE30213046F9F7B3F8002878
:10F2000069D03046FFF7C2FF00285BD003893A4C33
:10F2100013F0040F04D0394A92F90020002A30DBA1
:10F22000DB072ED5202383F3118843682B602378D6
:10F2300043F004032370002383F31188304B1B78C1
:10F2400003F0FF04002BD6D12B68002BD3D02D4F19
:10F250004CF250313846F2F71BFB01300DD101342E
:10F26000032C0ADD2848F8F759FE202383F3118880
:10F2700000232B6083F31188BDE72B68002BE7D1B7
:10F28000B9E700232370214B21491A884368501E97
:10F2900098471648F8F742FE1E4B1B78002BAAD061
:10F2A000012323701C4B93F89831023BDBB2012BF6
:10F2B00002D80CF0EBFA9EE7184A138843F02603B5
:10F2C000138098E7164B17481968F8F727FE074888
:10F2D000F8F724FE8FE74FF47A70F2F7A7FA8AE77F
:10F2E00098160020644B02086A4B0208734F02080C
:10F2F00000530020FC5200200C720020001400205B
:10F30000FC6F0020385300207B4B02083053002054
:10F31000EC52002030130020B84C0020284500207B
:10F32000E85200208D4B020810B50D4C00232360DD
:10F33000FFF72CFF40B103899B0705D5094B0A490C
:10F340001A884368501E9847084B094A93F8433C73
:10F3500013F0040F074B08BF1346236010BD00BF16
:10F360003453002030530020EC520020BC06002013
:10F37000E8190020F017002008B54FF48172102121
:10F380004FF09040F4F79AFA08BD000010B56423DE
:10F3900003FB00F009490860094C2046F2F7C2FE61
:10F3A000A36841F2883202FB03F2064BA3FB023250
:10F3B000520B01212046F2F7C7FE10BDA01300201A
:10F3C000D41700205917B7D108B501210148F2F729
:10F3D000CBFE08BDD41700200F4B1B88834219D0E9
:10F3E00010B5044601280DD0002210214FF09040A6
:10F3F000F4F764FA094A136843F001131360064BEB
:10F400001C8010BD054A136823F001031360FFF749
:10F41000B3FFF4E7704700BF8C2200200074004067
:10F4200010B50446B4F5805F07DB4FF40041074890
:10F43000F2F762FEA4F58054F4E7012C00DC10BD65
:10F44000E1000248F2F758FEF9E700BFC4170020B8
:10F4500010B50446B4F5805F07DB4FF480510748D0
:10F46000F2F74AFEA4F58054F4E7012C00DC10BD4D
:10F4700021460248F2F740FEF9E700BFC41700201A
:10F480002DE9F04F2DED0A8BFDB0CDE920237090D2
:10F490008846002940F0D3830C4C12F0DBFAD4EDFF
:10F4A000007AB4EE670AF1EE10FA05D012F0D2FA43
:10F4B00084ED000AFAF7A0FF054C94F800A0BAF119
:10F4C000000F07D1CDF878A074E000BFD844002029
:10F4D00030130020C14DFAF775F8F8F783FBFDF7FC
:10F4E000BBFD95F89801FCF73BFB95F89831012B93
:10F4F0000CBF282095F8CC0111F02CFDB5F9D401F2
:10F5000012F08AFA0026FCF781FCFBF7ABFDB44B46
:10F510002670C5E97E66C5E9806601271F704FF039
:10F5200080435A6AAF4B1A60FAF78CF9D5F8E83580
:10F53000C5F8F00507EE903AB8EE677ADFEDAA7AE3
:10F54000B4EEE77AF1EE10FA40F1E781C5F8F46520
:10F55000C5F8E86595F89831012B02D9042B40F0E5
:10F56000F481FAF749FFA14B1B780BB9FCF7EAFDD0
:10F570009F4B0024DDE920011C60FBF70FFE9D4B33
:10F580001E941880709BABB1944A92F89831012B6D
:10F5900001D9042B0ED198490B8843F004030B804A
:10F5A000D2E98E01D2E99023994208BF904201D15D
:10F5B00008F0BCF8914A04231168013B01F10101F4
:10F5C00042F8041BF8D1854D95F89831022B40F094
:10F5D0003983D5E98C23134340F03783D5ED887AFE
:10F5E000F5EE407AF1EE10FA40F02F83B8F1000FFB
:10F5F00004D17B4B1B78002B40F03A8395F898316F
:10F60000023BDBB2012B00F2CD8395F89D3123B391
:10F61000062B00F0C78395ED827AB5EE407AF1EEC5
:10F6200010FA4FF0000318D0754A9FED766A136008
:10F63000754A1360754BD3ED007A754BF8EEE77A97
:10F64000B3F95830C6EE276AC6EE877AFDEEE77A40
:10F6500017EE902A1A446F4B1E92DFF880B1DFF844
:10F66000B091DFED6D8ADFF8E4A1DFED6CAA9FEDCC
:10F670006CAADFED6C9A9FED6C8A9FED6C9A2693D5
:10F68000CDF87C809BF89831023BDBB2012B60D82F
:10F690009BF89D0100285CD006285AD0584B0128C1
:10F6A0001A6840F085835B49BBF9CC3151F82240A0
:10F6B0001C1B3F2C00F37883002C0CDA5C4B1C786D
:10F6C000002C40F073834C4A1870138843F00403F5
:10F6D000138007F0BBFDE0B211F03CFC484A4B49F7
:10F6E000136808680133834213602FDB0021116027
:10F6F000454A13685C1CB9F958301460B43325D1FD
:10F700004FF080424B4E556A3368ED1AB5F57A7F5B
:10F710001CDD536A33601E9A4FF448736B4393FBAE
:10F72000F4F393FBF0F3C3F57F43B4324C3313444B
:10F730001BB28B42D4BFA9F85830A9F85810B9F9B8
:10F7400058301344304A1E93002313601E98FFF76D
:10F750007FFE394B1B783BB11F9B384A03F5E173A1
:10F7600002EB8303C3ED008A354B1B882793D9F83E
:10F77000082CD9F80C3CCDE97A23279B6FF0630263
:10F780005B1053432F9300232493A3F59653CDE9A5
:10F790002293279B012B40F31483DA0756BF2F9B3C
:10F7A0002F9A03F13202274B1B685343279A93FB8E
:10F7B000F2F3002BDDE9208907DADDE92045584224
:10F7C000C117A94208BFA04203D218EB030849EBB6
:10F7D000E3791D4B1B68023B3AE000BFB84C0020A8
:10F7E000E41300205453002000401C453928002019
:10F7F0003C280020B422002028450020B04E0020E4
:10F80000A44400200024F44ABC2200208C130020D1
:10F81000BC060020102600200000B4C2000070C208
:10F8200000008CC20000003D00000042000000000B
:10F83000CA2200204C530020C0220020742800203F
:10F8400008140020282800204853002060280020A9
:10F850002B931F9B002B40F3B782DBE99023DBE95E
:10F860008E01994208BF90424FF00003259301F0AA
:10F870008381A64A00231360A54A1360A54A002489
:10F88000CDE97A3413609BF8983113F0FD0F40F006
:10F890004E842B9A012A40F24A849BF80920002AC0
:10F8A00040F09582DBE99423CDE97A239BF89831E7
:10F8B000002B00F0A3829BF899319A071AD5964B3A
:10F8C000D3E900234B4508BF424580F02885934A81
:10F8D0009349D2E90032CB18529342F1000353937B
:10F8E000DDE952344C4508BF4345C0F01885032379
:10F8F0008BF899319BF89D31062B40F01884DDE997
:10F900007A2312EB080143EB090342914393DDE9AB
:10F910004234CDE97A3400F00ABC40F6B832934262
:10F9200004D8C5F8F475C5F8E82513E6984209D25D
:10F93000181AB5F8CA21C5F8F035B0FBF2F0C5F8D1
:10F94000F40507E6C5F8F46504E6FCF73FFC95F816
:10F950009D31012B40F0D280724A95ED826ADFED35
:10F96000726A9FED727A4FF64C71A2F85810704A85
:10F97000802414600620002107EE904AF8EEE77A12
:10F98000C6EEA75AC5EE867A77EEC77AFDEEE77A1D
:10F9900017EE906A132ECDED1E7A6DDD01B1146065
:10F9A000B5F8D601632840F25B124FF0640169D8C4
:10F9B0000638424392FBF1F1002C224604EBD4704E
:10F9C000B8BFE21C92109B005A4D22924010239324
:10F9D000021B594B249205EB840E2E464FF0000C6F
:10F9E00040F25B19C1F1000B229A62454EDA9FED9D
:10F9F000539A0026F7EE008AB3EE048AA6425EDB35
:10FA00004F4B93F89D21052A7FF4BCAD45484849EA
:10FA100093ED827A9FED446ADFED446A4FF64C72B3
:10FA2000A0F8582080220A60072400254FF0010B1F
:10FA300007EE902AF8EEE77AC6EE275AC5EE877AE7
:10FA400077EEE67AFDEEE77A17EE906AB6F5617F1B
:10FA5000CDED1E7A7ADA013C53D102220A60B3F866
:10FA6000D82140F25B1353436422B3FBF2F3314AD3
:10FA700013605B42536085E501388FD05B006410F2
:10FA8000514679E74243B2FBF1F195E71A681F92BC
:10FA900001FB02F7249A97FBF9F737604EF82270C2
:10FAA0001F9A02FB0BF292FBF9F246F820204EF867
:10FAB0000429239A0CF1010C1344043694E7D5ED84
:10FAC000007AF8EEE77A87EE890A30EE280A12F01B
:10FAD0002BFE20EE080A12F071FDFDEEC07A17EE43
:10FAE000903A0C2B04DD0C232B600136043585E79E
:10FAF00013F13F0FB8BF6FF03E03F5E700231E93ED
:10FB00007EE74FEA4B0B5210554691E7A81E0020A6
:10FB1000A01E0020A41E0020B01E0020D01E002029
:10FB200000879303BC0600200024F44A00003443FD
:10FB30008C13002010260020085002080080AD43DE
:10FB4000B84C002000007F4300007A4405B10A60F1
:10FB5000032AB3F8D89180DD90F84D3C002B6CD08F
:10FB60005FED087AB4EEE77AF1EE10FA64D55FED56
:10FB70000A6AC6EE877AB6EE007A77EE877AFDEEED
:10FB8000E77A17EE903A002B57D00720B9FBF0F038
:10FB900091104FEA620E1F91AEEB0201BA4CDFF8F2
:10FBA000ECC2CDE922134FEA8B0A04EB820725460B
:10FBB0000026DCF800106423414391FBF3F1229B03
:10FBC000296047F82310494245F82E101F9B55F82D
:10FBD000041B01364942B34247F80419D444E8DA19
:10FBE000239B002B3FF4CEAC03FB0BFC0026A74B62
:10FBF00035466427684200F07F0005F07F0158BF5A
:10FC000041424029C6BFC1F180014FF0FF300120C1
:10FC10002029C8BFC1F14001013653F8211001FB72
:10FC200009F14843216890FBF7F09642084444F8F4
:10FC3000040B6544DED1A5E400234846A8E7002371
:10FC40001E93C0E443B9EB7A33B1B8F1000F17D17A
:10FC50000321002011F052FED5E98C23134307D174
:10FC6000D5ED887AF5EE407AF1EE10FA3FF4BEACAD
:10FC700095F898314BB9DDE92001FAF723FCBDE492
:10FC8000B8F1010FE8D10221E3E7022B2BD195ED6A
:10FC9000887AB5EEC07AF1EE10FAB6EE000A1EDDF3
:10FCA00037EE007AB5F8CA3106EE908A07EE903A40
:10FCB000F8EEE66AF8EEE77ADDE9200186EEA76A5B
:10FCC000D5ED877A46EE077A77EEA77AFDEEE77AEA
:10FCD000F8EEE77A27EE800AFBF7FCFB8EE448BFDC
:10FCE00037EE407ADEE7032B7FF488AC684B1C6864
:10FCF0005CB1684B1868B0FA80F0400912F02EFB36
:10FD0000654B186811F004FE78E4FAF76FFA95ED88
:10FD1000878ADFED627A38EE408AB4EEE78AF1EE48
:10FD200010FA32D8DFED5E7A012038EE278A85F8A6
:10FD3000B401214612F032FB5A4B1968FAF756FA11
:10FD4000594B1A680B46F3EC017A37EEC07AB4EEE1
:10FD5000C87AF1EE10FA01D5A2421BDC534B95F89C
:10FD6000B42193ED1A7A77EE877AAAB195F89821A3
:10FD7000032A14D093ED1C7AF3EE096A37EE267A43
:10FD800077EEC77AC5ED877A38E4012185F8B4416A
:10FD90000846CFE70134D6E79FED457AF0E79FEDBF
:10FDA000407AEDE7002358E43F2494E4002492E4F1
:10FDB000269B002B3FF492AC33F9220011F004FF94
:10FDC0008CE4DDE9208904E50023259351E5394AD7
:10FDD0001288002A37D1384A118840F24B429142AA
:10FDE00031D883BB26A4D4E900344C4508BF434531
:10FDF00029D2324BD3E90023CDE97A23909B002B03
:10FE000062D0BBF9D421531C34D02D4B53F822308F
:10FE100028930024DDE97A5615EB080046EB09012A
:10FE2000C31A3A9361EB04033B93DDE93A34571C60
:10FE3000CDE97A3400F07682214B53F8223098468F
:10FE40004FF0000973E1229B229AD3F8083C1D4928
:10FE5000D2F80C2C5B18389342F1FF333993DDE96B
:10FE60003834CDE97A34DDE97A23CBE99423FBF702
:10FE7000CFFE1BE500231C46CCE700BFAFF300809C
:10FE8000B82B4E0000000000102600200850020889
:10FE900014280020F0530020EC530020000020C262
:10FEA000000020423413002088130020BC060020EC
:10FEB0000000000032280020C0200020E8130020AD
:10FEC000344C0208E05EF8FF9BF8AF319E0710D576
:10FED000229B93F9403C002B00F0E480AC4BD3E92B
:10FEE0000023994508BF9045C0F0DC8003238BF8C0
:10FEF000AF319BF899319D0733D5A64BD3E9002349
:10FF00004B4508BF424509D2A34BD3E900234B45DB
:10FF100008BF424502D3A14B1B68FBB1A04B1B7825
:10FF2000002B40F0C1809F4B1B88002B00F0BC8051
:10FF3000DDE97A454FEA980343EA897303F57423B0
:10FF400004F57422984903F5107302F51072B3FB9F
:10FF5000F1F3B2FBF1F2934240F0A68003238BF859
:10FF600099319BF8AF31D80740F1CD809BF899319A
:10FF7000022B40F09B80DAF80030002B69D0DDE9DD
:10FF80007A348A49DA1844EB0403521843F1FF33F8
:10FF900046924793DDE946344C4508BF434510D2AD
:10FFA000DDE97A01824BC31841F10002DB18489366
:10FFB00042EB02034993DDE94834A14508BF984567
:10FFC00074D3DDE97A01031841EB01021B1841EB00
:10FFD000020276495B184A9342F1FF334B93DDE905
:10FFE0004A344C4508BF434513D2DDE97A01031872
:10FFF00041EB01021B1841EB02026E495B184C9366
:020000040801F1
:1000000042F100034D93DDE94C34A14508BF98450A
:100010004CD3DDE97A018B0064498200521843EA2F
:10002000907343F1FF334E924F93DDE94E344C45CC
:1000300008BF43450DD2DDE97A235F49511843F1EA
:100040000000830043EA91738A00994508BF9045F8
:100050002CD3514BD3E900234B4508BF424514D361
:1000600049A4D4E900344C4508BF43450DD2494B5F
:10007000D3E90023994508BF904517D24F4BD3E9E8
:1000800000234B4508BF424510D24D4B1B7813B19E
:100090004C4B1B7813B9259B002B48D003238BF8BE
:1000A000993144E0022322E7022358E7444B1B78AE
:1000B00013B1444B1B781BB9259B002B00F0BA8071
:1000C000414B1C8840F6B7339C42DDE97A5694BF19
:1000D0003E4A3F4A0023A81846EB0303B4F57A7F53
:1000E0008CBF3C4A0022821A4FF0000163EB0103EF
:1000F0003C923D93DDE93C34374ACDE97A34012323
:100100001360364AB8E040464946FBF767FF0028CF
:1001100000F0C4802A4B01281B7863D13BB11F9BA0
:100120002F4A03F5E17302EB830383ED00AA2B9AB8
:100130009BF89801012A00F0FD0340F200819BF832
:10014000B3411C4364B2002C40F0F9809BF8993114
:10015000DB0740F1F480DDE97A23994508BF90453B
:10016000DDE97A2380F0E180B2EB080163EB09035B
:100170001C911D93002800F00481022800F00181E9
:10018000012840F06F85E9E0FF83D71700000000E9
:1001900088540020B01E0020D01E00209C1E00208D
:1001A000372800203228002080841E00803C36FE44
:1001B000C0E1E40080C3C901E0707200C01E0020ED
:1001C000C0220020C1220020C020002040420F0099
:1001D00060E31600400D0300A81E0020A41E0020AE
:1001E0007428002002284DD15BB1AF4B1B78002B47
:1001F0004BD01F9BAD4A03F5E17302EB8303C3EDC4
:1002000000AA9BF89931022B19D1DDE97A01430844
:1002100043EAC1734A08A6495B18509342F1FF3381
:100220005193DDE95034A14508BF984507D2032317
:100230008BF89931DDE97A23CDE97A2377E79BF8CA
:100240000930002B3FF473AF9A4B1B88B3F5FA6F5C
:1002500014D940F6B732934212D8974BDDE97A01B0
:100260000022C3183E9341EB02033F93DDE93E3485
:10027000924ACDE97A340123136058E7904BEDE7B9
:10028000904BEBE7002B3FF452AF1F9B874A03F5DF
:10029000E17302EB8303C3ED008A48E78A4B002435
:1002A0004C4508BF434522D3824B1B8840F6B732EA
:1002B000934217D8B3F57A7F4FF000027E4B13D8E4
:1002C00014461546DDE97A01C31841EB02021B1BF7
:1002D000409362EB05034193DDE94034CDE97A3484
:1002E00001230EE7774B0022784C1546EAE7229B64
:1002F00093F84B3C002B3FF41AAF9BF899319907C8
:100300007FF515AF6C4B0093714A08234046494670
:10031000FBF756FC00287FF4C1AE0223BFE60223A0
:10032000FFF7E6BA4FF000088AE5B8EB020169EB87
:1003300003031D93674B1C9101241C601AE7DDE940
:100340007A2312EB080143EB09031C911D9310B1B2
:10035000022840F080842B9B012B11D85E4B18683B
:10036000022840F08B844B464246FBF759FB9BF832
:100370000730002B00F0938442464B4600F08CBCC3
:100380000024229BD3F8100CD3F8141C50EA01036C
:100390000ED0DDE97A67821B61EB07030420FBF7CF
:1003A0003FFB2299D1F8102CD1F8143CCDE97A23E7
:1003B0004A4ADBF800361268002A00F01481002B4C
:1003C00040F0DD809BF89831022B0BD1444B1B6829
:1003D0001BB94FF47A7011F0B7F8002011F050F902
:1003E0000320C9E03F4900224A4508BF414580F04B
:1003F0008180012B01D9042B7CD1394B1B681BB99F
:100400004FF47A6011F0A0F8012011F0ABF8294BFD
:10041000354A1B88344DC8265E4316EB08034FEA65
:10042000E677309347EB09033193DDE93001002390
:10043000F0F7CEFCA0FB052305FB0133B118549166
:1004400047EB03015591DDE95401494508BF40459B
:1004500028D3DDE930018B4208BF824222D201203D
:1004600011F00EF9214B1D6845B1DDE91C019BF827
:10047000BB210023F0F7ACFCCDE91C019BF89831BF
:1004800013F0FD0F40F0C2819BF8B82118495707BF
:100490000A6040F1B181002D00F0A4810323144AC9
:1004A0001360A9E10020DBE7C122002074280020AE
:1004B000806967FFC020002040420F00A81E002076
:1004C00020A1070060E316007F841E00400D03009A
:1004D000A0360208A01E00204853002008830020F8
:1004E0005028002000127A0080C3C9019C1E002001
:1004F000B80600200320FDF7D9FAB3A3D3E90023FF
:100500008B4208BF8242C0F00381B14B1D8840F688
:10051000B8339D4200F2FC804FF47A70684318EBC8
:10052000000649EBE077AB4A002330463946F0F746
:100530004FFCA84EA0FB06236420454306FB013375
:100540002846E917AD18569541EB03055795DDE9A7
:1005500056564E4508BF4545FFF442AF10EB08051F
:1005600041EB090158955991DDE958018B4208BFCB
:100570008242BFF435AF022010F0F4FF72E7944BD3
:10058000944A1D88C8266E4316EB08034FEAE677A7
:10059000329347EB09033393DDE932010023F0F78F
:1005A00017FC8C4BA0FB03238A4800FB0133B118D6
:1005B0005A9147EB03015B91DDE95A01494508BFB8
:1005C00040450ED3DDE932018B4208BF824208D29A
:1005D000B5F5967F05D2012011F052F8DBF8000640
:1005E000CAE70020F8E7002B40F0DE809BF8983146
:1005F000022B14D1784BDAF800201B683AB11BB9F2
:100600004FF47A7010F0A0FF4FF0FF30B4E7002BEA
:100610007FF4E6AE4FF47A7010F096FFE0E666A243
:10062000D2E900124A4508BF41455FD3DAF80020FD
:100630003AB14FF0FF3010F095FFC82010F084FF62
:1006400010E7664900224A4508BF414559D2012BAF
:1006500001D9042B55D1604B1B6833B9DAF800304F
:10066000002B57D0642010F06FFF594B1B88C82611
:100670005E433246F317CDE92823289B584A13EBF3
:1006800008033493299B43EB09033593DDE93401D7
:100690000023F0F79DFB524BA0FB036703FB0177A0
:1006A000289B9B195C93299B7B415D93DDE95C232F
:1006B0004B4508BF424533D3DDE934239F4208BF91
:1006C00096422DD2464A002330463946F0F780FB49
:1006D00000F001035E9300235F93DDE95E23134383
:1006E00002D0DAF80030C3B1042045E734A2D2E9E1
:1006F00000124A4508BF4145A9D2DAF80020002A75
:10070000A5D1354B1B681BB94FF47A6010F01CFF64
:10071000012031E74FF47A60A5E76FF002002BE784
:100720000320FDF7C3F928A3D3E900238B4208BFB8
:10073000824203D2DAF80030002BE9D0244B1B8828
:1007400040F6B8329342E3D84FF47A765E4316EB24
:1007500008034FEAE677369347EB090337931D4AC0
:100760001C4D0023DDE93601F0F732FBA0FB052329
:1007700005FB0133B118609147EB03016191DDE99D
:100780006001494508BF4045FFF42AAEDDE9360166
:100790008B4208BF8242BFF423AEDAF80030002B50
:1007A000B6D16FF00300E7E64FF47A7293FBF2F0F4
:1007B00002FB1030E0E600BF3F787D010000000042
:1007C000FFC99A3B000000007FF0FA020000000021
:1007D000C0200020809698005028002000127A0047
:1007E00080C3C901022B40F0E181AF4B1B88002B75
:1007F00000F0D084AD4B1D60AD4B1B68012B01D0C8
:10080000042B03D1A94B186810F0E0FEA84B186820
:10081000032840F0D981DDE91C23FBF701F9A54B42
:10082000198840F6B733994207D9DBE98C23A24DEA
:1008300000269E4208BF95421ED3A04BDDE91C5600
:10084000D3E906239E4208BF954280F0E2811C98BE
:10085000121A002C00F0EA815242994B186810B12C
:100860009BF8BB315A436FF004035943914200F3A4
:10087000EA81002840F0E781924B9BF898211B7891
:10088000134318D186A4D4E900344C4508BF43452E
:10089000C0F00F8243468C4A934200F205828B4A95
:1008A000934200F21D828A4B1B6823B9FBF76CFC54
:1008B0000123874A1360DDE97A23134304D0DDE97D
:1008C0007A230220FBF7ACF89BF89831012B01D971
:1008D000042B0ED1DBE98C23134304D11F9B43B9B6
:1008E0007C4B1B782BB140464946FAF757FC7A4BB4
:1008F00018807A4B1B68002B00F03581704B6F4AD3
:100900001B68002B764BD2E904011B682E9314BFA1
:1009100003240124C61841EBE3779BF8983113F0C8
:10092000FD0FCDE92C0140F0E881D2E906018F42AC
:10093000A0FB042308BF864204FB013380F0D98169
:10094000951B63EB0704B11847EB030328912A9327
:10095000BDF87C00FCF716FBF0F7A4F90BEE100ACB
:10096000DBE98C0150EA010340F0CC8121462846A6
:10097000F0F798F907EE900A2A9928983BEE67CA93
:10098000F0F790F907EE900A77EECBBA554B1B685B
:100990004493002B40F0CF81AE46A446454A2C98A4
:1009A000118864224A434FEA8C0141EA9E71B942A0
:1009B0004FEA8E032E9908BFB34235BF0918091AB2
:1009C000CB1A5B189342ACBF20222122464B1B68F6
:1009D000002B40F0B581454B1B68002B14BF3E2611
:1009E0002026434BD3F880341B681B78042B40F03F
:1009F000B680449B7792002B14BF6D232023729303
:100A00002F4B1B68002B14BF682320237393394B93
:100A1000D3E90612CDE94412284AD2E90612CDE9FB
:100A20006812D3E904231CEE100ACDE96A23EFF71C
:100A3000B7FDCDE96C011BEE900AEFF7B1FD2E4B2F
:100A40001B78002B2D4B1B7814BF41272027002B30
:100A500014BF532320237493294B1B78002B14BFFE
:100A60004F23202375931C4BB3F900307193254B12
:100A7000CDE96E011988769110F06CFD224B7699C4
:100A80001B781891CDE91903719B1793759B1693E9
:100A9000749B1E48CDE91473289B0E9338E000BF69
:100AA000FF5962020000000032280020B806002032
:100AB00048530020C02000209F86010000450020F0
:100AC0009C1E00203928002000093D007F841E0064
:100AD0003C280020E4130020B4220020C42200207F
:100AE000FC440020A01E0020A41E0020A81E002000
:100AF000E8190020B04400200D8300201583002059
:100B00001B8300209E14002068830020B44B020841
:100B10002A9B0F932E9B0A93CDE90C54DDE92C34CC
:100B2000CDE90834DDE96A349DED6E7BCDE906340C
:100B3000DDE968348DED127BCDE904349DED6C7BED
:100B4000DDE944348DED107BCDE90234739B0193D4
:100B5000729B0093779A1F993346F7F7DFF94FF4AA
:100B60007A70F0F763FE249B1F9A134304D14FF071
:100B70008043AD4A5B6A13609BF89831023BDBB25D
:100B8000012B00F2DF80709BDDF8889013B1A74B3A
:100B90001B7843B91F9B012B05D19BF89D311BB1DD
:100BA000062B7EF46FAD00232393C2E29CA3D3E90E
:100BB00000234B4508BF424504D29D4B1B88002BA8
:100BC00000F0F08201236AE49A4A9B49D2E9063296
:100BD0005918629142F1FF316391DDE96256DDE916
:100BE0001C01B14208BFA8420FD34CF250315B1830
:100BF000649342F100036593DDE96423DDE91C01A0
:100C00008B4208BF8242BFF40AAEDDE91C230320F9
:100C100003E6DDE91C56B34208BFAA42BFF42CAE7E
:100C20001C98121A002C3FF418AE5242834B1B68DA
:100C300013B19BF8BB01424301EB8101914202DBFE
:100C4000002B3FF419AEDDE97A34981844EBE271D9
:100C5000CDE97A0110E601283FF480AB2B9B012BF4
:100C60007FF67CAB03287FF426AE00230024CDE979
:100C70007A3442464B46FAF7D3FEFDE56F4B1B68CC
:100C8000002B3FF479AB9BF8BB210023404649463B
:100C9000F0F79EF802460B460320FAF7C1FE002348
:100CA0000024CDE97A34E7E5A3F57413A3F51063C6
:100CB000F1E5634B0024A14508BF984510D0434699
:100CC000604A934204D8604A934204D85F4AE7E5F9
:100CD0005C4A9B1AF4E7A3F13773A3F5D843F2E714
:100CE0005B4B1B68002B3FF4E6ADFBF72BFA0023B0
:100CF000DFE5B51A67EB030425E628962A97354603
:100D00003C4625E6EFF7CEFF21460CEE900A28463A
:100D1000EFF7C8FF07EE900A77EECB7A28982A996A
:100D200087EEACCAEFF7BEFF07EE900A37EECBBAFC
:100D3000CBEE2CBA2AE6DDF8A0E0DDF8A8C02DE65F
:100D40002F264EE61F9B83B9DBE98C2313430CD17E
:100D50009BF8AF319BF89E2103F00103134334D07D
:100D60009BF89E31002B40F087803A4B1868002892
:100D700000F07081384B1B7823B9384B1B78002B5F
:100D800000F068813649374B00224A4508BF41458B
:100D90001B78C0F0AF80344A1288032A40F0AA8042
:100DA000002B40F0AA804000304BDAF800201B688E
:100DB000002A00F01381022B40F39F80B0F5FA7FE8
:100DC00080F2078100EB400097E0224B1B68002B6C
:100DD000CBD1BBF8C631012BC7D1DBF8E835244AAB
:100DE0009342C2D8DBF80436012BBED1214B1B78CD
:100DF0001BB144F62060FEF713FB9BF8980100F04E
:100E0000FD00461E704270414FF0FF3110F068FF48
:100E1000DBE98C231343A3D0A7E700BFAFF3008027
:100E2000FF8B8647000000004C5300200C7200200E
:100E30003228002000450020B03CFFFF9C1E00200F
:100E4000005A6202001C4E0E006CDC02FF2C3101C5
:100E50003C280020A41400200D83002015830020CE
:100E60007F841E003A280020C0200020308300200C
:100E70009F860100E4130020B54B9BED867AB3F901
:100E800000309BF8A0219BF8980107EE903AF8EE0D
:100E9000E77A57EE087AAF4BB3F90030B0EE677AD5
:100EA00007EE903AF8EEE77A00F0FD0077EE677A09
:100EB000141FFDEEE77A624217EE903A00F1FF351B
:100EC000C3F307138DF8E731624168429BF89F3105
:100ED0009DF8E711684110F07FFE9BF89E31022BD0
:100EE00002D10320FAF700F84FF080439A4A5B6A78
:100EF00013603AE7002B3FF457AFFEF791FA974A99
:100F000000231370964A1370964A1370964BD3E9D8
:100F10000423134300F0BD80709810F065FF934BDD
:100F20001B6823B3924B1B68022B20D084A4D4E906
:100F30000034DDE9201207EE900A944208BF8B428C
:100F4000F8EEE77AC0F09F808A4B1B8842F2341299
:100F5000934240F08D80229B93ED227A27EE087A0F
:100F600077EEC77AFDEEE77A17EE903A18B29BF863
:100F70009A31032B80B240F08E80A0F570609BF810
:100F80009831012B00B200F2BF809BF8AF31DA0735
:100F900040F1BA80784B1B78002B40F0B58007EE0B
:100FA000900A764B259A1B78F8EEE77A67EEA97AD5
:100FB000002A40F08680002B7ED01F9B249A03F2EB
:100FC0004653002A6ED16E4A02EB8303C3ED007ACA
:100FD00072E0B0F57A7F90DA40008EE7B0F5967F48
:100FE00015DA012B40F0E980664B18EB030366939A
:100FF00049F1FF336793DDE9661253A4D4E9003465
:10100000944208BF8B4228BF4FF4967075E7042BBB
:1010100040F3D680B0F5FA7F02DA062358436CE736
:10102000B0F57A7FD8DA800067E7032B0AD1B0F5F4
:10103000FA7FFFF6C7AEB0F57A7FBFF65EAF00EB82
:10104000A0005AE70233BFF658AFB0F57A7FBFF67B
:1010500054AFC5E04C4B186800283FF457AF414BE4
:101060001B78002B3FF452AFFEF7DAF900234BE771
:1010700041F27072934203D1229B93ED217A6DE786
:10108000B0EE497A6CE7229B93ED207A47EE087A1E
:1010900068E700206BE72E4B2E4A1B88128813440A
:1010A00018446CE7364A02EB830393ED007AB4EE02
:1010B000E77AF1EE10FA89D4344B18800123FEF759
:1010C00084BEA3B11F9B249A03F5E1732AB92C4A6D
:1010D00002EB8303C3ED007A09E0294A02EB8303A4
:1010E00093ED007AB4EEE77AF1EE10FAF2D4274BE2
:1010F000B3F900309842A8BF18469BF899319B0776
:1011000044BF02238BF89931239B8342B8BF034627
:101110002393249B01332493709B13B11C4B1B78A6
:101120003BB92F9B249A64332F93279B93423EF71E
:1011300030AB23987DB0BDEC0A8BBDE8F08F00BFCB
:101140003F4B4C00000000007ED1F0080000000082
:10115000B2220020B42200204C5300200D83002036
:10116000158300201B83002000450020A41E0020C2
:1011700048530020C0200020C0220020C9220020A7
:1011800074280020FF1E0AFAA0140020F01300208B
:101190000C72002014A3D3E900234B4508BF42453D
:1011A000BFF410AD12A3D3E900234B4508BF42455D
:1011B000FFF474A90223FFF772B9042B3FF72DAF98
:1011C000042B7FF432AFB0F5FA7FFFF62CAFB0F509
:1011D0007A7FFFF601AF42F20F7398423FF78DAE70
:1011E00000EB600089E600BFFF8B8647000000002F
:1011F000FF742B7D000000002DE9F04F324B2DEDE8
:10120000028B1B8885B0002B44D127A4D4E900347D
:10121000CDE9023426A5D5E900452C4E9FED2C8A58
:1012200096F9409CDFF8B4B0DFED2A8ADFF8B08091
:101230000127002086F8407CF8F74EFB4FF0000AAB
:101240000021009122462B4608468BF80070FEF7DD
:1012500017F907EE900AF8EEE77A67EEA87AF4EE4F
:10126000C87AF1EE10FA04DD1B4BC3E90045B0EE7D
:10127000678ADDE9022314EB080445EB0A059D4269
:1012800008BF9442DCD386F8409C05B0BDEC028BCD
:10129000BDE8F08F08A4D4E90034CDE9023408A5F4
:1012A000D5E90045B9E700BF80BA953E00000000CF
:1012B00080AC6E370000000000AB904100000000E1
:1012C00000F7CB3C0000000032280020BC060020C4
:1012D000000016C30000003D28130020301300203A
:1012E00080C3C9012DE9F74F244B254F254DDFF869
:1012F000A8B097F9409C95F8FD85234E0124032260
:10130000204687F8404C1A6085F8FD45CBF8004030
:10131000F8F7E2FA1D4B34701B88BA462F46F3B932
:1013200012A3D3E900230025009529462846FEF79D
:10133000A7F807EE900A9FED167A164BCBF80050EF
:10134000F8EEE77A8AF8409C67EE877A87F8FD85A1
:10135000C3ED007A0123337003B0BDE8F08F05A31D
:10136000D3E90023DFE700BFAFF30080C0BC622FEA
:1013700000000000C0CA893600000000F4530020BD
:10138000BC060020B84C002030130020322800207A
:101390000000003D5C280020142800202DE9F84FB3
:1013A000CA49CB4CCB4ADFF86CA32DED028B00234E
:1013B000012584F8793284F8893284F8B33184F8CD
:1013C000B4310B606573D2F8086C82F8405C074654
:1013D000D2F80C0C84F8FD35C4E99460BE4E6371FC
:1013E0000FF2C029D9E90089A4F8CC31A4F8AE31B4
:1013F0001423BA48657203FB0763C0E9008993F8B8
:1014000001808AF8005093468146B8F10D0F00F232
:101410003381DFE808F03007917836B0C9C9B0C42D
:10142000B030ABC00120FDF7F1F94FF0FF30F8F715
:1014300053FA01236373142303FB0763B4F8CA014F
:10144000A74AD9680023984217DC00238AF80030A5
:10145000A8F104080125B8F1090F00F20D81DFE8B9
:1014600018F0FF000B010B010401AB00E700FC00CA
:10147000FC00F900F9000020D5E742F8041B013315
:10148000E1E70020FDF7C2F90020F8F725FA142261
:10149000B4F8CA51DFF848E202FB0762012325FADB
:1014A00003FC6373B2F902306FF063016B430020F9
:1014B00093FBF1F1614481424BDC642293FBF2F334
:1014C000884A634403F5E17C142002EB8C0C9E46B1
:1014D00000FB0760754542DC01F5E17002EB80021C
:1014E000814D142000FB0760D5ED007A90ED037A62
:1014F000B8F10C0F18BFF0EE477A9942A8DAE2EC87
:10150000017A0131F9E70020FDF780F9002084F825
:10151000B3516072DBF80C3CDBF8082CC4E994236F
:10152000F8F7DAF94FF48173A4F87832A4F8883226
:10153000052384F8AE31AAE70020FDF767F9022001
:10154000F8F7CAF9012384F8A331022384F8AF31F4
:101550009DE7D2F810A04EF804AB0130ABE7D0F80D
:1015600010A04CF804AB0EF1010EB3E75F4B0D6019
:101570001D60FFF7B7FE0020FDF748F94BA1D1E948
:1015800000015B4BC3E900010020F8F7A5F9594AB7
:1015900001231370DAE7554B0D601D60EBE7534BE9
:1015A0000D6004221A60E6E70120FDF72FF9002004
:1015B000F8F792F90123C9E700220023C9E90023C3
:1015C00014257D4394F8BE319FED4B8A06EB050848
:1015D00098ED030A43F00203F2EE047A84F8BE3178
:1015E00030EE270A01236373FCF726FE735D0B2B95
:1015F00045D1424BD3E900230A21A4F8C6110220A9
:10160000FCF7BCFB142303FB0766D6ED027A67EEFA
:10161000887A17EE900AEFF7F3FB02460B46032099
:10162000FCF7ACFBBDEC028BBDE8F84F08F0C8BD81
:10163000334B1B8853B91FA3D3E90023C9E9002307
:10164000304B01221A70FFF7D7FDB9E71BA3D3E98E
:101650000023F3E70120F8F73FF984F8FD55AFE7E1
:101660009FED290AF9F726F8AAE79FED280AF9F76E
:1016700021F884F8B451A3E79FED240AF2E798F823
:1016800001300D2B07D11E4B1B88002B58D10DA309
:10169000D3E90023B3E7092B3ED11D4BD3E9002347
:1016A000ADE700BF00943577000000000003164E40
:1016B000020000000008AF2F0000000000E9A43580
:1016C00000000000C043F632000000001428002093
:1016D000B84C0020BC060020D858020888540020CE
:1016E0007C2F0020742800205C280020F453002068
:1016F000801300203013002000247449E0530020A0
:1017000032280020CB220020000000420000000010
:1017100028130020392800200C2B0AD0D8ED017A9C
:1017200067EE887A17EE900AEFF76AFB02460B46DF
:1017300065E70E4B1B883BB906A3D3E900235EE7A0
:1017400006A3D3E900235AE706A3D3E9002356E70B
:10175000AFF30080C0BC622F000000004015E73BE3
:1017600000000000C0CA89360000000032280020B6
:101770002DE9F04F2DED048B4FF090438DB00122F9
:1017800007905A839C4BDFF8A8A200221A609B4B5B
:101790001B78002B00F0DE809AF8C231E3B19AF892
:1017A000C341CCB9BAF8CA310093002200231046D5
:1017B0001946FBF7AFFBFAF729FB2046FBF71CFBAA
:1017C0008F4B18809AF89E3133B1302380B203FBDF
:1017D00000A0836BCAF818328A4B002403201C70C7
:1017E000FCF764F9884A00238B4208BF824201D289
:1017F000864B1C709AF89831012B40F2BC80042B68
:1018000000F0B980DAE98C23134340F0B480DAEDBC
:10181000887AF5EE407AF1EE10FA40F0AC804FF0A5
:10182000000804F08DF87A4EDFF804B2CDF8088095
:10183000002306930223CDE909635F469BF8C2317A
:10184000002B00F0A4809BF8C331002B00F09F8098
:101850006B4D2E8830240136B6B2092E28BF0026E3
:1018600004FB067393F82120002AF4D006FB044100
:101870003944D3E90A23D1E900018B4208BF8242EF
:101880002E801BD2634801688E4217D0066000206C
:10189000FCF774FA2B8803FB04433B44D3E9002391
:1018A0000120FCF76BFA97F89E312BB12B8804FBD3
:1018B0000374A36BC7F8183200237B7197F8A1015A
:1018C000002869D00120FDF787FDFDF77DFD00238D
:1018D000C7F8EC35DBF8F83593B14FF080400233B0
:1018E000416AB1FBF3F203FB1212002AF8D04FF069
:1018F0008040416AB1FBF3F203FB1212002AF8D1D7
:101900004549D1F8182CD1F81C3C33A1D1E900018C
:101910008B4208BF824217D1404B1B88002B3ED11F
:101920002FA5D5E9004597F89831002B42D1B7F89B
:10193000CA01013880B2FBF725FB8D4208BF844203
:10194000374A30D3C2E90045364B0493364B0593F2
:10195000002654E29AF89831012B02D9042B7FF427
:1019600049AFDAE98C2313433FF444AF254A137897
:10197000013313703EE707F0C9FC00287FF44FAF36
:1019800009F0AEF8B0FA80F84FEA581849E7214B51
:101990004FF0FF321A6091E7FDF71EFD97E712A5A1
:1019A000D5E90045BFE7214BE31845F1FF31C2E916
:1019B0000031C9E7022BC7D197F80926184B2AB185
:1019C0000BA2D2E90012C3E90012BDE7099A1A601E
:1019D0000A9A5A60B8E700BF00E40B540200000006
:1019E0000008AF2F0000000000E9A435000000004F
:1019F000806E5A4300000000A444002030130020F1
:101A0000B822002050530020DF93040044530020EC
:101A100000E40B5478130020BC060020322800207C
:101A200088540020C42000208C3D0020001F0AFAAA
:101A3000B84C00208E4ADFF864829FED8E8A002326
:101A4000137040F2C313734308931FFA86F9484694
:101A5000FBF798FA9BF8C23104460D46ABB19BF8F0
:101A6000C33193B94846FBF7C7F9B8F80030834251
:101A70000BD09BF89E31A8F8000033B1302380B220
:101A800003FB00B0836BCBF8183297F9B3310093A6
:101A900022462B4631460798FDF7F2FC47F23053B9
:101AA000984218D007EE900AB8EEE79ADFED727A06
:101AB00029EE279A079B8BB1704B1B7873B1704B43
:101AC000DDF808801878002840F093800DB0BDEC58
:101AD000048BBDE8F08FB0EE489AEBE797F89831A9
:101AE000023BDBB2012B0ED8BB7A63B9D7ED887A03
:101AF000F5EE407AF1EE10FAE1D10320FBF7D6FFC4
:101B000050EA0103DBD1D7F8EC358BB9D7F8F405EF
:101B100070B197F89831012B04D9042B02D097F8B3
:101B20009D312BB947F22F5398427DD8FDF778FCB1
:101B3000D7F8F0455349544A4FF080438C425B6AD2
:101B4000126802D89B1A64245C434D4B1B78002B0F
:101B500041D0029B002B3ED04A4B9C423BD916F011
:101B6000070938D10F20089BBAF8CA51B3FBF5F525
:101B70000EF094F901232A4640F237111E200EF090
:101B800053F848460EF08AF90123C5F5E17240F298
:101B9000371105F11E000EF047F83C4B9C420AD964
:101BA0003B4804F065F83B4A1388012043F0910359
:101BB000138005F04BFB9BF89831023BDBB2012B05
:101BC00009D8DBED887AF5EE407AF1EE10FA48D0CC
:101BD000304609F075FE304B1B78002B63D0244A49
:101BE0001378002B5CD1059B83ED009A01231370C1
:101BF0002BE7B8F1000F15D0DBF8F025214B9A4206
:101C00004FF000007FF662AF0EF048F91E2001236E
:101C10004FF4E17240F237110EF006F84FF0FF304A
:101C200009F04EFE002051E742F210794FF47A7528
:101C3000B0FBF5F4642C2046A8BF642009FB00F03B
:101C400000F2E730B0FBF5F0EFF7F0FD079B23B1B2
:101C50000A4B1B78002B7FF432AF643C002CE9DC8C
:101C600066E70320FBF722FF50EA0103B0D1B2E799
:101C7000C122002000002EC30000003D0C72002095
:101C80009C13002040420F004C5300208096980087
:101C90007428002028450020C0220020B8220020FF
:101CA000434A002313709BF89831023BDBB2012BAF
:101CB0000CD8404C23784BB14FF4FA623E493F4870
:101CC00009F070F90023237009F02EFE97F898317F
:101CD000012B02D9042B40F08B8097F8C431FF2BE5
:101CE0004FD1D7ED867AF4EEC97AF1EE10FA08D822
:101CF00097F8A1311BB14FF47A60FDF747FB012340
:101D000006930021DFF8C4802D4C2E480B46B50009
:101D10003146A8F10C091E4618F8013B002B5FD193
:101D2000294B1B780BB1002E5AD198F8033093B38E
:101D3000059B93ED008A39EE488A98F89D317BB176
:101D40004FF4E172013B02FB03131D4A02EB8303D4
:101D5000D3ED007A38EE678ADBED8A7A38EE278A8F
:101D6000027898F89931CAB9EBB1013B062B37D804
:101D7000DFE813F02E003D014701670173017D018B
:101D8000EE014FF4E17202FB03630D4A02EB8303A1
:101D9000D3ED007AA7E7B0EE498ACEE7032B02D154
:101DA000049A00231370631983ED008A18E000BFC2
:101DB000C12200204C2800207B58020890580208BD
:101DC00074280020E4130020C9220020C44C002005
:101DD0006319D3ED007AF4EEC87AF1EE10FAE3DC81
:101DE0000136042E09F1040904F5E16494D10E468C
:101DF000049B01330493059B043301360593BBF820
:101E0000CA31B3423FF716AE9BF89831023BDBB2C2
:101E1000012B07D89BF89D3123B1B54B1B78002BC4
:101E20003FF458AD9BF89E1161B1DBE98C2313435D
:101E300008D0069B002B3FF401AD022902D10320FC
:101E4000F9F752F8AB4B1B78B3B1029BA3B1DBF8A7
:101E5000F025A94B9A420FD900200EF01FF81E2042
:101E600001234FF4E17240F237110DF0DDFEBBF8B3
:101E7000CA01013809F024FDDBF8EC354BB94FF00D
:101E800080439E4A5B6A12689A1A64235343CBF8D4
:101E9000EC35DBF8F015DBF8EC35CA1A002AB8BFD0
:101EA0005242B1EBC20F04D295490A8842F00602B1
:101EB0000A80DBF8E845CBF8F035A34240F28A818E
:101EC000DBF8F425EAB11C1BBBF8CA31B4FBF3F410
:101ED000A24240F27B81121BCBF8F425894D2B687E
:101EE00073B1874A138843F00403DBE98E01138042
:101EF000DBE99023994208BF904201D105F016FC1E
:101F00002C60814B1A7832B100221A707C4A1388F7
:101F100043F0040313809BF89831023BDBB2012BA2
:101F200004D87A4B1B78DD073FF588AC784E794BA7
:101F300033606F4B784D1A78DFED788A9FED788AA1
:101F4000DFF808920293002A14BF4FF000084FF008
:101F500003084FF4E16707FB08570497B0EE689A4F
:101F600047469BF8BE213A41D00740F184816D4B32
:101F70001A7812B1012F00F07E81DDF81080002464
:101F8000BBF8CA31A34200F33181674B674A198815
:101F9000002940F03F811168A9F800100121198043
:101FA0001068002817DD049B96ED007A03EB800291
:101FB000D2ED007AF4EEC77AF1EE10FA0BDD5C4A4E
:101FC000C6ED007A106080B2FAF7DCFF594AC2E928
:101FD0000001594A17609BF89821012A02D9042A66
:101FE00040F049814FF0000840463B4634E1631918
:101FF000D3ED007AF4EEC87AF1EE10FA7FF5F0AE88
:10200000D2E604EB050CDCED007AF4EEC87AF1EED2
:1020100010FA05D5049A8CED008A00231370DFE6D0
:10202000049B1A78DBF8DC319A4206DDB6EE007AC2
:1020300077EEC77ACCED007AD2E6049B01321A70B3
:10204000CEE6631993ED007AF0EE087A07EE278A60
:10205000F5EE007A28EE278AA6E6631993ED007A5A
:10206000F2EE0E7A07EE278ADFED347AF2E7344B90
:102070001B68621992ED000A43B3DFED329A0B91AF
:1020800020EE290A089210F0C9FAD9F8F831013B7C
:1020900008EE903AF8EE688A68EE808A28EE290AFF
:1020A00010F0BCFAD9ED7E7A38EE800AF8EE677A45
:1020B00080EE270A10F038FB089A13480B99DFEDE1
:1020C000227A20EE270A82ED000A89E6D9F8F83153
:1020D000013B07EE903AF8EE677A07EE808AD9ED79
:1020E0007E7AF8EE677A88EE277A82ED007A77E6D4
:1020F000392800209C13002040420F004C53002040
:102100002845002044280020E4130020001400206B
:10211000EC44002000002AC3742800200000C842BC
:1021200000002EC336280020B6220020F4440020F0
:10213000E8440020E0440020F04400200000803DFE
:102140007C130020E3C86B3E67F98A4064280020B6
:10215000DBE98C23134304EB050CD14A26D141B9AA
:10216000BBF8CA3103F18043013B04EB83031B68D6
:102170001360CB4BD3ED007AF4EEC87AF1EE10FA8F
:1021800017D5DBF8E021012A13DD07EE102A38EE1F
:10219000678AB8EEC77AC8EE076A76EEA77AC3ED0B
:1021A000007ABF4B1B68CCF8003019E6DCF8003031
:1021B000DEE7F4EEC87AF1EE10FAB94B03DDDBF896
:1021C000DC21012AE1DC83ED008AEAE70023CBF879
:1021D000F43583E608D2E41ABBF8CA31B4FBF3F451
:1021E000DBF8F4352344F2E7002477E6214604982F
:1021F000FBF7CCF9F8EC017AF4EEC87AF1EE10FABC
:1022000006DDF4EE687AF1EE10FA48BFF0EE678A68
:102210000134B5E6B9F800101160C1E63846103453
:10222000072817DC94F86922471C002AF6D094F896
:1022300068229106F2D594F86B229A42EED10BEB0C
:10224000001239F81810A2F86C120593FBF75CF82D
:10225000059B384608F10108924A128842454FEA28
:10226000001401DD5C44DBE780461F465C44B8F1A6
:10227000070F40F3F180049B013FA3F5E163049352
:102280007B1C7FF46EAE029B1A789BF89831134347
:1022900040F08B809BF80530002B00F086809BF887
:1022A000FD05002840F081807F4B8BF8B4011B882E
:1022B000092B8CBF6FF022046FF02704FBF7F6FBAD
:1022C00075A3D3E900238B4208BF824211D2F8F7ED
:1022D00065FF07EE900AF8EEE76A07EE904A9FED79
:1022E000737AF8EEE77A46EE877AFDEEE77A17EE34
:1022F000904A9BF8FD35002B6D4B1A6818BF6FF0A4
:102300002C04002A00F0BB806A4B1B684FF4E1717B
:1023100001FB032305EB830393ED006AF8F710F844
:1023200036EE400ABDEEC00AB8EEC00ADBED857A93
:1023300030EE270AFDEEC07A17EE903A9C4240F349
:10234000A180BBF9CC21002A40F3A2801B1B4FF0D7
:1023500080425949526A0868121A42F21070824249
:1023600023D95A1D0A2A20D9BBF8CC2102EB4303FA
:102370001BB2002B80F2AE800023ABF8CC314FF0C3
:1023800080435B6A0B60F7F7DBFFBDEEC00A10EE1F
:10239000103A580000F0FE000EF0DCFD474A1388AA
:1023A00043F004031380F8F727F8454B00221A7016
:1023B000029B1B78002B40F0B6809BF89831012BD4
:1023C00002D9042B40F0AF809BF80430002B00F0C2
:1023D000AA8096ED000A03F0BBFA9BF89A31DBED78
:1023E000847A032B80EE278A40F20E81354BDFED95
:1023F000377A9BED837AB4EEE77AF1EE10FAF0EEDD
:10240000676A75DDB0EE006AB4EEC68AF1EE10FAC6
:1024100064D5B4EEE70A0522F1EE10FA1A7000F165
:10242000F080DFED2B7AB4EE670AF1EE10FAC8BF48
:10243000B0EE670AB4EE407AF1EE10FA73D0B2EE65
:10244000048A80EE080AFBF75DFF9BED840A20EE0C
:10245000080AFBF7F1FE66E094F869325BB194F884
:1024600068329A0607D594F86B32BB4203D100213B
:102470004046FBF739F908F101081034F7E69FED03
:10248000120A53E704DABBF9CC213B2A7FF75EAF8F
:1024900000235CE7AFF3008080C3C90100000000A7
:1024A00090130020B6220020C02000200000003D34
:1024B000E8440020F0440020545300202845002028
:1024C00044530020582800200000C8C2CCBC8C2BEC
:1024D000003C1C463C2BC8BF3C234EE7F1EE007A83
:1024E000B4EEE78AF1EE10FA0DD51A7801321A70BF
:1024F0001B78042B09D9B4EEE60AF1EE10FA90D558
:102500001FED0E0A96E700221A705FED0F7AB4EE07
:10251000E77AF1EE10FA06D5F2EE047AB4EEE78A25
:10252000F1EE10FAE7DC9BF8AE41012C40F0F680AA
:10253000BBF96C320A2B40F31982D64C4FF00208DB
:102540004FF00009BAF86C02FAF71CFD00FB09F322
:1025500001FB0831A0FB08230B44C8EBC80108F1BC
:10256000FF300091FAF75EFF18F1010849F1000908
:10257000B9F1000F08BFB8F1090F84F8790204F12E
:102580001004DFD19BF8AE31102B2DD1BBF8C83130
:10259000BBF8CA21934227D207EE903AF8EEE76AD9
:1025A000F3EE0E7A66EEA76A07EE902AB8EEE77AA7
:1025B000F3EE0D7A86EE876AB74977EEC67A77EE44
:1025C000A77AFDEEE77A17EE902AABF8CC2101222C
:1025D0000A708BF80D2003F5E17205EB82050133DB
:1025E00032682A60ABF8C831AC4A137833B19BF833
:1025F000BE110B438BF8BE31002313700120FFF78F
:1026000065BAB0EE670A1AE7B0EE680A03F0A0F9FF
:10261000A34BDBED856A93ED007A9BF8FD359FEDCA
:10262000A66ADBED848AB8EEC77A002B37EE667AAD
:10263000F3EE046A08BFF0EE466A37EE667AC0EE43
:10264000287AC7EE286A9BED830A80EE287AF4EE9A
:10265000667AF1EE10FA48BFF0EE667AF2EE046A9E
:1026600077EE666AF4EEC86AF1EE10FA0DDCF4EE6D
:10267000C77AF1EE10FA08DCF0EE006A77EE266A0F
:10268000F4EEC86AF1EE10FA1CD538EE677AF2EE75
:10269000006AB4EEE67AF1EE10FAF7EE009A0AD587
:1026A0009FED800A37EE800A30EE290A0FF042FFD4
:1026B00020EE280ACDE6B0EE480A0FF03BFF30EEE0
:1026C000290AF5E7F6EE006A77EE666AF4EEC86A64
:1026D000F1EE10FA08D4DFED736A77EE666AF4EE75
:1026E000E76AF1EE10FA02D538EE800AB1E6DFEDC6
:1026F0006E6A77EE666AF4EEE76AF1EE10FA7FF73B
:1027000012AFF7EE087A37EE677AB4EEC87AF1EED8
:1027100010FA7FF708AF30EE680A9AE6072C1ED150
:10272000BBF96C320A2B7FF75FAFBBF97C02BBF9B8
:102730008C42A042034605DDABF87C42ABF88C022C
:1027400020461C4680B2FAF71DFC8046A0B289469E
:10275000FAF718FCCBE9A089CBE9A40112E7022C17
:102760003CD1BBF96C120A297FF73EAFBBF97C3232
:102770000A2B7FF739AF9942D4BF1F460F464FF05F
:102780000000C8BF1946FAF7AFFF39460120FAF733
:10279000ABFFDAE99C81DAE9A07918EB080241EB9A
:1027A00001030491D21B4FF00A0163EB090300916E
:1027B0002046FAF737FEFF1904998AF8890249EB97
:1027C00009090A23B7EB080200934FF0030069EBF5
:1027D0000103FAF727FE8AF89902D3E6032C12D1F7
:1027E000BBF96C120A297FF7FFAE9BF89831002BDA
:1027F0004FF6907308BF702313FA81F109B20120DC
:10280000FAF772FFBEE6631FDBB2012B02D9082C78
:1028100040F0AC80BBF96C120A2940F3A780BBF8EA
:10282000CA31DFED227A9B0803EB430005EB8302FC
:10283000834217DB062C20D11D4B93ED008A37EE27
:10284000888A1C4B0024F3EC017AF4EEC87AF1EE8E
:1028500010FA04F1010731D421B20120FAF744FF44
:1028600027462EE0B2EC017AB4EE677AF1EE10FA68
:10287000C8BFF0EE477A0133DAE7029B1B78B1EE6E
:10288000088A002BB0EE087A08BFB0EE478A37EE10
:10289000C88AD6E7B84C0020301300200426002058
:1028A000A8440020CDCC0C419A992141000048C396
:1028B000C07200207828002000000000B9423C4689
:1028C000C1DCBBF8CA31BBF96C225C1EA2420DDA36
:1028D000631E05EB8301D1ED007AF4EEC87AF1EEC8
:1028E00010FA2FD421B20220FAF7FEFEE31903EB0F
:1028F000D3735B10DA1BE31A02EBD27203EBD373D0
:1029000007EB6202A4EB6303991AA1F10B005828AC
:1029100028D805EB82001FED187A074614469C4222
:1029200012DD013107EE901AF8EEE77A5FED1E6ACC
:1029300087EE276A9A420DDD444B86EEA77A83ED37
:10294000007A1FE61C46C1E7F7EC017A013437EE46
:10295000277AE4E7B0EC017A37EE467A013247EEA7
:10296000076AE7E7394B3A4A1A600BE6043CE4B2DF
:102970000A2C3FF607AE40F2C16323FA04F4E443A5
:1029800014F001097FF430AE0320FBF78FF8002329
:102990000322EEF71DFA9BF89A310493CDE9020168
:1029A0000623DFF8BC802B4F9FED2B8A8BF89A31E2
:1029B0004FF0030ABBF8CA41B4FBFAF404FB09F375
:1029C00005EB83020023CDF814900697A146A8ECEE
:1029D000018A1C4617464C452BDBDDE90201EEF768
:1029E00061F91E4B1B8807EE903AF8EE677A07EE06
:1029F000100A67EE897A4C4687EE277ADDE905975B
:102A000009F1010958ED017A27EE277A07EE904A7D
:102A1000F8EEE77A87EE270A08ED010A02F0DEFFFA
:102A2000B9F1030FA7EC010AC4D1049B8BF89A31CA
:102A3000A8E5B7EC010A02F08BFF58ED017A37EEFA
:102A4000800A013408ED010AC5E700BF0C2600200A
:102A5000000080BF9822002000000000C02000205D
:102A6000A422002038B52DED028BF5F757F814237A
:102A700043432B4A2B4CD35C092B4FF000004CD125
:102A8000FEF776FE284D9FED297AB4F8CA31294623
:102A90003222F0EE476A934205DDF1EC017A013211
:102AA00037EE277AF7E7323B07EE903AF8EEE77A0F
:102AB000002087EE278A38EE268AFEF759FEB4F802
:102AC000CA31DFED1A6A3222934220DC323B07EE34
:102AD000903AF8EEE77A164B86EEA77A77EE087A08
:102AE000B6EE007A67EE877AC3ED007A94F8BE31CD
:102AF000104843F0020384F8BE3103F0B9F80E4ADF
:102B0000BDEC028B138843F00303138038BDF5EC52
:102B1000017A013276EEA76AD6E7FEF729FEE5E7ED
:102B2000D8580208B84C00203C29002000000000C2
:102B3000EC44002074280020284500202DE9F047AF
:102B4000214D224A45F820202DED028BDFF8889098
:102B50009FED1F8ADFF884A0DFF8848007460026F7
:102B60000124B9EC010AF7F7A5FD0A231920AAF8F8
:102B7000C631FFF777FF192000F034F876B998EDE9
:102B8000008A0136072EECD1BDEC028B012C04BF6C
:102B9000104B45F827302046BDE8F087D8ED007A85
:102BA00077EEC87ABFEE087AF4EEC77AF1EE10FA43
:102BB00008D9B7EE087AF4EE477AF1EE10FAA8BF1A
:102BC0000224DEE70224DCE75C530020487202089E
:102BD00000000000974B0208F0360208B84C0020B5
:102BE000EC4400204E4B00222DE9F0471A701423CC
:102BF0004C4E03FB00F2054616F80280B8F1090FAF
:102C000078D8DFE808F0185B5562180577656D68BD
:102C100003FB006393ED030AB5EE400AF1EE10FAF0
:102C200007D1414B93ED000AB5EE400AF1EE10FAE0
:102C300001D0F7F7A9FEB2EE040A2846F9F706FD1F
:102C400001280446DFF8E09029D1142303FB056333
:102C5000DFF8E4A0B3F90270BAF8CA216FF063019B
:102C600007FB02F3284693FBF1F3002103EB52022A
:102C7000F9F7C8FD012804460DD1BAF8CA2164212C
:102C80005743284697FBF1F101EB5201F9F7BAFDE2
:102C90000128044627D0254B254A43F82520002348
:102CA000C9F80030234B01221A602AE000231FE0FC
:102CB000F9F766FE01280446F4D11BE01E4B002103
:102CC000B3F8CA21F9F79EFDF4E7F9F7DBFDF1E768
:102CD000FFF734FFEEE7154B184A43F8202009E0D0
:102CE000F9F738FEE6E7B8F1040FDFD1144B1B68A3
:102CF000C9F80030142305FB03330124F35C062BD1
:102D0000D0D0104A104B43F825401388012043F0DF
:102D10002403138004F09AFA2046BDE8F08700BF30
:102D2000CB220020D85802087C5400205C5300209D
:102D3000685B020880540020B84C0020974B0208C2
:102D4000EC44002028450020F8530020F8B52DED74
:102D5000028B454C454D94F9406CB5F8CA7101237E
:102D60004FF4E17084F8403CFAF7F4FF404BD3E9AC
:102D70000C01404BC3E900014FF040431F20A36703
:102D8000FEF70CFB41F27070F9F7BCF8BBEE040AD9
:102D9000FBF752FA0A231F20A5F8C631FFF762FE9F
:102DA000354BDFED367A93ED007AB4EEE77AF1EE4B
:102DB00010FA24D514200DF065F83148C8221E21E0
:102DC0000DF02AF9DC2228212E4884F8406C0DF001
:102DD00023F90CF089FC0DF00BF83846FAF7BAFF2E
:102DE0000024294B20461C70FBF71EFB4FF0FF30E0
:102DF000F6F772FDBDEC028B244B1C60F8BD06207B
:102E000094ED1E8AF9F7ECFD30EE080A84ED1E0AF7
:102E1000F9F7AAFF41F28830EEF708FD1F20FFF70F
:102E200021FE062094ED1E8AF9F7DAFD30EE080A3D
:102E300084ED1E0AF9F798FF41F28830EEF7F6FCB0
:102E4000B2EE040A85ED840A84F8406CFBF7CCF9F5
:102E50000F4B00221A600DF003FF15200DF012F841
:102E6000C82228210B48ABE7BC060020B84C002044
:102E700040130020E0530020EC440020000070C20A
:102E800042370208A5370208392800208054002064
:102E9000142800206B3702082DE9F04F054685B055
:102EA00000205F4C0E46FAF701FE0120FAF7FEFD06
:102EB000B4F8CAA1002D51D0012D1AD13068F4F711
:102EC00053FE07464FF001094FF00008F4F726FEC5
:102ED000013F012084F80A90FEF74AFC002F84F895
:102EE0000A80F3DC042D3BD0A4F8CAA105B0BDE8EC
:102EF000F08FAB1E022B05D94A4805B0BDE8F04F54
:102F0000F5F77EBA3068F5F717FD80467068894698
:102F1000F5F712FD494508BF404502460B4605D26C
:102F2000414805B0BDE8F04FF4F7F8BF022D0ED0D0
:102F3000B068CDE90223F4F717FE411EB1F5E17F39
:102F4000DDE9022301D33948EBE7A4F8CA01B4F85C
:102F5000CA11009140464946F9F7DCFF0127B1E765
:102F6000334B1B7803F0FF05002BBDD1F068F5F75C
:102F7000E3FC86B2002EB7D02E4F06F0010B4FF0C7
:102F800000084FF00009B4F8CA31AB42ACD9BBF12C
:102F9000000F07D0A8B2F9F7F5FF02460B46264806
:102FA000F4F7BCFFB1070ED597ED000A02F0D0FC94
:102FB00010EE100AEDF7F4FACDE9008902460B464F
:102FC0001E48F4F7ABFF720710D507F5E16393EDE8
:102FD000000A02F0BDFC10EE100AEDF7E1FACDE9AF
:102FE000008902460B461548F4F798FF330710D5C1
:102FF00007F5A85393ED060A02F0AAFC10EE100A9A
:10300000EDF7CEFACDE9008902460B460B48F4F7FE
:1030100085FF0B48F4F782FF01350437B3E700BFA3
:10302000B84C0020EB3F02081C400208394002085F
:103030000C720020742800205A4002085E400208EA
:103040000C4302082DE9F04F2DED068BDFF840927E
:10305000DFF840A293B00124002399F9408CCAF80C
:10306000143208AF89F8404CD346002840F016814E
:10307000764D2B684E46DFF82092002B33D0744BF0
:103080001A681423534319F80330062B00F0848088
:103090000AF5C46ADAE9002313437DD101232B60CA
:1030A0000CF028FB00287CD00024694A1368013307
:1030B00013601422534319F80330062B04D0654BD8
:1030C000D3E90023134337D0002C40F08F80152024
:1030D0000CF0D8FECA2232215F480CF09DFFD722A7
:1030E00032215E4856E09AF8A4310BB104F018FC86
:1030F0000020FBF799F95A4A012313700021594A1D
:10310000084613700BF0D6F800235749574A584821
:103110004FF0140C1C460CFB03FE19F80EE0BEF138
:10312000060F44D1534BDBF8202601241C60484B8A
:10313000002A1A6043D11446DFF814A1DAF800001F
:10314000FEF72CF9DAF80000FFF78CFCDAF800B093
:103150005846FFF747FDDAF80020434B022A43F8B0
:103160002B0036D14449DFED457A91ED007AB4EE7B
:10317000E77AF1EE10FA2CD50E231420CAF80030AD
:103180000CF080FE8C221E213D480CF045FF3D488E
:10319000D22200210CF040FF01232B600CF0AAFA90
:1031A00020BB2C37BD46BDEC068BBDE8F08F01334C
:1031B000202B41F8044B42F8040BACD1B2E7BCBF62
:1031C00052421A601A6802F1FF32A8BF00241A6046
:1031D000B2E753F82230012B3FF467AF002C3FF4E5
:1031E0005DAF294B00200021C3E90001274B0122DC
:1031F0001A70184BD3E9002318F1000818BF4FF0DC
:1032000001080024134386F8408C2C6001D10CF097
:10321000EFFD0DF053FD124BA6F8444C1C70114B02
:10322000A6F8584000201C70FBF7FEF84FF0FF3066
:10323000F6F752FB0F4A00231360094A1370034A42
:103240001360124B01221A70ABE700BF80540020BC
:1032500078540020D8520020974C0208A537020865
:103260003928002036280020F85300205C53002025
:10327000974B020840530020EC440020000070C22D
:10328000534C0208684C0208E0440020001400205F
:10329000BC060020B84C0020D8580208012805467A
:1032A00040F0EC810020FAF701FCC7E90410284641
:1032B000FAF7FCFBCA4B00241C70CA4BC7E9060195
:1032C00020461D70FBF7B0F80420FEF767F840F2C7
:1032D0000113AAF80E30C4488AF80D50DAE9942395
:1032E0008AF89941F4F71AFE40F6B8320023CAE989
:1032F0008C230AF5C463D3E90023012A73F100018A
:10330000C0F2C580B948CAE98C23F4F707FEB84B70
:103310001C6064220023DBE98C01EDF759FDF8F70E
:10332000F1FD9FEDB49AB44B00221A600124F0EE37
:10333000499A00250095D7E9043229462846FCF72A
:103340009FF8AE4B7A6901211980DBE98C639619ED
:103350003A69009542EB030807EE900A324643466D
:103360002846B8EEE78AFCF78BF807EE900AF8EEED
:10337000E77A28EE098A07EE898ADBE98C9AF6EE6D
:10338000007A28EE278A19EB06033B6218EE100A32
:103390004AEB08037B62EDF703F9D7E90623CDE991
:1033A000029ACDE90423DBE99423CDE90023024608
:1033B0000B469348934EF4F7B1FDC7F80CB0D7E92C
:1033C00008AB2B46904DD7E90612934508BF8A45B6
:1033D00003D28E4A1278002A5DD00134052CC7E949
:1033E00008ABD7F80CB0A4D1DBE98C23CDE90023DE
:1033F0008748814C874DDFF83092DBE99423F4F75E
:103400008DFD8548F4F78AFD764B00221A70012362
:103410008BF8AF31F9F7D8FB2368642BC8BF64235E
:103420004FF00006C8BF2360A846B0EE00AAB2461F
:103430002368B34200F38D80F9F7F8FB23686C4EE4
:10344000DFF8E891642BC4BF64232360F9F78AFB9B
:10345000D4F800A0346800239846B0EE008AC24534
:1034600000F3E68003B13460F9F754FB6B4B0124A1
:1034700000201C60FAF7D8FFD7E904320020FAF7E1
:103480007DFCD7E906232046FAF778FCD2E66448AB
:10349000F4F744FD3DE75A1C4FF47A713A62B3FBEE
:1034A000F1F201FB12332BB952465B4621463046FE
:1034B000F4F734FD4FF002084FF00009B2EE0EAA07
:1034C000CDF8009052465B4601210020FBF7D8FF63
:1034D00007EE900AF8EEE78A78EE0A7A68EEA98A93
:1034E000F4EEE87AF1EE10FA1FD5B8F1010F2DD104
:1034F000B0EE680A5046F9F7AFFA386018EE900A55
:10350000EDF74EF83B680293804689464FF47A7295
:10351000002350465946EDF75BFC4246CDE90001D9
:103520004B4621462846F4F7F9FC3E4AF3EE037A6F
:10353000D2E98C3248EE278A1AEB030A4BEB020BD6
:10354000F3EE047A88EEA78A3B6A3CE74FF0010865
:10355000B6E7F8EC017AFDEEE78A18EE903A002B18
:103560003CDD632E3ADC08F2047393ED009A77EEAB
:10357000C97AF4EECA7AF1EE10FA2FDD08F60C6380
:1035800093ED008A18EE100AEDF73AFCCDF800A092
:1035900002460B4600200121FBF772FF07EE900A5E
:1035A000F8EEE77ABDEEC88A67EEA97A18EE103A0F
:1035B00017EE900A4FF47A7B93FBFBFBECF7F0FFDE
:1035C000CDE9020119EE100AECF7EAFF18EE902A95
:1035D000CDE9000159464846F4F7A0FC013627E73B
:1035E000C022002039280020AA4C0208B34C02084F
:1035F000002600200000003D48280020081400207C
:10360000F54C0208424D0208544D020830280020B3
:10361000844D02087C2F0020AA4D02088822002039
:10362000CC4C0208B84C0020E24D0208E0220020F9
:10363000F5EC017ABDEEE77A17EE102A002A1ADDC2
:10364000B8F1630F17DC05F2047292ED007A77EEA1
:10365000C77AF4EEC87AF1EE10FA0CDD05F60C63C9
:1036600004F1010B1868EDF7CBFB09EBC404C4E9C6
:10367000000101235C4608F10108F0E6032840F050
:10368000B381CA4BC7F810D093F800A0DFEDC89AF9
:103690000FFA8AF39D002B449B0007336A46DB0830
:1036A000A2EBC3039D4608ABBB61C24B1C70C24B6F
:1036B0001C7008F061FC1320FDF770FE0023DBF89E
:1036C00000268BF80930FA60D9F8082CD9F80C1CC0
:1036D000CBE9942146F2A812ABF8CE21AA083A62AF
:1036E00099460BF5C4655E46D14580F2DE80D5E98A
:1036F000002352EA0301B14B7B6118BF91464FF0A2
:1037000000087A69132052F8043B7A61CBF800363E
:10371000FDF744FE00238BF8AF318BF8A331012372
:10372000ABF8C631BBF8CE3103EB8303C3F38F0391
:10373000B3F57A7F38BF4FF47A73ABF8CE31BBF86C
:10374000CE31ABF8D03148460EF0FAFB07EE900AC6
:10375000F8EE677AB2EE048AC7EE887ACBF8F00109
:1037600017EE900AECF71CFFDBF8003600930246D8
:103770000B469348F4F7D2FBDBF8F031B3F57A7FD0
:1037800039BF41F288325A4386A3D3E9002338BFB8
:1037900000230320FAF7F2FA1320FFF763F913204E
:1037A000FFF720FA874ADFED887A3223B2EC017AFC
:1037B000013B77EE877AF9D187EEA99A834C20688E
:1037C000ECF7EEFEB6F8CE31C7E900010293B7EE92
:1037D00008AA19EE100AECF7E3FECDE90001D7E9DB
:1037E00000237B48F4F79AFBD4ED00AA794CF0EE65
:1037F000498AB6F8CE310A2B16D9D4ED007AF5EE07
:10380000407AF1EE10FA0FD03AEECA7AF4EEC77AA7
:10381000F1EE10FA08DDF0EE007A79EE277AF4EE98
:10382000E78AF1EE10FA58D4DBED7C7AF8EE677A8D
:1038300003EB8304C7EE887A42F21073ABF8D03101
:103840003B6AA41008FB0392BB69ABF8CE41A4B25B
:1038500043F8224008F1010817EE900AECF7A0FEA9
:1038600042F21073C7E90001CDE9064318EE900A51
:10387000ECF796FECDE90401544B1868ECF790FE86
:10388000CDE90201DBF800360093D7E90023524866
:10389000F4F744FB5148F4F741FBB8F1050F7FF40E
:1038A00030AFD5E9002313434AD04D4DFB68C5F82E
:1038B000003600242646B2EE048A544543DB3D4BD5
:1038C0001E703D4B00201E70FAF7AEFD85F8A36117
:1038D000A5F8CE61D7F810D0ACE41320FDF75EFD5B
:1038E000B6F8CE2105219200B2FBF1F2A6F8CE2166
:1038F000D6F8F021B2F57A7F4FF0000338BF41F2DD
:10390000883186F8AF3186F8A33132BF4A4325A308
:10391000D3E900230320FAF731FA1320FFF7A2F8C6
:103920001320FFF75FF9274ADFED277A3223B2EC45
:10393000017A013B77EE877AF9D1C7EEA98A58E779
:1039400009F10109D0E6DFF874904FF00008204635
:103950000EF0F6FA07EE900AF8EEE77A59F8043B13
:103960007B61C7EE887A17EE900AECF719FEBBF878
:10397000D02102923B6A08FB0342BB6953F8222024
:1039800001927B69009302460B46164808F1010834
:10399000F4F7C4FAB8F1050FD9D101348DE700BFAF
:1039A000AFF3008080A8120100000000D8C1020817
:1039B000000048423A2800203928002048360208F2
:1039C000F94D02087428002000000000EC4400209B
:1039D0000C4E02087C540020384E0208834E020828
:1039E000B84C0020B34E0208062837D1914B924EB6
:1039F0001C700020FAF718FD1820FDF7CFFC4FF4DB
:103A00009670F8F77FFA8AF8FD458C4C00252368FC
:103A1000C3F307233360236803F47F4323602368E1
:103A2000326843EA02232360236803F0F90323602A
:103A3000236843EAC50323601820FFF713F8804B7F
:103A400080482946D3E90023F4F768FA01351820A5
:103A5000FFF7C8F81F2DDAD1FFF7ECBB072840F0BD
:103A60000781744BDAF820561C7008F085FAB0EE26
:103A7000000AFAF747FCBBEE060AFAF7DDFB7248CC
:103A8000F4F74CFA0135714D06D100200EF030FAF2
:103A900000220023C5E900236D4B9FED6E8A1B7841
:103AA0006D4E03F1FF3A5446002C60DADFF8A8911E
:103AB000002631466948F4F731FA4FF47A7808FA6B
:103AC00006F85446002C41DBD5E90023132052EAC6
:103AD000030118BF1446FDF761FC0520F6F74CFA08
:103AE00020460EF02DFA002308FB00F2CBF8F0017F
:103AF0000320FAF743F906210020F7F7F9F813201D
:103B0000FEF7B0FF1320FEF7ADFF1320FEF7AAFF6C
:103B10001320FEF7A7FF1320FEF7A4FF1320FFF7E3
:103B200061F8D9ED007A78EE677AB2EE047A67EE42
:103B3000877A17EE900AECF733FD02460B464848A9
:103B4000F4F7ECF9D5E9002313436DD00136042EC8
:103B5000AFD13D48F4F7E2F900240120CBF800464C
:103B60000EF0C6F90020FAF75FFCFFF763BBD5E95A
:103B7000002352EA030118BF14461920FDF70EFC7A
:103B800020460EF0DDF9CBF8F0014FF4FA60EDF7C6
:103B90004DFE032306210020CBF80036F7F7A8F8E6
:103BA0001920FEF75FFF1920FEF75CFF1920FEF7D2
:103BB00059FF1920FEF756FF1920FEF753FF192071
:103BC000FFF710F8274BD6ED008A1B8807EE903AD6
:103BD000F8EEE77AB2EE049AC7EE897A544508BF48
:103BE00096ED008A17EE900AECF7DAFC78EE687A28
:103BF000804667EE897A894617EE900AECF7D0FC8A
:103C0000CDE9020118EE900AECF7CAFC4246CDE974
:103C100000014B461448F4F781F9D5E9002313431A
:103C20007FF444AF013C3FE7104B1B78002B90D151
:103C3000013C47E7392800203813002000100240DB
:103C4000E0440020E04E0208B04E0208D8520020A6
:103C5000D8C1020800000CC2EC440020184F020832
:103C60001E4F0208C0200020EC4E02080C720020FB
:103C7000082840F01C81B34BDFEDB38A1C7008F0BC
:103C80007BF99FEDB20AB24DFAF7D6FAB148F4F7D4
:103C900045F900200EF02CF9AF4B1E78013E34465A
:103CA0000AF5C46A002C80F28680DFF8DC920025D9
:103CB0002946AA48DFF8CCA2F4F730F94FF47A7815
:103CC00008FA05F83446002C6BDBD9E900231D20E7
:103CD00052EA030118BF1446FDF760FB0520F6F712
:103CE0004BF920460EF02CF90123CBF8F0014FF4EC
:103CF000FA608BF8FD35EDF799FDDBF8F021142320
:103D000002FB08F28BF8683203200023FAF736F83A
:103D100006210020F6F7ECFF0920FEF7A3FE09209C
:103D2000FEF7A0FE0920FEF79DFE0920FEF79AFE91
:103D30000920FEF797FE1D20FEF754FF844BDFEDB0
:103D4000887A1B8800EE103AB8EEC00A20EE270AE7
:103D50000EF0EAFC834BB3F9003007EE103AB8EEF0
:103D6000C77AF2EE046AC7EE267A7F4B9FED7F7A20
:103D700040EE477A93ED007A77EE877AC3ED007ACA
:103D800078EEE77A67EEA67A17EE900AECF708FC71
:103D900002460B467648F4F7C1F8D9E900231343ED
:103DA0007ED09AF80030002B7FF4D3AE0135042D7D
:103DB0007FF47EAFCDE6DAE900231C2052EA03014E
:103DC00018BF1446FDF7EAFA14238BF86832204630
:103DD0000EF0B6F80123CBF8F0014FF4FA608BF83F
:103DE000FD35EDF723FD06210020F6F781FF4FF0AA
:103DF00032080920FEF736FEB8F10108F9D11C207F
:103E0000FEF7F0FE2B88DFED567A00EE103AB8EEA2
:103E1000C00AB2EE049A20EE270A0EF085FC514B40
:103E2000B3F9003007EE903AF8EEE77A4E4B87EEA2
:103E3000898AB442DFED4D7A00EE678AD3ED007ACD
:103E400038EE278A83ED008A2B8807EE903AF8EE49
:103E5000E77A08BFF0EE488AC7EE897A17EE900A33
:103E6000ECF79EFB78EEC87A804667EE897A894641
:103E700017EE900AECF794FBCDE9020118EE100A58
:103E8000ECF78EFB4246CDE900014B463948F4F78A
:103E900045F8DAE9002313437FF407AF013C01E75B
:103EA0009AF80030002B7FF454AE013C0BE7092850
:103EB0006CD1244B9FED309A1C7008F05DF8B0EE89
:103EC000000AFAF71FFABBEE060AFAF7B5F9264C14
:103ED000DFED2A8A0DF0BEFDB4EEC90AF1EE10FA4C
:103EE0007FF5A8A91920FDF759FA1920FEF7BAFDA8
:103EF0001920FEF777FE0DF0ADFD94ED008A10EE6F
:103F0000100AECF74DFB38EEC87AF2EE047A67EE51
:103F1000277A804617EE900A8946ECF741FBCDE9F7
:103F2000020118EE100AECF73BFB4B46CDE900010D
:103F300042461348F3F7F2FF124B1B78002BC9D00F
:103F4000FFF778B939280020000026C30000C8C256
:103F5000C0200020B04E0208D8C10208184F020845
:103F60000000C84218830020EC44002067F98A4012
:103F70001E4F0208EC4E0208000034420000BCC193
:103F8000254F02080C720020D85200200A287FF426
:103F900051A94FF0FF300AF5C46AF5F79DFCDAE944
:103FA0000023012A73F1000105DB92FBF5F005FB0C
:103FB0001020F6F785F8DAE900450A2C75F10003C0
:103FC0004ADB0A2394FBF3F32A4C5C439FED2A0A55
:103FD0002A4E9FED2B8AF6F76DFBE517A046A94602
:103FE00022A3D3E900234B4508BF42452FD33320FA
:103FF000F9F7B0FE42464B460220F9F7BFFE40F605
:10400000B83200230320F9F7B9FE0F20FEF72AFD8E
:104010000F20FEF7E7FDD6E90001ECF743FE07EEBF
:10402000900AC7EE887A17EE900AECF7B9FA154BAA
:10403000824618688B46ECF7B3FA5B46CDE900017F
:1040400052461148F3F76AFF104B1B7833B14FF417
:10405000E170F9F77FFE85E51E24B7E718EB040849
:1040600049EB0509BCE700BFAFF30080FFE8A435CA
:104070000000000040420F0000000000E04400206B
:1040800000247449EC440020524F02080C720020B6
:104090002DE9F04F2DED048BD34CD44DB4F8CA313B
:1040A00095F940AC85B001260093D5F8FC3B01930F
:1040B000D5F8003C02934FF00008CD4BC5F8FC3B0F
:1040C00085F8406CC5F8008C0DF0CCFAC94B6FF048
:1040D00006021E7004F5C4614FF0FF334046C1E98B
:1040E0000023FEF7AFFFC44BC44A1868C44B034417
:1040F00005F6FC379342039711D8C249D5F8082C2E
:10410000D5F80C3C66720144571843EBE178C5F8CA
:10411000087CC5F80C8CC4E99478F7F779FDBA4BA4
:104120009FEDBA7AD3ED007AF4EEC77AF1EE10FA89
:1041300099462BD514200BF0A5FEC8221E21B448A9
:104140000BF06AFFB348DC221E210BF065FFF02262
:104150002821B14885F840AC0BF05EFF0BF0C4FAA3
:104160000BF046FE0098F9F7F5FD0024AB4B204616
:104170001C70FAF759F94FF0FF30F5F7ADFBA84B7B
:104180001C6005B0BDEC048BBDE8F08FBBEE0E7A71
:10419000F4EEC77AF1EE10FACCDCFDF72DF8A14B66
:1041A000DFF8A882DFF8A8B2B7EE000A01271F7077
:1041B00084ED840AFAF718F80026F8E80223B8EE2E
:1041C000000A3046CBE90023F8F77CFD1E20FDF7FE
:1041D000E5F841F27070F7F795FE0A23A4F8C631AE
:1041E000331F012B277100F2A6804FF47A7200234F
:1041F0000320F9F7C3FD6420F7F784FE8A4B0322FE
:104200001A608A4B1F601E20FEF72CFC8848B4F809
:10421000CA310322B3FBF2F300EB830393ED000AF0
:10422000F1EE047A30EE270AFAF706F8804801F03A
:104230001FFD804A1388012043F02403138003F0FC
:1042400005F83046F8F764FDB0EE408AF8F7C8FB91
:10425000304638EE000AF8F735FDF8F785FD4FF4E3
:104260007A70EDF7E3FA1E20FEF7FCFB3046F8F714
:104270004FFDB0EE408AF8F7B3FB304638EE000A47
:10428000F8F720FD0136F8F76FFD4FF47A70EDF77F
:10429000CDFA062E91D1B2EE040A644E84ED840A62
:1042A0000027F9F7A1FF4FF4E170F9F753FD9FEDF7
:1042B000628A3760F8F7ECFC604BBB461F7098468B
:1042C000B0EE489A0020FAF7AFF80020F5F704FBAB
:1042D000012185F8401C40A2D2E90012584BB0EEF3
:1042E000490AC3E90012F6F7E5F93DA3D3E9002333
:1042F0000220F9F743FD4FF47A7200230320F9F707
:104300003DFD94F8683298F8002043F0100384F8DB
:1043100068320A23A4F8C63140F6B833C4F8F03145
:1043200001210B2A21D8DFE802F01E951CA152AA18
:10433000B8BC99A4BFC2012E0EDC56B941F2707010
:10434000F7F7E0FD0520F5F7C7FA002384F8AF3151
:1043500059E742F23410F3E70020F5F7BDFA0223E3
:10436000F4E784F8B411C6F800B006210020F6F78F
:10437000BFFC0F20FEF776FB0F20FEF733FCF8F7AB
:10438000F3FC98F80030012B01D9032B09D199EDEA
:10439000007ADFED2C7AB4EEE77AF1EE10FA3FF511
:1043A000C9AE072B40F08680DFED277A99ED007AC1
:1043B00078EE677AF4EEC77AF1EE10FA3FF7BAAE0C
:1043C000B0EE480AF6F7E0FAF0EE408A7BE0164BD2
:1043D00003221A605EE000BF007841CB02000000BB
:1043E00080C3C90100000000B84C0020BC060020BA
:1043F000005ED0B230130020E0440020FE083D00F3
:10440000FFC054FE803C36FEEC440020000034C265
:104410000C37020823370208A53702083928002084
:104420008054002037280020F45300201428002056
:10443000742800202845002000000000942200205D
:1044400080130020000070C200004842401300208A
:10445000E0530020464A3160116086E784F8AFB12E
:1044600041A3D3E900230220F9F788FC404B022244
:10447000AFE7022384F8AF3185ED209AF0E73C4B9B
:1044800084F8AFB103221A603A4B0220D3E900232B
:10449000F9F774FC0123336067E7354B04221A6097
:1044A000F2E7334B0522FAE7314B062291E7304B16
:1044B00007228EE7082B42D1002001F0D7FAB0EE98
:1044C000408AF0EE498AF8F74FFC4FF47A70EDF726
:1044D000ADF9DFED297AF4EEE78AF1EE10FA07DDA7
:1044E000DFED267AF4EE678AF1EE10FA48BF032773
:1044F0000137022F7FF7E6AE98F800300133DBB2C8
:104500000B2B88F800302CD9022384F899311C4BEE
:1045100085F840AC00221A70019BC5F8FC3B039B58
:104520001A46029B5360012385F8413C0CF098FB2E
:1045300015200BF0A7FCDC222821124805E6092BE8
:1045400007D1002001F092FA38EE400A85ED200AEA
:10455000B7E7052BB0D0062B3FF432AF9FED0A0A28
:1045600030E70027AEE600BF80AC6E3700000000E9
:10457000F453002028130020CDCC4CBECDCC4C3EB3
:10458000372800206B37020833330DC22DE9F04F76
:10459000444B454E1F68454B013F8BB0D3E9004566
:1045A0003A460023CDE90223414BD3E90001001B29
:1045B00061EB05010023ECF70BFCCDE908233D4A34
:1045C000CDE90401D2E99431E41A65EB0105D2E9A1
:1045D0008C017B08CDE906019A463068049BC2F83D
:1045E0003032059BC2F8343203687B219B689847C0
:1045F000314B01224FF0000B1A704FF000082F4B87
:104600001B7803F0FF00002B3AD122462B4641468F
:104610000090FAF735FF2A4BB3F8589C202319FB7A
:1046200003093068036878219B68984730680368FD
:104630005FFA89F19B68984730680368C9F30721DE
:104640009B689847089B1AEB030A099B4BEB030BEB
:10465000DDE902239B4508BF924508D3029B013444
:1046600045F10005BAEB030A039B6BEB030B049BBC
:10467000E418059B08F1010843EB05054745BED248
:10468000094B186803687D219B689847DDE906128D
:10469000084BC3E98C120B4B00221A700BB0BDE81B
:1046A000F08F00BF981300203453002018280020FA
:1046B00020280020B84C0020301300200C7200206D
:1046C000BC060020001400202DE9F04F2DED028BD8
:1046D000831E022B97B007D97748F3F791FE17B0E6
:1046E000BDEC028BBDE8F08F064608680C46F4F777
:1046F00023F9CDE902016068F4F71EF9DDE9022330
:10470000994208BF904282468B4603D26B48F3F72A
:1047100005FCE4E76A4D022EB5F8CA7102D14FF0EC
:1047200000090AE0A068F3F71FFA042E0746F6D145
:10473000E068F3F719FA5FFA80F995F8A4310BB144
:1047400003F0EEF80299D5E98C34BAEB0100039935
:10475000DFF884A13A466BEB0101CDE90434002374
:10476000ECF736FBECF79EFA08EE100AECF748FB84
:10477000C5E98C014FF000038AF80030514B4FF02F
:10478000010200201A700BF089FB01234FF4E17243
:1047900040F237111E200BF047FA0F200BF07EFB82
:1047A00000267B238DF818300124B346BE421ED06C
:1047B00007EE906AF8EE677A67EE887A17EE900A4D
:1047C000ECF71EFB00230093029BC218039B4FF0E3
:1047D000000041EB03033146FAF752FE3A4BB3F8BF
:1047E000582C202312FB03039AF8002022B316ABA7
:1047F00023447D2203F8402C344B18680368621C64
:104800001B6806A9984719F0020F4ED100200BF043
:1048100045FB01234FF4E17240F237111E200BF0EB
:1048200003FADDE90434C5E98C34264B01221A7001
:10483000274B00221A8052E7244A1068254A9042EA
:1048400005D1D0F8802412681278042ACFD116AA94
:104850001119782201F8402C01F83F3CA21C16A93E
:104860000A441B1219F0010F04F1030402F8403C42
:1048700001D13B2C05DD036822461B6806A9984739
:10488000002440F2C31808FB06F8B8FBF7F8A8EBC1
:104890000B02082A07DD0BF11E00012340F237113D
:1048A0000BF0C2F9C346013680E79AF80030002BBE
:1048B0003FF460AFAAE700BF654002081C40020851
:1048C000B84C002030130020BC06002034530020D8
:1048D00028450020E81900200C720020431E032BFD
:1048E00002D95F48F3F78CBD2DE9F04F824689B0BD
:1048F00008688B46F4F720F8BAF1010F04460D461C
:1049000044D0DBF80400F4F717F8BAF1020F804640
:1049100089461FD0DBF80800F4F70EF810F1FF33DA
:10492000029341F1FF330393DDE90223002B08BF1B
:10493000B2F5E17F06460F4609D20246B8EB040005
:104940000B4669EB0501ECF743FA06460F4656EABB
:10495000070301D101260027424B1B7813F0010306
:10496000029316D0F3F7DAF8BAF1040F15D1DBF899
:104970000C00F3F7E1FF80B2A94508BFA04513D2B0
:10498000394809B0BDE8F04FF3F7C8BA8046894608
:10499000E0E7364B01221A70E6E7BAF1020F5CD16C
:1049A0001FFA88F0A946A046314BD3E98C12CDE915
:1049B0000412D3F8F01164224A43C3F830220022D3
:1049C000C3F83422002839D02A4BB3F800B000F0E5
:1049D0000103079300F0020A079B23B122462B46EE
:1049E0002548F3F79BFA0021009122462B46084602
:1049F000FAF746FD07EE900ABAF1000F0ED09FEDD0
:104A00001F7AF8EEE77A67EE877A17EE900AEBF7EF
:104A1000C7FD02460B461A48F3F780FA1948F3F728
:104A20007DFA194B1B7833B9A41947EB0505A94545
:104A300008BFA045D0D20F4BA3F800B0DDE90412A7
:104A40000B4BC3E98C12029B23B1064A137843F047
:104A50000103137009B0BDE8F08F03208CE700BF9D
:104A6000663B0208001400201C400208301300209E
:104A7000B84C0020081400205A4002080000003DF5
:104A8000614002080C4302080C72002070B588B027
:104A9000B24B9B69B24A9A61B24B1B8803EB83030A
:104AA0005A00B14B1A800AF003FE02F041FFDAE02F
:104AB000AE4BB3F9CC3101338DF81830E9E0AB4B94
:104AC000D3ED837A9FEDAA7A77EE877AFCEEE77AC8
:104AD00017EE903A8DF81930F0E0A64B1B780133B1
:104AE0008DF81A30F2E08DF81F100624A24A02ABAE
:104AF000611E2CB153F8040B42F8040B0C46F7E787
:104B00009A4B93F8B2314BB1984B93F9B52103EB23
:104B1000021393F86932012B00F0F0800120FCF7BA
:104B200027FE964B1870914B93F8A231D3B1944B5A
:104B30001A6832B14FF080435B6A9B1A914A9342E4
:104B400010D9914C94F8435C45F0100384F8433C31
:104B500003200AF05DFC4FF080435A6A884B1A60CC
:104B600084F8435C894B1B6843B14FF08042526A22
:104B7000D31A874A1268934200F2DE80854B1B8865
:104B8000012B40F22581013B824A1380202383F3CD
:104B90001188814A14680023136083F31188FCB1E3
:104BA0007E4D2B707E4B18887E490138A0472B78AC
:104BB000002B00F039817C4B1B78002B00F03881F2
:104BC0007A4B1B7863B1694B93F89831023BDBB2A7
:104BD000012B40F23881764A138843F02603138074
:104BE000744B1B7813F0080F00F03081634B1B7877
:104BF0001BB3714B1B7843B15C4A92F8BE110B4357
:104C000082F8BE316C4B00221A706C4801F030F80B
:104C1000674A138843F011031380694B1B7D63B10E
:104C2000524B93F9B5412046F7F7C8FBB0F1FF3F6F
:104C300003D0B4F1FF3F40F014810DF0E9FBC0F365
:104C40000720604B1B68834206D05E4B1860584AB1
:104C5000138843F004031380484B1878003018BFC2
:104C6000012002F0F3FA534B1B7813F0030F00F00E
:104C7000B5803E4BD3E98E01CDE90201D3E9900125
:104C8000CDE904015B79002B3FF412AF00238DF8CE
:104C90001830364AD2ED857A77EEA77AFDEEE77ABC
:104CA00017EE903A8DF81C30137923B992F89A31A7
:104CB000002B3FF404AF00238DF819302B4BD3F8B1
:104CC000F031002B7FF409AF8DF81A30274B93F8A1
:104CD000BB218DF81D2093F898318DF81B300023EF
:104CE0008DF81F305521172202AB501E002A3FF4C9
:104CF000FAAE13F8012B51400246F6E71B4E06EBC5
:104D00000212B2F96C0280B2F8F73CF90025009566
:104D100002460B4629462846FAF7B2FB96F8983128
:104D2000012B07D0032B03D020460DF029F82DE7E7
:104D30000124F9E70124F7E74FF4FA60ECF776FD78
:104D4000BFF34F8F2049CA6802F4E0621F4B134340
:104D5000CB60BFF34F8F00BFFDE700BF9816002068
:104D6000783602080A140020905D0020B84C00201C
:104D700000000C432083002050280040B022002077
:104D800040280020E0930400BC06002034450020A9
:104D90003045002002140020FC5200200C7200203C
:104DA00030530020EC520020FC6F00203013002014
:104DB000284500200014002004260020742800202C
:104DC000C0720020A044002000ED00E00400FA05BD
:104DD000294A137823F002031370D7E613F0080F63
:104DE0000AD113F0100F10D113F0040F10D113F0EB
:104DF000400F13D130BFC9E6204B93F8BA01FEF73C
:104E000021F91F4B01221A70C0E6FFF7BFFBBDE678
:104E1000FFF73EF9184B01221A70B7E6FDF796FF2F
:104E2000154B01221A70B1E61648F3F777F8C2E67F
:104E3000202383F3118800211348ECF73BFD002366
:104E400083F31188BCE606F021FDC9E60A4C63F045
:104E50007F0323700AF0CAFB237803F07F032370DB
:104E6000C4E601B22046F8F73FFC084A138843F035
:104E700008031380E1E600BF00140020B84C0020B6
:104E8000B0220020734F020838530020284500202C
:104E9000F0B583B02B4B1B68002B34D02A49D1F8D6
:104EA000383CD1F83C2C2949591842F101042848D2
:104EB000016044602749591842F101042648016005
:104EC000446026495B184FF0000141EB020224497F
:104ED0000B604A60204BD3E90001214BD3E9006706
:104EE000194BD3F8204CD3F8245C54EA050302D1C3
:104EF0001C4BD3E90045CDE9004532463B46F7F768
:104F0000D3FE03B0F0BD1049D1F8383CD1F83C2CA9
:104F10001549591842F101040D48016044601349D4
:104F200059184FF0000042EB00000B4C216060600C
:104F30000A495B184FF0000141EB020208490B607F
:104F40004A60C7E760280020BC060020005F827727
:104F5000B81E002080C96E0AB01E002080DBD690EB
:104F6000C01E0020D01E002080BB470380219AB4C1
:104F7000F0B589B0ECF71EFDA54FA64C394620468A
:104F8000EDF79CF850212046EDF7B6F8ECF72EF936
:104F90000DF09AFA0AF00AFDF2F794FEF2F704FD1A
:104FA0009D4E336843F00113336046200AF032FE11
:104FB0000025B560F9F794FE0AF024FF01200AF0FD
:104FC00061FF2A46294695480BF026F828460BF043
:104FD000AFF90DF033F939462046EDF76FF850215F
:104FE0002046EDF789F804F099F904468C4B1B88AC
:104FF000002B65D08B4A7EA1D1E90001C2E90001F6
:10500000894A7DA1D1E90001C2E90001874A02F67F
:1050100008418748C2F8080C4D60864A1288632A06
:1050200063D8002B40F08280804AD2F8083CD2F846
:105030000C1C8148181841F10106804D28606E60F3
:105040007F48181841F1FF35C2F8280CC2F82C5CD3
:105050007C481B184FF0000040EB0101C2F8303CC7
:10506000C2F8341CFFF714FF002C75D0FFF710FFB7
:105070006E4B0022A3F8582083F8452C83F8442C6B
:1050800093F8490C801A18BF01200AF017FE002C73
:1050900069D100200BF0A4FEB0F1FF3F63D063495B
:1050A000D1F8182CD1F81C3C55A1D1E900018B4254
:1050B00008BF824200F088806349C1E9002354E0C0
:1050C000584A51A1D1E90001C2E90001564A48A15C
:1050D000D1E90001C2E90001544A02F608415B48E7
:1050E000C2F8080C00224A6097E7594B01221A6067
:1050F0004E4D4FF4F062574905F27C400DF0B0FD83
:105100004FF47072544905F1BC000DF0A9FD002365
:10511000AB67EB67D5F8083CD5F80C2C4F495B180A
:1051200042F1010245490B604A609BE73F4D4FF455
:10513000F0624B4905F27C400DF092FD4FF4707225
:10514000484905F1BC000DF08BFD0023AB67EB6710
:105150004FF07E536B6667E70BF0B0FD002885D0FB
:10516000F2F79AFE82E7F9F721FBF9F775FF4FF4A2
:10517000E170F8F7EFFDF6F73BFE02F04BFA2CB9C1
:1051800000200BF02DFEB0F1FF3F01D1F9F70EFB2F
:1051900006F0F2FE2CB9254B93F8433C13F0080FB0
:1051A00022D04FF0FF30F4F797FB204B93F8480CD8
:1051B0000AF030FD002300932B4B7F224FF4C06197
:1051C0002A48ECF7A9FAEEE0164BD3E9002373E77F
:1051D00053F8041B42F8041B0146481E0029F7D16E
:1051E0005522172102AB49E0062102AA204BF4E721
:1051F0000008AF2F0000000000E9A4350000000007
:1052000000E40B54020000000027B9290000000050
:10521000A4490208C417002000740040584B02083B
:1052200032280020D81E0020C81E0020BC06002006
:10523000206EC83F3428002080BB4703D01E0020CA
:10524000806967FF8096980088540020C0F0413A3A
:105250006028002008670208886E0208005F8277D5
:10526000C85B0208486302088D4A01089054002078
:105270005028004013F8011B4A400146481E0029EF
:10528000F8D19DF81F3093428BD19DF81B00F9F7A0
:10529000BDFA9DF81B30022B49D0032B4ED09DF850
:1052A0001D00F5F7EDFC9DF91C3003EBD3735B108B
:1052B00000EE103AB8EEC00AF5F7B8FDDDE90201DC
:1052C00050EA010304D1DDE9042313433FF469AF3D
:1052D0009DF81B30012B38D9049BC318059A42EB6B
:1052E00001015B0843EAC1724B080420F8F746FD50
:1052F000049A029BD21A0599039B61EB03030320D6
:10530000F8F73CFD06F010FB9DF8183043BBF4F7AE
:105310001BFF9DF819307BBB0120F4F72FFF9DF890
:105320001A00B0BB284B0022C3F8F02139E7274808
:1053300006F026FB264806F023FBB0E7234806F0DC
:105340001FFB244806F01CFBA9E702460B46002081
:10535000F8F714FDDDE904230120F8F70FFDD3E78A
:10536000013B07EE903AF8EEE77AB6EE000A27EE38
:10537000800AF5F79FF9CCE70020F4F7FFFE9DF8CF
:1053800019308C3B00EE103AB8EEC00AF9F716FB64
:10539000C5E701380CF0D4FDF6F7B4FD01E742F2A1
:1053A0001070ECF743FAF2F77BFC0028F7D00023EB
:1053B0000093094B81224FF440710848ECF7ACF997
:1053C000ECF716FAEBE700BFB84C0020C08E0208DD
:1053D000648A02080C880208DDF10008905A002057
:1053E0000368099342680A92024681680B9101465C
:1053F000C0680C9012690D920A4649690E91906935
:105400000F901192D269109200200AF047FD0120FE
:105410000AF038FD119B4D4A08211F200AF068FE52
:10542000099B4B4A10211F200AF062FE0A9B494A41
:1054300018211F200AF05CFE0B9B474A20211F20E9
:105440000AF056FE0C9B454A28211F200AF050FE08
:105450002346434A30211F200AF04AFE2B46414A88
:1054600038211F200AF044FE33463F4A40211F20C6
:105470000AF03EFE3B463D4A48211F200AF038FE16
:1054800043463B4A50211F200AF032FE4B46394A20
:1054900058211F200AF02CFE5346374A60211F2056
:1054A0000AF026FE5B46354A68211F200AF020FEDE
:1054B0000D9B334A70211F200AF01AFE0E9B314AC1
:1054C00078211F200AF014FE0F9B2F4A80211F20F5
:1054D0000AF00EFE109B2D4A88211F200AF008FEBC
:1054E000ECF704FA0446882526E00132995C552938
:1054F000FBD0083529B2E768A44694F822000138A9
:10550000D4F808E094F82080214E56F82880A66947
:10551000AEB10696CDF81480CDF810E00390CDF82A
:1055200008C0019200971B4A1F200AF0E1FD2046A7
:10553000ECF7E8F9044620B1E3690022D6E7164EFD
:10554000E7E71648F2F7EAFCFEE700BFB4490208B5
:10555000C0490208CC490208D8490208E4490208B7
:10556000F0490208FC490208084A0208144A0208E5
:10557000204A02082C4A0208384A0208444A020813
:10558000504A02085C4A0208684A0208744A020843
:105590008C500208804A0208974B0208A84A020869
:1055A00008B5EFF30980FFF71BFF0000F0B5334D9E
:1055B00095F89A31062B2BD8314C95ED987A2688A0
:1055C000304CDFED315A07EE906AF8EEE76A9B0047
:1055D000C6EE877A1C4440F2FD4C43F6E91794ED81
:1055E000006A2A4C95ED997A1C44D4ED006A284C47
:1055F00037EE667A2344F6EE006A47EE276A002506
:1056000093ED007A0A2327EE877A5E43954200DB0A
:10561000F0BDB5EE406AF1EE10FAF1EC017A1CD063
:1056200066EE277A67EEA57AFDEEE77A17EE903AF6
:1056300003F17E5ECEF3CF130CFB03F407EBA4342F
:105640005C43A413A4F59B34A4F285146343DB12DA
:10565000A3F27223734407EE903AB0EE665A07EE57
:10566000C75AFDEEC57A17EE903AB342A8BF33464B
:1056700023EAE37320F815300135C7E7B84C002062
:105680000A140020947202083BAA384BCC7202081C
:10569000B0720208F0B50F4C26784D00162406FBB8
:1056A00004550D4C01272C44994200DDF0BD092919
:1056B0000DD901310234F7E7B4F800C007FA05F656
:1056C00046EA0C06268001359542F5DDF1E70546F0
:1056D000FAE700BF925D0020185E00200021012340
:1056E0000E220846FFF7D6BFF0B5544284420BDACB
:1056F000134CDFF850C0246800EB411604EB46065B
:105700000B440024994219DBF0BD6F0703D1059FBC
:1057100017F8014B0597270608D51F2906D82F181B
:105720001F2F9CBFBCF8007026F81570640001356F
:10573000E4B2AA42E9DC01314036E3E70025F8E7AC
:10574000101400200273002073B5B0F904601F2EFE
:1057500016DC16390C4BC1EBC10105465C5C04F04C
:1057600007041944C4F10804A4B200910723224697
:10577000B0F906103046FFF7B7FFAB881C44AC8089
:10578000002002B070BD00BF10B3020873B5B0F9BD
:1057900004601F2E15DC0B23163959430A4A545C4A
:1057A00004F007041144C4F108040546A4B20091B2
:1057B0002246B0F906103046FFF796FFAB881C442E
:1057C000AC80002002B070BD0CC8020813B5154CA7
:1057D00094F8C431FF2B13D04FF4E17202FB0303A2
:1057E000114800EB83031B68C4F818320DF1060062
:1057F00001220E49FFF7DAFEBDF8060002B010BD27
:1058000094F8C231002BF1D094F8BF2194F8C33141
:105810001343EBD180B2F7F7EFFA302303FB0040DC
:10582000836BE1E7B84C002074280020D04E0020A4
:10583000244A02EB001192F8BE2191F86B321A4112
:10584000D2073DD5204A2DE9F04100241454B1F986
:105850006C221E4931F812504FF4E17101FB032311
:105860001B4A32F81340631E48BF04F11E03B4F113
:105870000E010E4648BF04F111016F1FB84648BF24
:1058800005F11A0704466A1D7811124D124F5B117B
:1058900052114911FFF7FEFE37F8140035F81410C5
:1058A00000F10A0201F10D035B095209490940099F
:1058B000FFF7F0FE27F8148025F81460BDE8F081AA
:1058C000704700BFB84C0020105E0020685E0020CA
:1058D000EC610020585E0020485E0020F8B580B2E0
:1058E000F7F750FB134A144EDFF850C0D2E9963256
:1058F0009B1942F1FF321C1842EB010517260022CA
:1059000093195B100CEB0317D7E90201A94208BFFA
:10591000A04204D25A1CB242F2DD0020F8BDD7E901
:1059200000018D4208BF844201D25E1EF3E70120D0
:10593000F4E700BFB84C0020001F0AFA9074020878
:10594000024B0022C3E90022704700BF105E002016
:1059500008B51A4B93F89A31013B052B08D8DFE8BC
:1059600003F00308070B1621DFED157A30EE270A46
:1059700008BDDFED147AF9E7DFED137A20EE270A90
:105980000CF04CFEDFED117A20EE270AF0E7DFED98
:105990000E7A20EE270A0CF041FEDFED0D7A20EEA4
:1059A000270AEFE7DFED0B7A20EE270A0CF036FE30
:1059B000DFED097A80EE270ADAE700BFB84C002055
:1059C00074F53B42BAFAD542E3C8EB3D2DF9643E8B
:1059D000F4FD3440E3C86B3E00007A4408B51B4B2D
:1059E00093F89A31013B052B08D8DFE803F0030850
:1059F000070B1A23DFED167A30EE670A08BDDFEDDC
:105A0000157AF9E7DFED147A80EE270A0CF08CFEA8
:105A10009FED127AF3EE0E7A40EE077AB0EE670A47
:105A2000ECE7DFED0F7A80EE277A9FED0B0A87EE29
:105A3000000AEBE7DFED0B7A20EE270A0CF074FE8C
:105A4000DFED097A20EE270AD8E700BFB84C002026
:105A500074F53B42BAFAD5423046E24067F90A4152
:105A6000F4FD344000007A4467F98A402DE9F84398
:105A70004D4C2DED028B0701E219B2F96C3292F810
:105A80006822D50615D5494A126892B1484A125C77
:105A90007AB1484A52F820209A420AD1464B03EB89
:105AA000800090ED008AB0EE480ABDEC028BBDE8A4
:105AB000F88304EB0708414A98F86B524FF4E16110
:105AC00001FB052505EB830393ED000A0646FFF76E
:105AD0003FFF98F86832D906B0EE408A1FD55A07C2
:105AE00094F89A9105D5314B1B6813B1062384F8BD
:105AF0009A319FED338A4FF00008B4F8CA3143451C
:105B000046DC07EE903AB8EEE70A88EE000AFFF7A7
:105B100065FF84F89A91FFF71BFFB0EE408AE31906
:105B200093F868325B0724D5264BDFED277A1B8874
:105B300000EE103AB8EEC00A20EE270A0CF0F4FD91
:105B4000224BB3F9003007EE903AF8EEE77AF2EE26
:105B5000046A87EEA67A154B1B68DFED1D7A00EE0E
:105B6000678A37EE088AE3B91A4BD3ED007A38EE2C
:105B7000278A0F4B104801223C449A550D4BB4F92B
:105B80006C2243F8262000EB860080ED008A8AE72D
:105B9000B5EC010AFFF7DCFE08F1010838EE008AD7
:105BA000ABE7DFED077AE2E7B84C00207C1300207A
:105BB000105E0020F05D0020D05D002074280020E1
:105BC00000000000C02000200000C8421883002010
:105BD00067F98A405428002038B5084D002495F80C
:105BE000693213B12046FFF723FE0134082C05F17A
:105BF0001005F4D1BDE83840FFF770BDB84C002067
:105C000010B5084C34F81140121B4FF4E17404FB3A
:105C10000010054931F810001B1A13FB03F312FBA7
:105C2000023010BD685E0020EC6100200F4B2DE9B2
:105C3000F047B3F8CAA100244FF4C8764FF0FF35FF
:105C40000FFA81F90FFA80F857B2A24502DC284614
:105C5000BDE8F087A1B24B4642463846FFF7D0FF79
:105C60008642C4BF254606460134EEE7B84C002004
:105C70002DE9F04F4B4A4C4C1188B4F8CA31994287
:105C800087B006463DD1494F00254FF4E1694FF4F6
:105C9000617894F8BE312B41DB0707D5B4F8CA21EF
:105CA00009FB056108FB0570FFF780FC0135042D39
:105CB000EFD13F4B3D4F1A783E4B162002FB003090
:105CC00094F8BE3101933C4B1B884FEA531B0123D0
:105CD00003FA0BF212B20292B4F8CA210392002620
:105CE0000493019B43FA06F212F001021BD1013624
:105CF000042E07F56177F4D107B0BDE8F04FFFF748
:105D00006BBF1380013B9BB22B485F0800224FF40E
:105D1000E1759A42B7DC05FB02710132B1FBF3F188
:105D200020F8021BF5E73B88029CDFF88CA05B099A
:105D300030F81310214320F813105C4603998A426F
:105D4000D5DA3AF8025F37F812106D09A5424FEA2A
:105D500051110FD199420BD0A6469942B6BF994630
:105D600089460B4690464B4518DD42460B462C466D
:105D70000132E3E7B6BFA646AE462C46EDE70499EE
:105D800001FA02FC30F813104CEA010C20F813C0A1
:105D900001327245F3DD05990133E4E722460591AE
:105DA000F7E700BF445E0020B84C0020EC61002003
:105DB000925D0020185E0020685E00200CB470B573
:105DC00088B01F280C9E05DD002008B0BDE870409B
:105DD00002B0704704AB0C4605460021184610225D
:105DE0000CF04CFF3146029011F8013BADF80C501D
:105DF000012BADF80E4007D00B34022B18BF3146F3
:105E00002A2CE1D8064B03E00734262CDCD8054BBE
:105E100006930DAA02A80192EEF7FCFCD5E700BF9D
:105E20008D570108495701082DE9F04F2DED0C8BD6
:105E3000AFB0B74B1D93DFF81CA3DFF81CB39FED89
:105E4000B59ADFEDB5BA9FEDB5BADFEDB58ADFEDF6
:105E5000B5AA9FEDB5AADFEDB59A26900023109361
:105E6000B34B109A1B881F33B2EB531F14DB269BD6
:105E70005BB1B04AA648137883F001031370162271
:105E8000002103FB02000CF0F9FE09F04FFF2FB0D8
:105E9000BDEC0C8BBDE8F08F1D9B33F8022B1D93DE
:105EA0009B8A13431A9303D1109B01331093D7E7B6
:105EB000109B109A5B010E936FF01F035343023344
:105EC0002593C2EBC2235B019BB203F1110212B214
:105ED00016925A1C0E33002512B21BB224921C9348
:105EE0000F9507951A9BD80740F14283924B079A6A
:105EF0001B889B1A202BA8BF202308938C4B0E9A3B
:105F00001B889B1A1F2B0993089B00F3DB87002B30
:105F100040F32E83099B002B40F32A8309F0F8FEFF
:105F2000864B099A1B89CAF8000043EA034300EB39
:105F30008212904227D19BF8BE3113F00B0F7F4B9A
:105F4000B3F8063C40F2E77508BF00250BBB002DF7
:105F500038D19BF8AE310A2B40F08280774BDAF8CB
:105F60000010188C0022079BD318962B00F0C780D6
:105F7000B3F5967F00F0C380089B0132934201F194
:105F80000201F0DC6FE0C0E90033C0E902331030F9
:105F9000CFE76A4B1E8F0024079B1819FFF79EFC62
:105FA00020B9089B0134A342F6DCD0E7DAF80030D0
:105FB00003EB4402002399010133565209998B42A5
:105FC000F9DBEEE75D4BDAF800509C895C4BB3F9E6
:105FD00000605C4BB3F900000F9B294600EB4310B7
:105FE00000224FF00A0E079B9B1822D0B3F5E17FE9
:105FF0001ED083180EFB03F393FBF6FC06FB1C3349
:10600000092B15DD089B0132934201F10201EADC04
:1060100000224D490E9B0888D3181946B3FBF0F3B4
:1060200000FB131373B1099B01329A42F1DB90E735
:106030000023099F4FEA831C0233BB4221F80C4026
:10604000F7DBDFE705EB821107981818B0F5E17F61
:106050000898D8BF21F8134002339842F4DCE2E7F5
:10606000042B3FF47BAF9BF8C231002B76D19BF819
:106070009E31002B40F0A5809BF8BF31002B40F0F3
:10608000A5800F9B0B2B22DD192009F0FBFE079B3F
:106090009BED998A9BED98CA259DC3F5CF74013479
:1060A0000A2624B218EE100AEAF77AFA2FB2CDE9DE
:1060B0000001264A39462046FFF780FE224B1B8806
:1060C000013E1D4438EE4C8A01D01F2DEADDDDE98A
:1060D00007329918BBF8CA3100201C4600EB040CAB
:1060E0000CEBDC7C4FEA6C0C194A32F81C20914214
:1060F00000F38A80644500F029816446EEE70023BE
:106100009C0101330853099CA342F9DB34E700BF2B
:10611000185E00200000C842000080FF14EE2D43EE
:106120008E5D134000008CC2E3C8EB3D7AFC474310
:10613000905D0020925D00200C140020BC06002021
:10614000B85D0020A85D00200A1400201773020823
:10615000685E002010140020B84C00209BF8C3415A
:10616000002C84D1C14BB3F820800F9B5E01BBF89B
:10617000CA514FF4E17705FB06F0B0FBF7F080B2AF
:10618000F6F73AFE013681467543B5FBF7F080B26B
:10619000F6F732FE814504D1089B0134A342E6DCC8
:1061A00065E7B34B9D42F7DCDAF8003003EB4402BD
:1061B00000239901013322F8018009998B42F8DB11
:1061C000EAE79BF8C431FF2B7FF456AFA74B1E8C38
:1061D0000F9B00245D01079B1819FFF7F7FA0E9B30
:1061E000C01A0CD4099B984209DA6319B3F5E17F10
:1061F00005DC04EB4010DAF8003023F81060089B4F
:106200000134A342E7DC3CE7079D954204DD60458D
:1062100000F09C80604661E76746013F002F05DD86
:10622000944A079832F817209042F6DD013B0CF1B2
:10623000010C9C4504DA8F4A32F81C209142F6DCAE
:10624000DAF800308B4A11937B001A4419928A4A7B
:106250001B97D31818930026CDF880C09BF8BE3149
:10626000334113F00103149374D10136042EF5D198
:1062700000249BF8BE312341D90700F10B81013482
:10628000042CF6D1109B012B00F363819BF8AE31F7
:106290000A2B02D0042B40F09781012009F0F2FD77
:1062A0000320F7F703FC00230322EAF791FD0F9B7D
:1062B000DFF8DC81C3EBC3294FEA4919CDE90C01B2
:1062C00009F10A091FFA89F90024DDE90C23CDE957
:1062D000022358F8040BEAF763F90FFA89F5CDE9C0
:1062E0000001664A24992846FFF768FD9BF8AE3105
:1062F0000A2B40F04981624AD2ED016AD2ED007A60
:1063000002EB840393ED007A77EEA67AD2ED026A6F
:1063100027EE097A77EEA67AC7EE277A17EE900A6B
:10632000EAF73EF9012C06460F4640F0F680554A42
:106330001C99CDE900672846FFF740FDCDE90067CD
:10634000504A51481421EEF7A5FCFAE04FF0000C3A
:10635000674675E74D4BDDF8649033F816301793B8
:10636000189BDDF86CC01E964FF4617202FB063379
:106370000C93209B9C4501DB1E9E76E7B9F800102C
:10638000079B39F8024F0C98079E30F8025F0E9A6F
:10639000E41A0C9B0C901B880E98891BA3EB02023D
:1063A000A5EB000005D5002C80F293850CF1010CC3
:1063B000DFE7002A04DA0028F8DB1F2902DC07E007
:1063C0001F2901DD1F2CF1DC1F2A01DD1F28EDDC58
:1063D000AB4205D91346024618460B4621461C46D9
:1063E0000D1B002DC8BF651AA0EB0206CCBF4FF0F5
:1063F000FF37149FEE424CBF05EBD57306EBD67307
:106400005B10002AC3F100030ADA9D429E46BCBF1E
:10641000C9199B1B7645F8DD0132A3EB0503F4D1C6
:106420004001520121901F290AD801EB020811985E
:1064300030F818E0179840EA0E0E119820F818E08E
:106440008C4202D121989042B0D09D42BABFA3EBBA
:10645000060EC9199E469E4205DD2032B2F5806FB8
:10646000AEEB050EA2DA7346DDE700BFBC060020E6
:106470007F130300685E0020EC6100201F73020898
:10648000A42200208F730208BC5D0020D0060020EB
:1064900098220020B74F4FF0000897F8693208F1B2
:1064A0000108A3B397F86B32A34230D1B24BB7F9CE
:1064B0006C2233F81250079BED1AAB1D2A2B26D8FD
:1064C0004FF4E17303FB0423AC4A32F813600E9BD4
:1064D000F61A2D2E1BD8A01D80B209F0D3FC053D65
:1064E0000E3EA74B00930B220E2331462846FFF7A2
:1064F000FBF8002009F0C6FCA14A1C2303FB08237B
:1065000000930B220E2331462846FFF7EDF8B8F131
:10651000080F07F11007C0D1B1E69A4B18ED017AC8
:10652000D3ED017A77EE677A17EE900AEAF738F83A
:10653000CDE90067CDE90201934A1C992846FFF78F
:106540003DFC013409F19609032C1FFA89F97FF407
:10655000BCAE0E990798F6F709F8089B202B40F07F
:10656000978407980E99DDE908231E3009F0E8FBAF
:106570000F9B01330F93079B203307931A9B5B08F4
:106580001A937FF4AFAC8FE4012CDAD17D4B93EDFD
:10659000027AD3ED007AD3ED016A77EE877AB6EE10
:1065A000007A47EEC76A16EE900AE9F7F9FF064649
:1065B0000F46764A1C99CDE900672846FFF7FEFB97
:1065C000CDE90067724ABCE60F9B6A4FC3EBC3205C
:1065D000400183B24FF000092193E233C8461BB259
:1065E000CDF830901793B9464746032F40F0AE815F
:1065F0009BF8AE315A1FD2B2012A69D8DBE9A42335
:10660000DBE9A001994208BF90425DD2141A63EB06
:106610000105604ADDE91610CDE90045FFF7CEFB24
:10662000CDE900455C4A5D481421EEF733FB0323B6
:106630000C9399F86932002B00F0F2820023CDF818
:1066400060B0119319979BF8BE81119B48FA03F82B
:1066500018F0010800F0D98299F86B32119A934230
:1066600040F0D3824E4B93ED008AF3F769FE189BFE
:106670001B7C002B40F06F82189B93F8AA31002BF3
:1066800040F0698238EE408A9BED850A9BF898219C
:1066900038EE008AFDEEC87A17EE903A002A40F0F4
:1066A00055829BF8FD25002A00F04E82203309DA3E
:1066B00099F868325A0740F14E823A4B1B88012BF9
:1066C00040F24982142049E2841A61EB0305A0E7F5
:1066D000072B6FD1344ABBF97C3202EB8303D3ED35
:1066E000007ABBF98C3202EB830393ED007A77EEEC
:1066F000C76AB9EE046AF4EEC66AF1EE10FA3FF525
:1067000028AFB1EE046AF4EEC66AF1EE10FA3FF774
:1067100020AFBBF96C3202EB830377EE877A93EDFF
:10672000000AB6EE007A17EE870AB4EEEA0AF1EE36
:1067300010FA3FF50EAFB5EEC00AF1EE10FA3FF7D2
:1067400008AF20EE0A0A0BF069FF20EE290A174A6B
:10675000FDEEC07ADDE9161017EE903ACDED0C7A19
:10676000FFF72CFB0C9B124A0C481421EEF792FA0F
:106770000C975EE7B84C0020685E0020EC610020BA
:1067800010760208982200202E7302083F73020838
:10679000D37302084C7302085B730208BC5D0020CF
:1067A00004140020081400207428002061730208DB
:1067B00068730208082B2ED1DBE9A001EAF772FA10
:1067C000AC4B1B8807EE903A07EE100AF8EEE77A1A
:1067D00007EE897A17EE100AEAF712FBDBE9A42329
:1067E0008B4208BF8242FFF4B4AE141A63EB01057A
:1067F000640844EAC5746D08DDE91610CDE900456A
:106800009D4AFFF7DBFACDE900459C4A9C481421DC
:10681000EEF740FAACE7092B7FF40BAF9BF8693237
:10682000002B3FF406AFBBF96C22BBF8CA31B3EBC7
:10683000C21FBFF6FEAE9BF89A31119300200623CB
:106840008BF89A31B846DDF830909FED8ECAFFF78D
:106850000DF9BBF96C72BBF8CA01092F00F1FF30CA
:10686000C8BF0A2380B2D8BF7F00F0EE40CAD8BFAD
:1068700097FBF8F3DBE99C450C93F6F783FBCDE936
:1068800014014FF000080226474604FB08F106FBFE
:106890000511A4FB06230B44DDE914018B4208BF5C
:1068A000824230D39BF86B02119B8BF89A310630F1
:1068B00009F0E8FA8CEE2C8AB1EEC88A68EE097A03
:1068C00017EE900AE9F76CFE0D464FEA69010E9B40
:1068D0006D4A090101310446C91AE12009F001039A
:1068E0005843079B0130C01ACDE900453B4609B229
:1068F00000B2FFF763FACDE90045644A604814210D
:10690000EEF7C8F925E60C9900910120F6F78AFD0B
:10691000C0B132464346DBE9A001EAF759FA231930
:1069200045EB05021C1942EB0505001945EB010179
:106930008408012044EA81748D08FFF797F83CEE43
:1069400000CA0137013648F100089EE7012F7FF7A2
:1069500070AE9BF8AE010B2805D0A0F10D03DBB2A1
:10696000012B00F2A3809BF86932002B00F09E807F
:106970000020DDF83090464C464DFFF777F8D4ED17
:10698000007A9BF8AE3130EE0B0A0B2B70EE677A73
:10699000C5ED007A2CD0B2EE048A87EE880A20EE8C
:1069A000280A0BF03BFE3C4BD3ED2E7AF0EE40CAAA
:1069B00087EE880A20EE280A0BF030FED4ED007A2C
:1069C000B0EE40CA87EE880A20EE280A0BF026FEB9
:1069D000F7EE007A7CEE677A87EE800A3CEEC00A1A
:1069E0000BF0A2FE20EE080AC0EE287AC5ED007A70
:1069F0009BF86B02063009F045FAE12409F0010327
:106A00005C43079B9BF8AE6101344FEA6905E41AC9
:106A10002D010E9B0135ED1A1E4B0B2E24B22DB20B
:106A2000186810D1E9F7BCFDCDE900011B4A2946E1
:106A30002046FFF7C3F9174B1868E9F7B1FD184A6C
:106A4000CDE900015AE7E9F7ABFD0D2E03D1CDE901
:106A50000001144AEBE7CDE902010D4B1868E9F794
:106A60009FFD114ACDE9000129462046FFF7A6F90E
:106A7000E1E700BFC02000206E73020880730208A7
:106A8000BC5D002000000000867302088F730208BE
:106A900000720020DC710020BC0600209773020801
:106AA000D3730208A8730208BF73020802287FF498
:106AB000C0AD9BF88932002B3FF4BBAD9BF89932F7
:106AC000002B3FF4B6ADFEF7D1FF0320B0EE40CA75
:106AD000FEF7CCFF0020F0EE40DAFEF7C7FF012002
:106AE000B0EE408AFEF7C2FF30EE4CCAB6EE00DAD6
:106AF000F0EE487A4CEE0D7AF0EE40CA17EE900AAE
:106B0000E9F74EFD04462198AF4A0D46013016992B
:106B1000CDE9004500B2FFF751F9AC4AAC48CDE9E8
:106B200000451421EEF7B6F838EE6D8A48EE0DCA2E
:106B30001CEE900AE9F734FDA34ACDE90001DDE936
:106B40001610FFF73BF904E50933B0E5012A02D13D
:106B50001C33BFF6B7AD99F86B02063009F092F915
:106B6000002009F09BF90C9B1998B9F96C5203F0BD
:106B70000103E1265E43079B0136F61A0C9B5C106D
:106B800024010E9B0134E41A99F868321493FEF73D
:106B90006DFF199A9BF9B53193420CBF182320233E
:106BA0008DF8A030134631338DF8A130149B9B062D
:106BB00044BF54238DF8A230149B4CBF0DF1A301A8
:106BC0000DF1A20113F00203B0EE408A209308D029
:106BD0000B46172203F8022B99F86A2231324A70C9
:106BE000194620230B70B4EE6B8A33B22293F1EE78
:106BF00010FA23B223931AD128AB764ADDE9220199
:106C0000FFF7DCF80C9B01330C93119B01331193BC
:106C1000189B01331893119B042B7FF414AD199F1B
:106C20000137082F09F110097FF4DFAC91E49BF8DC
:106C30009A011B902098D9E99C23002800F0B68087
:106C40001B9C99F86A0207341B9400F127040BEB94
:106C50000414D4E900670BEB0014B4F96CC2654569
:106C6000B5BFACEB0505A5EB0C054FF02D0C4FF0B7
:106C70002B0CBB4208BFB24201F1020481F801C0F3
:106C800080F08F80B11A0A9167EB03030B93FEF734
:106C9000EDFE38EE408ADDE90A014FF00063002284
:106CA0008B4208BF824207D2424261EB4103CDE9E9
:106CB0000A232D2304F8013BDBE98E01DBE9902355
:106CC000994208BF904240F09D80DBF8F035424A7F
:106CD0005D43BBF8CA3107EE905A013B5343B8EE0F
:106CE000677A07EE903AF8EE677AC7EE277A17EEE2
:106CF000900AE9F755FC394ACDE900010F212046F9
:106D0000EDF7C8FF364B1B781BB9214634480BF012
:106D1000CBFF9BF89A51334A334B344C032D98BF29
:106D200013465A1C18EE100A1D462792E9F738FC44
:106D30001B9A2F4B53F822602E4B209A002A08BF33
:106D40001C46149A12F0040F2B4A18BF1746149AC7
:106D500008BF1F4612F0100F284A0CBF98469046F5
:106D6000CDE91E01CDE9000128ABCDE90478CDE9DC
:106D70000264279ADDE92201FFF720F8144B1B7803
:106D8000002B7FF43FAF9DED1E7BCDE90478CDE96C
:106D900002648DED007B2A1D14210D48EDF77AFF6A
:106DA00030E7911B0A9163EB07036FE74C1CDBE9AB
:106DB0009610134E891940F1FF30891840EB0303F8
:106DC0000A910B9367E700BFD9730208D3730208D7
:106DD000BC5D0020E973020840420F0008950208DC
:106DE000945D0020FF720208EE7202083D730208F3
:106DF000C8AD0208974B020810730208147302080A
:106E0000001F0AFA0120F6F7BDF8054600201E9182
:106E1000F6F7B8F8DDE90A67354A0023BB4208BF38
:106E2000B24222D22B1A12931E9B63EB01031393DF
:106E3000DDE9122313430DD0DDE912010A232D4DA4
:106E400000268E4208BF854202D3B8F1050F17D144
:106E5000CDE9120124A3D3E90023DDE90A018B4225
:106E600008BF824238BF08F10308DDE90A230F2179
:106E7000CDE90023204643461F4AEDF70BFF41E7CB
:106E800003FB01F2A0FB030108F101081144D6E75E
:106E90000899DAF800304800811E03F140020B44E3
:106EA000099901393FF45DAB164685181C4603E08D
:106EB00032F8027B24F8027FAA42F9D1034406F19A
:106EC0004002EEE7002B7FF753AB20230993FFF737
:106ED00025B8002ABFF678AA0028BFF679AAFFF7DE
:106EE00065BA00BFAFF30080FFC99A3B0000000005
:106EF00040420F003F420F00F073020808B5031E26
:106F000012DB1A46094B03EB021393F869320BB1FB
:106F1000FEF78EFCFEF7E2FB0120FEF785FF044A38
:106F2000138843F02003138008BD00BFB84C002035
:106F3000284500202DE9F04FB24E96F89831023BDB
:106F4000DBB2012B9BB043D903F0CAFD18B1AE4BA5
:106F50001B78002B3CD096F8C231002B75D096F8E8
:106F6000C341002C71D1012008F08CFF204608F0AD
:106F700095FF09234FF4E17240F237111E2008F00B
:106F800053FEA24FA0B2F5F737FF254680460135E4
:106F9000A8B2F5F731FF4045F9D04FF0300E0EFBA7
:106FA00008F3F218117EB1B118333344984A2821FE
:106FB00010A8EDF76FFE04F11E014FF49C7210A8AB
:106FC00009F002F8B6F8CA310A3BAB422C46D9DCCC
:106FD0001BB0BDE8F08FD2E90AC9D6E99632B6F8FF
:106FE000CAA107928B4AD7E900019B184FEA9A0A77
:106FF000079AA5EB040BAAF1140A42F1FF32D3451C
:10700000CDE9020119DA08FB0EEEB644DEE9000113
:107010001CEB000C49EB01094FEA5C0141EAC97124
:10702000C9184FEA590040EB0202CDE900127A4A32
:10703000282110A8EDF72EFEBDE71CEB030349EB5A
:107040000202CDE90032754AF2E7D6E9962369A536
:10705000D5E90045AB42724B724F0CBFA2421F46AE
:10706000D6E98E01D6E99023994208BF90426AD1B1
:107070000420F6F71BFDD6E996321B1B62EB0502D6
:10708000181841EB0202CDE900022821664A10A837
:10709000EDF700FED6F8F0359FED647A07EE903AF2
:1070A000F8EE677AC7EE877A17EE900AE9F778FA72
:1070B000CDE9000120215E4A0DEB0100EDF7EAFD6C
:1070C000012008F0DFFE002008F0E8FE09234FF45D
:1070D000E17240F237111E2008F0A6FD554B5B7C93
:1070E000022B7FD118238DF8403008A8EAF750F81A
:1070F00000EB8000C0F5F0744FF49C72214608A8A4
:1071000008F062FF4FF49C721E2110A808F05CFF8B
:10711000142008F0B7FE0120F6F7C8FC37A3D3E926
:1071200000238B4208BF8242BFF452AFB6F9CC3184
:107130000F2B7FF74DAF4FF49C72A4F17E013E48B8
:1071400008F042FF44E7B6F8D201DFF8C08010F043
:10715000010029D1F6F7AAFC0497D8E90023CDE96C
:107160000223D6E996321B1B62EB0502181841EB8D
:107170000202CDE900022821304A10A8EDF78AFD6D
:107180000120F6F793FCD6E996321B1B62EB050251
:10719000181841EB0202CDE90002294A20210DEB2B
:1071A0000100EDF777FD8BE70220F6F77FFC0497EF
:1071B000D8E90023CDE90223D6E996321B1B62EB06
:1071C0000502181841EB0202CDE9000228211D4AF0
:1071D00010A8EDF75FFD0320F6F768FC1A4ACDE929
:1071E0000001DBE7032B04BF18238DF820307CE778
:1071F000AFF3008000E1F505000000000094357752
:1072000000000000B84C002039280020B05D0020AC
:10721000BC890208001F0AFAB75B02080074020862
:10722000F8730208974B020810740208002474498E
:1072300019740208C07200207A74020825740208CA
:10724000427402084F7402086D7402082DE9F04F71
:107250008BB0054602F05AF8002840F07681C94B01
:10726000C94C18702388C94F039713F0200F38704A
:1072700055D0C74B1878C74B1622FF2100FB0230B0
:107280000BF0FCFC238803F06903002B00F0E18085
:10729000C14E2846FEF7C8FD96F8A431002B00F039
:1072A000988023881D0600F19480BC4BDFF8FC9287
:1072B0001D88BB4B1B78B5F5E17F28BF4FF4E17506
:1072C000002B64D040F23518DFF8FCA2B9F80010AA
:1072D000884561DA96F8BE21B248002342FA03FCE1
:1072E0001CF0010F6AD013F800C0BCF1000F65D18B
:1072F000AD4AB6F8CA814FF461704FF0000C00FB44
:1073000003234FF4E17E6046C1F1FF0A4045C0F21D
:107310001F8101232A461E2008F0E2FC59E01B07CA
:1073200001D5FEF7DBF923885E06ABD50020FEF71A
:107330004DFA974B1B780B22C0F34F1002FB03034F
:10734000944A4FF6FF7122F813109BE7514604232D
:107350002A461E20CDF800B008F00CFD0AF101010C
:1073600004232A461E2008F0BBFCAAF1040AB9F83F
:107370000080C245EADAD8F59B7848BF08F10308D7
:1073800028F00308C8F59A7808F101089CE74FF443
:10739000997ADFF834B2EAE7414601232A461E20F3
:1073A000CDF800A008F0E6FC012308EB03012A4613
:1073B0001E2008F095FC08F1FF3887E70133042B05
:1073C0008CD1002342FA03F0C00791D40133042B7F
:1073D000F8D196F8A531002B3BD0039B1B78002BEE
:1073E00037D0002008F05AFD012008F04BFD6B4B10
:1073F0006E4E1D886A4B32881B786448002B14BF80
:10740000022703271D355FFA87F900954B460332A3
:10741000212108F0FBFE854206DD31880E237B43E7
:107420002A1A033108F000FC3288564800954FEACA
:10743000071803324B464244212108F0E7FE8542FB
:1074400007DD31880E2303317B432A1A414408F0BB
:10745000EBFB2388580701D502F0B2FE2388990779
:1074600001D5FFF767FD2388DA066CD508F04AFFDF
:10747000002800F0AB804E4B93F84E3C5B0600F0CA
:10748000A580152008F0FEFC4A4B009310231A46F5
:107490004FF48271042008F00DFDF0F7BDFA061ECE
:1074A00051DD40F6E3439E4240F39D8040F63B7041
:1074B0008642D4BF06200A2008F0E4FC002008F031
:1074C000EDFC3D4B049304AB41F2680104251F46DB
:1074D0004FF0810C40F6E44015F0030F05F1010276
:1074E00040F0858083F804C0814203F101037CDC15
:1074F0000AAB1A44812302F8183C0AAB2B44FF2242
:1075000003F8162C4FF48C71EB1C0822072000970F
:1075100008F0D0FC07EE906A9FED287AF8EEE77A43
:10752000C7EE877A17EE900AE9F73AF8244ACDE9D0
:10753000000118213846EDF7ADFB05F58F720121EA
:10754000384608F041FD002323800BB0BDE8F08FE2
:1075500033F81020524492B2FF2A3FF6DAAE194FA8
:10756000013037F812B00CFB08F96246CE4594465C
:1075700002DC0EF5E17EC9E6134FC14427F812B0D4
:107580000132F3E7945D002028450020BC5D002017
:10759000925D0020185E0020B84C00200C140020E2
:1075A0008E2200205E4E0020EC610020141400208A
:1075B000BC0600200C770208003C3CFF00007A4427
:1075C000E87202082C77020804730020002008F0FB
:1075D00065FC10231A464FF48271042008F024FB46
:1075E00008F09AFE59E70B2066E7154674E78E42CD
:1075F000B4BF4FF0810E4FF0BD0E83F804E0643944
:1076000072E700BF024A138843F0200313807047DB
:107610002845002008B5002008F040FC08F0E8FBF1
:10762000FFF788FCBDE8084002F0CABD2DE9FF4124
:107630000024A0461E4A0023A7B21D461646013567
:1076400022F8023BB5F5F07F3B449BB2F7D1012312
:107650002A462146002008F043FB4FF470720021B7
:1076600013480BF00BFB009601232A46214600200D
:1076700008F080FBCDF80C80039BB3F5F07F05DBB1
:107680000134B4F5A07FD5D101200DE0039A039B0E
:1076900036F8122013FB07F39BB29A4203D1039BE7
:1076A00001330393E8E7002004B0BDE8F08100BF98
:1076B0000473002010B5194A194C92F8A431022B1A
:1076C00002D092F8A511F1B1B42323800A212388B6
:1076D000B3FBF1F313490B8003EB830312495B0007
:1076E0000B80B2F8A43153B1002008F0D7FB2188F9
:1076F0004FF4E172C1F59B731E2008F095FABDE8C6
:107700001040FFF77FBF012B01D1F023DDE7032BF2
:107710000CBF5A234FF49B73D7E700BFB84C00202F
:10772000141400200A140020905D00202DE9F04F71
:10773000002085B0F6F7BAF9724D07460320884657
:10774000D5E99646F6F7B2F902460B461343CDE962
:1077500000016BD06C4BE31846F1FF36DB19DDE915
:107760000054009346EB08030193684BB3F8042CD4
:10777000002A5FD10A22002328462146E9F728FB88
:1077800082468B46624B634FC3E900AB52465B4671
:10779000DDE90001E9F71CFB9C46002310465B4530
:1077A0004FF47A7208BF524580F096806146642299
:1077B0000023E9F70DFB4FF4E176A0FB068906FBF9
:1077C00001996422002328462146E9F701FB02467D
:1077D0000B4640464946E9F7FBFA6422388000230D
:1077E00050465946E9F7F4FAA0FB068906FB0199D1
:1077F0004FF47A72002328462146E9F7E9FA0B464E
:10780000024649464046E9F7E3FA434B18803F4BAE
:10781000B3F8043C03B93B80FFF74CFF3F4A1388A1
:1078200043F02203138005B0BDE8F08FD5F8F05582
:1078300000249AE7022A9CBF0622A3F8042CB3F87E
:10784000042C0023CDE902230FF2B00BDBE900ABDF
:107850004FF009084FF00509AAFB096709FB0B77F0
:1078600032463B4628462146E9F7B2FADDE90223D3
:10787000994208BF904229D21AEB0A074BEB0B063C
:107880003A46334628462146E9F7A2FADDE90223C3
:10789000994208BF90421CD252465B462846214678
:1078A000E9F796FADDE90223994208BF9042BFF456
:1078B00069AF0A22002350465946E9F789FAB8F120
:1078C00001083FF45FAF82468B46C5E7B246BB4630
:1078D00058E7BA46B34655E74FF4E176A0FB0601F8
:1078E0002A4606FB0C112346E9F772FAAAFB068921
:1078F000388006FB0B990A227CE700BF00CA9A3B3E
:1079000000000000B84C0020001F0AFABC0600204E
:10791000B05D0020A85D0020B85D00202845002053
:10792000024B002283F8A421FFF7C4BEB84C00200C
:10793000034A1388012043F036031380FFF786BC07
:1079400028450020042802460F4BA8BF0422F0B5AA
:1079500033F832600E8003EBC20304285A889C88F7
:107960004A808C809F79DB88CB800CDD04380A2527
:10797000B0FBF5F313FB046405FB130313FB07F3E0
:1079800013440C804B80F0BDD47902080A4A0B4B9B
:1079900011880B4A1B88128891424FF01E0008D1B3
:1079A000B3FBF0F200FB123080B213B1002808BF25
:1079B0001E200330704700BF887100208C710020AA
:1079C0000E720020124A30B5002403781D0707D537
:1079D0000B6801330B604578B3EB151F16DB0C60A9
:1079E000837A5B070CBF00690A3078B103785D06C3
:1079F00004D592F8985115F0FD0FE6D19B0605D5F8
:107A000092F8983103F0FD03012BDED130BD00BFA9
:107A1000B84C002013B5084B1A78084B002453F8D3
:107A20002200019410B9204602B010BD01A9FFF751
:107A3000C9FF0134F6E700BFE07100203C140020CC
:107A400010B5154B1A78154B53F82240FFF7E2FF9B
:107A5000134B1A68002ABCBF4FF0FF321A601A6835
:107A60008242A4BF00F1FF321A60227802F00702BE
:107A7000052A03D11A680AB901221A601028A8BF82
:107A8000102009284FF4A073B8BF0920B3FBF0F011
:107A9000044B0138188010BDE07100203C14002018
:107AA000A4720020381400202DE9F04301220F4673
:107AB000064600210A23A2FB038903FB01994F45D7
:107AC00008BF464515D2941841EB0105AF4208BFE7
:107AD000A64211D30520A2FB002300FB01339F42E5
:107AE00008BF964201D314461D4620462946BDE8EC
:107AF000F08342464946DEE714460D46F5E70000AE
:107B000038B5174C4FF08045686A2368C31A142BA8
:107B100003D86420E9F78AFEF6E74FF09043114955
:107B20001A690B88206002F00E0222EA03030A8021
:107B30001A07C3F3800007D50B4A92F8492C002A94
:107B400014BF2022102210439B0707D5064B93F841
:107B5000493C002B14BF10232023184338BD00BF1D
:107B6000C4710020C0710020BC0600202DE9F04740
:107B7000DFF8A890264E274F4FF0804AC8460A20CB
:107B8000DAF82440D9F80050E9F750FE4FF090435E
:107B9000651B1B6931889BB241F2873C03F00E02E2
:107BA000654581EA020002D913F0040F2DD110F0CF
:107BB000040005D03280C8F800400120BDE8F087FD
:107BC000914203D03280C8F80040F7E741F2883292
:107BD0009542D4D93A68A242D1D213F0020006D01D
:107BE0000D4A92F8492C002A14BF502060201B0730
:107BF00007D5094B93F8493C002B14BF6023502351
:107C0000184304F5C8743C60D8E70420D6E700BFE9
:107C1000C0710020C8710020BC060020C471002083
:107C2000F8B50F4D4FF09046284600220221EBF7A1
:107C300045FE01244027402280214FF09040EBF781
:107C40003DFE2C832246214628463783EBF736FE3D
:107C5000224639463046BDE8F840EBF72FBE00BF5C
:107C6000000400485AB1074B93F89931990702D59F
:107C7000022353717047003318BF0123F9E7F2F76D
:107C8000CDB800BFB84C00203AB1054B93F9B331E1
:107C9000003318BF012353717047F6F7A7B900BF2F
:107CA000B84C00205AB1074B93F89C31990702D584
:107CB000022353717047003318BF0123F9E7F3F72C
:107CC00077B800BFB84C00203AB1054B93F89B3110
:107CD000022B28BF022353717047F3F77FB800BF10
:107CE000B84C00202DE9F047DDF8208098F80440DA
:107CF0000546B8F800000E4691469A4604F007047F
:107D000008F0C0F8B8F8020008F0C8F8002C4AD013
:107D100098F8047017F0100F14BF0D200E2008F013
:107D2000BDF8284623464A46314607F07DFF17F046
:107D3000800F14BF0D200E2008F0B0F805EB0900ED
:107D4000001B53462246314607F06EFF17F0400FE6
:107D500014BF0D200E2008F0A1F8284653462246F5
:107D6000314607F061FF17F0200F14BF0D200E20E1
:107D700008F094F806EB0A0123464A46091B2846F8
:107D800007F052FFB8F8020008F088F83B070AD461
:107D90006200AAEB02033119A9EB02022819BDE81F
:107DA000F04707F041BFBDE8F0870000002862DB24
:107DB000F0B58FB00423ADF80C302F4B1B68834215
:107DC00039D10523ADF80E3062232C4F8DF81030D9
:107DD0003B680130002293F901C0ADF8082013F888
:107DE0001040274B03EBCC0133F83C308A8825093F
:107DF00002FB0535CB88498804F00F0403FB04140B
:107E000003A946000091A8B2A1B2FFF76BFF3B683F
:107E10001E4496F9010063280BD093F9013013BB7F
:107E20001E280DDC04F1190205F13401C0B208F07E
:107E300005FA0FB0F0BD0323ADF80E309223C4E76E
:107E40001F38104B53F820603046E9F7A1F90C2198
:107E50004143C1F1780104F11D0205EB51013046A7
:107E600008F00AF9E5E78DF8080004F1110205F1C0
:107E7000140102A8F4E77047A47200209C7100204E
:107E8000487E0208587E020800238B4200DB7047C0
:107E900030F8132052BA20F813200133F5E7000020
:107EA00008B53AB1074B93F8BB01431A59425941FF
:107EB000517108BD0846F2F7E3FEBDE8084008F03E
:107EC000CFBE00BFB84C00201AB1034BDB79537111
:107ED0007047F1F7DBBE00BFB84C00201AB1034B6E
:107EE000DB7A53717047F1F7DFBE00BFB84C00205A
:107EF000074B33F811004AB1064BB3F8CA31906012
:107F000083420CBF0523042353717047F5F722BF4A
:107F100088980208B84C002042B1054B0549187AF0
:107F2000054B002808BF0B4693607047F1F758BF18
:107F3000B84C00203E7B0208887B0208F8B51F4F32
:107F400004263D4697F9B541631C31D02201BB1888
:107F500093F8691261B3B3F96C32810644BFA3EBA5
:107F6000960323EAE373C10607D5B5F8CA1103EBFC
:107F700096039942D8BF01F1FF332A4498B2A2F880
:107F80006C32F4F7FFFF273405EB0414C4E9000159
:107F900095F9B501FEF7B2FF95F9B53105EB03137D
:107FA000013693F8682222F0200283F86822B6B2E4
:107FB000FFF7DCFD0028C5D1F8BD00BFB84C00209C
:107FC000F8B51A4F034600264FF0FF353C4697F9A7
:107FD000B501421C1FD0EEB9990622D5F4F720F95D
:107FE00005466B1C11D094F9B50104EB0013A3F8FE
:107FF0006C52F5F789F994F9B53104EB031393F852
:10800000682222F0200283F8682294F9B501FEF775
:1080100075FF0426013EFFF7A9FD03460028D6D1CF
:10802000F8BDDA06DDD5F4F755F9D9E7B84C0020EC
:10803000074B53F8213007493AB1096D93609942D3
:108040000CBF05210421517170470B65F6F7D2BFB3
:1080500000AE0208BC06002032B1044B1B78DB43A3
:1080600003F0010353717047EFF750BF0014002075
:108070002DE9F04F2DED028B89B03E2861D8DFE865
:1080800010F03F0065007E00BC00D200FC00EC0058
:108090000701150118016001AB01360278037C036A
:1080A0008001AD03D203B803BC0360006F017C0103
:1080B000600001040D0414026000600060001D04F3
:1080C000240425013101480151013C0240025A02B9
:1080D000600060007E028F02A902C602EC02470324
:1080E00063036C03600032044004EC006C02720213
:1080F000780266045C044404760360006000F003C8
:108100000020F5F7D3FCA44AA44CD2E996321B19FF
:1081100042F1FF3213EB000842EB0109A0489CA397
:10812000D3E90023C0E90289CDE900894B4508BFA6
:1081300042459C4B9C4A38BF1A461C211630ECF72E
:10814000A9FD09B0BDEC028BBDE8F08F0120F5F769
:10815000ADFC914A914CD2E996321B1942F1FF32A3
:108160001E1842EB01078AA3D3E900238C48BB42C7
:10817000C0E9026708BFB242CDE90067D9E7022033
:10818000F5F794FC844A854FD2E99636DB1946F11F
:10819000FF361C18824B46EB0105C3E9024592F8F5
:1081A0009831023BDBB2012B14D879A3D3E9002329
:1081B000AB4208BFA2421ED37C4A0023AB427A4B9B
:1081C00008BFA242774A28BF1A46CDE900451C21C4
:1081D0007748B4E720462946E8F764FDDFED757A75
:1081E000714B704A07EE100AB4EEE77AF1EE10FA1E
:1081F000B8BF1A46E9E7704AE7E70320F5F756FCEF
:1082000063A5D5E90045664B664AC3E902018D4284
:10821000CDE90001644908BF844228BF0A4603F142
:1082200016001C218BE70420F5F740FC5A4A5B4CF2
:10823000D2E996321B1942F1FF3213EB000A42EBEE
:10824000010B53A3D3E9002355485B45C0E902ABBA
:1082500008BF5245CDE900AB6BE74F4B504CD3F80C
:1082600010022060E8F79CF9CDE90001534A1C2177
:1082700004F11600ECF70EFD63E7474B484CD3F8CA
:108280000C022060E8F78CF94D4ACDE90001EEE7D9
:10829000F2F756F810EE103A41484A4A40F8163BB9
:1082A000FDEEC07A17EE903A1C212BE0F2F730FC7D
:1082B000F0E739493A48D1E99423497AC0E90223E1
:1082C000002940F02E81CDE9002309E03E4BD3F890
:1082D000102CD3F8143C3248C0E90223CDE9002326
:1082E000314A2AE72C4B2E48D3F8003607EE903A55
:1082F000F8EEE77AC0ED007A002B00F01281334AE5
:108300001C21163009B0BDEC028BBDE8F04FECF734
:10831000C1BC2F4B1B68002B00F003812B4A244863
:108320001C21EFE709F04CF907EE900AF8EE677AA6
:10833000049017EE903A1A4840F8163B049B234AE3
:10834000B2E7154B1648B3F8CE3107EE903AF8EE87
:10835000677AC0ED007A002B00F0E3801D4ACFE77A
:108360000D4B93F8BC310E4807EE903AF8EE677A61
:1083700017EE902A40F8162BE1E7074B93F8BD3132
:10838000F1E7054BB3F8C631EDE700BFAFF300806E
:108390008033023B00000000B84C0020001F0AFAA6
:1083A000C07200200C7D0208B75B0208301B0F0072
:1083B000D6720020286B6E4E117D0208277D0208C0
:1083C0002B7D0208307D0208BC060020A897020819
:1083D000502800203A7D0208F1F7ACFFB84DB94CA7
:1083E00085ED000ABDEEC08A94ED880AB8EEC88A11
:1083F00038EE008AF1F7D6FEB4EEC80AF1EE10FAB4
:1084000003DDF1F7CFFEB0EE408AF1F7EFFEB4EEF8
:10841000C80AF1EE10FA03D5F1F7E8FEB0EE408A93
:10842000D4ED857A95ED007A94F81A3637EE877A8E
:1084300037EE888A85ED007A1BB3DFEDA37ADFF88B
:10844000A08237EE277A38EE278A85ED007A2868F1
:10845000E8F7A6F8D4ED887AF5EE407AF1EE10FA56
:1084600006460F4610D018EE100AE8F799F8CDE945
:108470000067CDE90201954A95481C21ECF70AFCFA
:108480005FE6DFF86482E2E794F8B011914A924B1C
:108490008F48002908BF1346CDE90283CDE9006764
:1084A0008E4A1C21ECF7F6FB4BE6F1F743FF854AB9
:1084B000834BD2ED857A92F81A2630EE270A83EDA7
:1084C000000A92B1DFED807A854A30EE270A83ED0B
:1084D000000A02921868E8F763F8824ACDE90001C1
:1084E0007B481C21ECF7D6FB2BE67F4AF1E7754B66
:1084F000D3ED777AF8EEE77A59E1724BD3ED787ADB
:10850000F8E77A496E48D1F81C3CD1F8182C68A5D8
:10851000D5E90045AB4208BFA242C0E902237FF47F
:10852000D2AE734A6A481C2109B0BDEC028BBDE88B
:10853000F04FECF7AFBB6D49D1F8202CD1F8243CBB
:108540005F49C1E9022352EA030104BF694BD3E941
:108550000023CDE90023684A39E6644BD3F8282C80
:10856000D3F82C3CB7E6614BD3F8302CD3F8343C2D
:10857000B1E65E4BD3F8382CD3F83C3CABE65F4A0F
:108580005F4B11781B78C0224A43182101FB03225C
:108590004C4B1344D3E9BC234948C0E9022392E67B
:1085A000564A574B11781B78C0224A43182101FBC9
:1085B0000322444B134493EDBB0A414CFDF7C8F929
:1085C00010EE100A84ED000AE7F7EAFF4D4ACDE904
:1085D00000014CE64C493B4C08784C4D302101FBE6
:1085E0000040D4E996144919D0E90A5044F1FF3407
:1085F0004A1944EB000330A5D5E9004530489D42B7
:10860000C0E9022308BF9442CDE9002391E53E4B27
:108610002C491B783D48302203FB02220A44D1E951
:1086200096311B18D2E9000241F1FF311B18049367
:1086300041EB02030593DDE904342148C0E902342B
:108640001DA3D3E90023DDE90445AB4208BFA242E4
:1086500023462C46CDE900346BE52B4B194819789D
:10866000302301FB0332024403FB0101D2E9003451
:10867000D1E90A219A1844EB010153084C0843EA56
:10868000C173D0E996212148121841F1FF319B189E
:10869000069344EB01030793DDE906340848C0E97B
:1086A000023405A3D3E90023DDE90645CDE700BF89
:1086B00000E40B54020000008033023B0000000085
:1086C000C0720020B84C00200000D6423F7D020856
:1086D000D6720020974B02081B7D02084F7D0208CE
:1086E000187D02085C7D02084D7D0208BC06002052
:1086F000357D0208D01E0020B75B02088A71002079
:10870000FE6F0020667D0208FD6F0020001F0AFA40
:10871000974B98491B78302203FB022002FB03127F
:108720000B58926A944895499B1A002BB8BF5B423C
:108730001C46DD17C0E90245914ACDE90045914C40
:10874000A342D8BF0A46F8E4894B8A4A1B783021F5
:1087500001FB032393ED0E0A2FE7854B19781822AE
:10876000302313FB0123834A1344874AD7E5874B01
:10877000FBE7804B93F8B731F5E5854BD3F8FC4B1D
:10878000D3F8005C78A3D3E90023AB4208BFA24230
:1087900017D2804820184FF003024FF0000345F134
:1087A000FF31E8F715FBE8F77DFA07EE900A17EEC0
:1087B000903A7148FDEEE77A40F8163B17EE903A92
:1087C000BDE5C4F1324404F5500404F5BC446FF037
:1087D000020394FBF3F407EE904A8BE6654BD3F863
:1087E0001402654C2060E7F7DBFE6B4ACDE900011F
:1087F0003DE5604BD3F82002F3E75E4BDFED676A9F
:10880000D3F8E8355C4C07EE903AF8EE677A87EEDD
:10881000A67A84ED007A17EE100AE7F7C1FE604AE7
:10882000CDE9000123E5534C534D94ED860AFDF745
:108830008FF894F89A315B4A5B4C85ED000A032B64
:1088400098BF1446594A10EE100A52F8233002938A
:10885000E7F7A6FE2246CDE900011C2105F116002E
:1088600040E6444BDFED526AD3F8F835424C07EE50
:10887000903AF8EE677A87EEA67A84ED007A17EEE2
:10888000100AFFE43B4B93F9B521002AFFF659ACDF
:10889000273203EB0213D3E900237DE6354B93F92E
:1088A000B521002AFFF64DAC334CD3F80802206006
:1088B000E7F776FE3F4ACDE90001D8E42D4BB3F847
:1088C000D83164225A43D31766E62A4B2A48B3F8B4
:1088D000D63107EE903AF8EE677A17EE902A40F814
:1088E000162B354AE0E4234B2348D3E9922352EA7E
:1088F0000301C0E902233FF414AECDE900232F4A5F
:108900001BE4234BD3F8B8006BE71A4BD3F80C36B3
:108910003C22B3FBF2F002FB10310191B0FBF2F10B
:1089200002FB110200924FF46162B3FBF2F3244A9E
:1089300024481C21ECF7AEF903E409F069FDC3B249
:108940000193C0F307230093C0F30743EFE709F057
:1089500075FDC3B20193C0F3072300931A4AC0F315
:108960000743E5E7AFF30080FF5DD0B200000000F1
:10897000FD6F0020B84C0020C0720020B75B0208D9
:108980000C7D02088033023BBC890208C8520020DB
:10899000BC06002000A22F4D6B7D02080024744904
:1089A000089502088697020894970208C8AD020845
:1089B00000401C46727D02087A7D02087E7D020816
:1089C000857D0208D6720020947D020810B5064A03
:1089D000137813F0010406D183F001031370EFF74D
:1089E00077F8024B1C7010BDB87200202B45002098
:1089F000054B5A7C824205D0044A5874138843F0D0
:108A00000A031380704700BFC07200202845002071
:108A100070B5214C94F9B501421C3CD004EB001216
:108A20000E4692F8683223F0200382F86832042957
:108A300013D8DFE801F0031B1E212400F3F7E6FC46
:108A4000431C0AD094F9B55104EB0513012EA3F889
:108A50006C0217D92846F4F757FC94F9B501FEF7D4
:108A60004DFA0020BDE87040FFF7C2BFF3F728FDC4
:108A7000E6E7F3F7D5FBE3E7F3F72CFCE0E7F3F7E2
:108A80009DFCDDE780B2F4F77DFA273504EB051590
:108A9000C5E90001E1E770BDB84C00208AB1144B74
:108AA00093F84D3C5BB1134BDFED137A93ED827A73
:108AB000B4EEE77AF1EE10FA4CBF012300235371B4
:108AC00070470C4BDFED0C7A93ED827AB4EEE77AC7
:108AD000F1EE10FA0BDA064B93F84D2C002A14BF76
:108AE0000022642283F84D2C044B01221A70704737
:108AF000BC060020B84C002000007F43301300204B
:108B000006490B6822B1003318BF01235371704727
:108B1000B3FA83F35B090B60704700BFA8720020B3
:108B20000B4991F8C33122B1003318BF01235371AF
:108B30007047084A01201070B3FA83F3064A5B09B4
:108B400081F8C331138843F026031380704700BFB8
:108B5000B84C0020301300202845002048B1431EA7
:108B6000012013F8012F02B970470A2A08BF01300B
:108B7000F7E70120704700002DE9F8433F4B1B78D1
:108B8000383BDBB2012B804649D93D4A002312F81D
:108B9000011B00293FD10322B3FBF2F202EB420298
:108BA0009B1AC3F1020344F624141C4124F001046F
:108BB000A4B2112007F066F9122007F06FF9002720
:108BC0004FF04009BBB218F8035055BBC9F5EF721E
:108BD000202301324FF49271484607F025F898F8A7
:108BE0000030002B47D1274C2068002843D0FFF7E6
:108BF000B5FF0546112007F045F90B226A432032E4
:108C000002EBD27252102068C2F5A0725221BDE868
:108C1000F84307F001BA2E29BDD00133B7E7542439
:108C2000C7E72E2D1CD12401A4B20A2514F0010F90
:108C300014BF0C26022632464E44484620234FF4E9
:108C40009271B6B206F0F0FF31464FF49272E8B27C
:108C50001036640807F0F2FA1FFA86F90137B1E717
:108C60002D2D04D124F00304A4B20B25DEE7303D02
:108C700025EAE575DAE7BDE8F88300BF99710020C1
:108C8000A0710020BC710020064991F84E3C1AB139
:108C9000C3F340035371704783F0020381F84E3CE5
:108CA00007F0DEBFBC060020064991F84E3C1AB121
:108CB00003F001035371704783F0010381F84E3CC8
:108CC00007F0CEBFBC060020064991F8433C1AB11C
:108CD000C3F340135371704783F0200381F8433C82
:108CE00007F0BEBFBC060020064991F8433C1AB10C
:108CF000C3F300135371704783F0100381F8433CB2
:108D000007F0AEBFBC060020084991F8433C32B1E1
:108D1000DB0883F0010303F001035371704783F014
:108D2000080381F8433C07F09BBF00BFBC0600204E
:108D300030B591B004460D4603A9FEF703FE032C9F
:108D400033D11C4B1B88002B0CBF03230B23ADF826
:108D500016300423ADF81430174B1B689C420CBF2F
:108D6000612491241DB305AB0093BDF810209DF83C
:108D70001230BDF80E10BDF80C008DF81840FEF74B
:108D8000B1FF85B19DF81220BDF80E00BDF80C10A2
:108D90009DF813300B3A02EBD27200EB62021944D9
:108DA000284607F039F911B030BD0323CFE744F06E
:108DB0000804D8E7A0720020A4720020002801DB7C
:108DC000FFF7B6BF7047000008B509490320FFF759
:108DD000AFFF08490020FFF7ABFF07490120FFF76D
:108DE000A7FF06490220BDE80840FFF7A1BF00BF6A
:108DF000FC790208007A0208027A0208047A020862
:108E000008B53AB1074BB3F8063C003318BF01234D
:108E1000537108BDF0F7F2FF034A138843F02003B3
:108E20001380F6E7BC06002028450020264B997ADF
:108E3000002A41D0D0B52DED028B02F10C0484B094
:108E4000002937D0214A1068002829DB07EE900A54
:108E5000B3F8CA21B8EEE77AD3ED887A27EE277AFD
:108E600007EE902AF8EE677A80B287EE278AD3ED74
:108E7000877A38EE278AF4F785F8064618EE100A46
:108E80000F46E7F78DFBCDE90067CDE90201104AF7
:108E900020212046EBF7FEFE04B0BDEC028BD0BDD6
:108EA0000C4A2021204604B0BDEC028BBDE8D04026
:108EB000EBF7F0BE084AF4E781F001019972074B25
:108EC00001221A70704700BFB84C00202413002004
:108ED000609002087690020881900208301300200A
:108EE000072809D8064B03EB001090F869321BB134
:108EF000B0F86C02F4F746B800200021704700BFBC
:108F0000B84C00202DE9F347064608460F46F4F713
:108F1000CDFD032F04460D465BD13C4B5B7DBBB1C1
:108F2000DFF8ECA09AF9B501FFF7DAFF0A238046D3
:108F30008946009302460B469AF9B501F4F772FA96
:108F400058EA09035FD042464B460220F4F716FF69
:108F5000F00608D52E4BD3E9922352EA030123D021
:108F6000A41843EB0505B10608D5294BD3E9922394
:108F700052EA030124D0A41A65EB0305254BD3E97B
:108F80000023AB4208BFA2423DD3234BD3E90023C9
:108F90009D4208BF944236D322462B46384602B043
:108FA000BDE8F047F4F7EABEA900A00041EA9471D9
:108FB000013041F10001FEF777FD04460D46D2E78E
:108FC00014F1FF3045F1FF31FEF76EFD04460D460A
:108FD000D4E70F4BD3E9920150EA010308D10320F3
:108FE000F4F764FD800840EA81708908FEF75CFDB3
:108FF000F20602D5241841EB0505B306BED5241AA6
:1090000065EB0105BAE702B0BDE8F087C072002049
:10901000B84C0020801300209844002008B50C486C
:1090200090F8433C3AB103F004038B420CBF052394
:109030000423537108BD23F0040242EA010380F8BF
:10904000433C07F00DFEBDE80840F6F749B800BF05
:10905000BC06002038B50C4692B1114B154653F8AA
:109060002130104A202105F10C00EBF713FE0E4BC6
:1090700093F89D31A3420CBF052404246C7138BDC4
:1090800041B1002200230320F4F778FE9FED070A88
:10909000F0F7A8FD2046BDE83840F0F7D5BE00BF88
:1090A0005C8F0208BC890208B84C00200000000058
:1090B0000AB19160704738B514460D46F3F762F96E
:1090C000064922464FF49073501CD2B2AA4200D3F4
:1090D00038BD120153520246F6E700BF204F002070
:1090E00092B908B5094B93F8490CB0FA80F04009E1
:1090F00083F8490C06F0E2FD07F0B2FD044A13883C
:1091000043F02603138008BD704700BFBC06002053
:10911000284500200C2901D107F0FEB8082907D8FE
:10912000044A137843F001031370034B01221A70B1
:10913000704700BF0C720020FF6F0020F8B5354B60
:1091400093F8C031002B62D1334A1378D90704D584
:1091500083F001031370EEF7C9FC0420EEF73AFC2C
:10916000B0F5FA6F4DD92D4E012373830322802170
:109170004FF09040EAF7A2FB082400250420EEF708
:1091800029FC013C0544F9D1022131834FF090467E
:109190008027778301222148EAF790FB304601229D
:1091A0003946EAF78BFB224601211C48EAF786FB89
:1091B000304603224021EAF781FB08260320EEF720
:1091C00009FC013E0444F9D1FEF72AFD0420EEF724
:1091D00001FCB0F5FA6F05D9114BE4081C80114B66
:1091E000ED081D80104B00221A7001200F4B93F9DF
:1091F0000020824204D0002818700CBF03200220F7
:10920000F8BD094B1878431E58425841EEE700203C
:10921000F6E700BFB84C0020B872002000040048F8
:10922000CE710020D07100202B450020CC71002091
:10923000F7B50646012015460F461C4606F022FEED
:10924000002006F02BFE06F0D3FD0D4B0093092302
:109250001A463946304606F02DFE2B46094A9C2117
:10926000C32006F045FFFFF769FF0328FBD1064B3B
:109270001B882380054B1B88638003B0F0BD00BFB3
:1092800020AD0208CD7D0208CE710020D0710020F3
:10929000F8B505460C4601F1190621462846EEF7B9
:1092A000EDF908B9A37E0BB9042026E0237BDB0689
:1092B000F3D43346024659785F1CF9B9002AECD042
:1092C0002F6D1A322244013F12F8011BA1F1410314
:1092D000DBB2192B17F8013FA3F1410C98BF2031E5
:1092E0005FFA8CFC98BFC9B2BCF1190F9CBF203348
:1092F000DBB28B42D1D1002BE6D1F8BD183B1B1B52
:109300002E2908BF1A463B46D5E70000024B1878C5
:10931000C31E584258417047B97200204FF0904325
:109320001B6913F00A0F14BF0120002070470000D2
:10933000024B1880024B1980704700BFCE7100208D
:10934000D071002008B5FFF7F9FE00B908BDC820AC
:10935000E8F76CFAF7E7000038B5104C104A94F8BB
:10936000493C002B14BF4C2348234FF00C010CBF89
:109370000225002523440846FFF75AFF05F1240380
:1093800004EB4303074A40F22B1140F2CB10FFF7E6
:109390004FFFBDE8384007F063BC00BFBC060020AB
:1093A00032AD02083DAD0208F0B5214B214AB3F9B8
:1093B00000401278204BB3F9003012B104600B600A
:1093C000F0BD1E4DB5F948C0B5F94C70A4EB0C02C8
:1093D0003C1B40F2CF16240106FB0244A7EB0C070E
:1093E000B5F94E60B5F94AC094FBF7F4A3EB0C0253
:1093F000F31A40F2DF171B0140F22F1EBC420EFB96
:10940000023340F23F12A8BF3C46A6EB0C0695F88B
:10941000495C93FBF6F39342A8BF134624EAE47435
:1094200023EAE373002DC9D03C1BD31AC6E700BF63
:10943000CE7100202B450020D0710020BC060020FA
:10944000F0B5012085B006F01DFD002006F026FDD8
:1094500006F0CEFC40F239121E212148214E06F0C2
:10946000B3FD012006F036FE00254FF09047FFF7D0
:1094700065FE022826D1002006F02CFEFFF75EFED6
:10948000022819D101A96846FFF78EFF4FF4FA7040
:10949000E8F7CCF903A902A8FFF786FFDDE902236C
:1094A000DDE9000106F0DCFE029B0093039B0193C3
:1094B000FFF744FE0328E9D1FEF722FBC307DDD501
:1094C00005B0F0BD3C6904F00E04AC42CFD0782169
:1094D00023463246084606F00BFE2546C7E700BF86
:1094E00049AD020879AD020830B5012085B006F01B
:1094F000C9FC002006F0D2FC06F07AFC40F23912DA
:109500001E211B481A4D06F05FFD002006F0E2FD0B
:109510000124FFF713FE02281DD10CB106F068FCF0
:1095200001A96846FFF740FF4FF4FA70E8F77EF9AB
:1095300003A902A8FFF738FFDDE90223DDE90001F6
:1095400006F08EFE029B0093039B0193FFF7F6FD4E
:109550000328E9D10024FEF7D3FAC307D9D506F0D2
:1095600047FC40F239121E21284606F02DFDCFE7B8
:1095700086AD02082DE9F047012088B006F082FC94
:109580005C4D002006F08AFC06F032FC05221146F4
:10959000286806F071FD584B052218688F2106F0E7
:1095A0006BFD68681722052106F036FD0835212776
:1095B000172455F8046B002E40F08680012006F039
:1095C00089FDF5F78DFB07463046EEF715FA4B4B54
:1095D0004B4E1B684B4ADFF83891DFF8388104F1B5
:1095E0000B05002B08BF32462DB2CDE900022946FB
:1095F0003B46454A052006F07BFDE8F777F904F184
:1096000014050446E3690022995C55296AD094F850
:10961000201094F8220059F821A0A169D4F808E09C
:10962000D4F80CC0CDF800C00138002908BF31467D
:1096300005F10B07CDE9030ECDE90124CDE905A124
:10964000424639B2052006F053FD2046E8F75AF9A4
:109650000446002844D1DFF8C0802C4F1735FFF7AF
:109660006DFD0228A6B23FD0FEF74AFAC2073BD4EE
:109670004FF4C870E8F7DAF8730722D108F0C8FE93
:10968000064608F0DBFED8F8203003F44073B3F54B
:10969000807FC0F30722C1B2C6F3074CC6F3072E82
:1096A0000CBF45234923F6B2CDE90021CDE904637F
:1096B000CDE902CEC0F307433A4629B2052006F0B1
:1096C00017FD0134CBE71C467F08F90704F10503B9
:1096D000F9D40D3422460521304606F09DFC68E79A
:1096E0003D468FE701328FE7002008B0BDE8F04724
:1096F00006F0F0BC284B02083C1300200883002031
:10970000974B02089E990208A5990208E099020861
:109710008C500208BB99020800100240F7B5B54B07
:109720001D783E2D00F29183DFE815F03F005400D4
:10973000650076007F0098009000A000AB00B500A7
:10974000E70023013B019E02AA021701B602D802DC
:10975000BE02CA02F300FF000B0112031E033F0307
:1097600023014703550361036D037403BC00C30069
:10977000CF00DB004701530170019A018F03A6015E
:10978000C901DC0108022B025A0282029002340352
:109790008903910390007F0188019101C103C103F6
:1097A000B50380038F038F03E302934B93499448DF
:1097B000D3E9022352184FF0000141EB0303D0E933
:1097C0009610521A63EB0003002003B0BDE8F0408E
:1097D000F4F7D4BA884B89498948D3E9022352184F
:1097E0004FF0000141EB0303D0E99610521A63EBEE
:1097F00000030120E9E7804B80498148D3E9022337
:1098000052184FF0000141EB0303D0E99610521AB1
:1098100063EB00030220D8E7794B002283F89D21F7
:10982000754B0320D3E90223CFE7734B7349744888
:10983000D3E9022352184FF0000141EB0303D0E9B2
:109840009610521A63EB00030420BEE76A4B93EDB7
:10985000000A03B0BDE8F040F5F7DCB8664B93EDC5
:10986000000A03B0BDE8F040F5F7A8B8644B002249
:109870005A71614B93ED000A03B0BDE8F040F0F778
:1098800019BF5D4B93ED000AF1F77EF803B0BDE818
:10989000F04007F0E5B9584B986803B0BDE8F040D8
:1098A000F0F788BB544B986803B0BDE8F040F0F780
:1098B000F5BB514BD3ED007AFDEEE77A17EE900A37
:1098C00003B0BDE8F040F0F7FBBB4B4BD3ED007AA3
:1098D000FCEEE77A17EE900A03B0BDE8F040F0F72F
:1098E0001BBC454BD3ED007AFDEEE77A17EE900AEC
:1098F00003B0BDE8F04007F059BE3F4BD3ED007A0E
:10990000FDEEE77A17EE900A03B0BDE8F040F1F7FC
:10991000C3B9394BD3ED007AFDEEE77A17EE900A22
:1099200003B0BDE8F040F1F7D7B9334BD3ED007A7F
:10993000FDEEE77A17EE900A03B0BDE8F040F1F7CC
:1099400079BB2D4BD3ED007AFDEEE77A17EE900A46
:1099500003B0BDE8F040F1F779BB274BD3ED007AB7
:10996000FDEEE77A17EE900A03B0BDE8F040F0F79D
:1099700003BB234B204A93F81A1639B1D2ED007A73
:109980009FED207A77EEC77AC2ED007A92ED000A59
:10999000D3ED857A30EE670A03B0BDE8F040F4F706
:1099A000FBB8154BD3ED007AFDEEE77A17EE900A7F
:1099B00003B0BDE8F040EFF7B7BF0F4BD3ED007A2F
:1099C000FDEEE77A17EE900A03B0BDE8F040EFF73E
:1099D000E1BF094A0C4B9168D268C3F8181CC3F860
:1099E0001C2C074B93F8980103B0BDE8F040F4F746
:1099F0001BBD00BF99710020C072002000E1F50579
:109A0000B84C00200000D642BC060020C24AC34B1E
:109A10009168D268C3F8201CC3F8242C07F020F901
:109A200003B0BDE8F040FBF733BABB4ABB4B9168CB
:109A3000D268C3F8281CC3F82C2C27E7B64AB74BCA
:109A40009168D268C3F8301CC3F8342C1EE7B24AC0
:109A5000B24B9168D268C3F8381CC3F83C2C15E7A8
:109A6000AD4BD3ED007AAE4BFDEEE77A17EE902AC0
:109A7000C3F80426AB4B39E1AB4BAC4C1A78AC4B7A
:109A8000A7481978C0234B43182101FB0232A24991
:109A9000D1E902311B194FF0000444EB01010244EB
:109AA000D0E996401B1B61EB0001C2E9BC319D4B24
:109AB00001221A7003B0BDE8F040F3F7CDBA9C4B19
:109AC0001D78994B1C78944B93ED000AFBF786FFA9
:109AD000C0236B43182202FB0434914B234483EDD3
:109AE000BB0AE4E7934B1D788B4BD3E902248F4BE1
:109AF000D2184FF0000343EB0404894BD3E9966777
:109B0000901B4FF0300264EB070102FB053405FBAC
:109B100002221344C4E90A01D3E900458D4208BF7B
:109B2000844201D2C3E90001F4F78EF87D4B012293
:109B30001A7003B0BDE8F040FDF7F8BD7D4B7649E3
:109B40001A78D1E9023079495B184FF0000141EBF6
:109B500000007349D1E996451E1B4FF0300360EBBE
:109B6000050702FB0330084403FB0213C0E900674A
:109B7000D3E90A018F4208BF8642D5D2C3E90A67FA
:109B8000D2E76C4B644A1E78D2E90234674A9B18CC
:109B90004FF0000242EB0404614AD2E996105B1ACE
:109BA0004FF0300164EB000C06FB011001FB0621B5
:109BB000151810588A6A801A0028B8BF4042C71783
:109BC000420842EAC7729E1A4FEA57046CEB04003F
:109BD000D31844EB0C04C1E90A60C5E90034A3E7DB
:109BE000544B4F4A1978302301FB0330104403FBD8
:109BF0000121D1E90A24D0E900359B184FEA53022C
:109C0000454B44EB050542EAC5726E08D3E902757F
:109C10007B0843EAC573D71A4FEA550466EB04057F
:109C20009B1846EB0404C1E90A75C0E900347BE7E0
:109C3000404B1C78384B93ED000AFBF7CFFE384BB6
:109C4000302202FB043484ED0E0A6DE7394B344CAC
:109C50001A783020182310FB02300921364B374A7E
:109C60002044EBF717F805E72B4BD3ED007AFDEE18
:109C7000E77A17EE900A03B0BDE8F040EFF7C0BEF8
:109C8000254BD3ED007AFDEEE77A17EE900A03B08C
:109C9000BDE8F040EFF7D8BE1F4B93ED000A03B0CC
:109CA000BDE8F040F1F7C2B81D4B002283F89D21BA
:109CB000194B93ED000A03B0BDE8F040EFF792BFF7
:109CC000154B9FED1F7AD3ED007A67EE877AFCEE95
:109CD000E77A17EE900AEFF791FF2AE70E4B93ED24
:109CE000000AFBF77BFEF1F7EFF8164B01221A7022
:109CF000ABE0094B9FED147AD3ED007A084B77EE79
:109D0000877A9FED127A67EE877AFCEEE77A17EE94
:109D1000902AC3F8F825E8E7C0720020BC060020AE
:109D2000B84C002030130020FE6F002000E1F50544
:109D30008A710020FD6F0020A0710020BC890208FC
:109D400000247449B022002017B7513800401C4647
:109D5000974BD3ED007AFDEEE77A17EE900A03B049
:109D6000BDE8F040EFF75ABE914B9249D3E9022388
:109D700052184FF0000141EB03038F49D1E99604DB
:109D8000121A91F9B50163EB040303B0BDE8F0408A
:109D9000F3F7C4BC864B93ED000A874B93F9B501EA
:109DA00003B0BDE8F040F2F7EDBF814B93ED000A40
:109DB00003B0BDE8F040F0F76DB87D4B7F4AD3EDBE
:109DC000007AFDEEE77A17EE903A5B42A2F858303F
:109DD00006F046FF4EE6764B784AD3ED007AFDEE6C
:109DE000E77A17EE903A5B4282F8443CF0E7704B1A
:109DF000724AD3ED007AFDEEE77A17EE903A5B42B5
:109E000082F8453CE4E76A4B986803B0BDE8F0404F
:109E1000F0F726B8664BD3ED007AFDEEE77A17EE41
:109E2000900A03B0BDE8F040F0F728B8644B654AEB
:109E300065480A2103B0BDE8F040EAF72BBF5C4B50
:109E4000D3E902015C4BC3E9920103B0F0BD584B6A
:109E50001A685A4BC3F8B820BAE70131303A0629DC
:109E600000F8012C1AD158781A78DC780A2111FBF5
:109E70000202987811FB00443C2060434FF4616477
:109E800004FB020218795B7911FB003313444A4A40
:109E9000C2F80C36D9E74A480021034610F8012BD6
:109EA000002ADAD15A5401310629FBD1DBE7474AAF
:109EB0004348136803F07F3323F0FE430093526856
:109EC000434B134001930021034610F8012B22B9A4
:109ED0005A5401310629FBD105E00131303A0629F7
:109EE00000F8012CF1D11A785C789978587944EA15
:109EF0000214DA7842EA0112197940EA0110E4B258
:109F0000D2B2C0B2382D1C705A70987039D132B9A3
:109F100001225A705E7830B901229A7023E0122A29
:109F2000F8D91222F5E771002A4A4FF03B0CC1F133
:109F30002007B1F1200522FA01F20CFA07F758BF09
:109F40004CFA05F542EA070258BF2A4302F0030221
:109F50001C320A21B2FBF1F501FB152242EA05127F
:109F6000D2B28242D9D39B788DF806408DF8056035
:109F70008DF80430DDE9001003B0BDE8F04008F0D2
:109F800095BA232C84BF23211970592A84BF5922E2
:109F90005A70592884BF59229A701A788DF8022075
:109FA0005A789B788DF801208DF80030E2E700BFE9
:109FB000C072002000E1F505B84C0020BC0600206E
:109FC000A0710020BC890208C8520020002800406F
:109FD0003F1FFF00CCEE0B00674B70B51E68674D4E
:109FE000013006EB400090F901402846E7F7D0F831
:109FF00096F9012003462946002A40F09480632CFC
:10A0000000F0B880192C19D0A4F10C02032A09D948
:10A01000152C2AD0162C2AD0172C2AD16E22CA54DD
:10A02000581C0BE00D2C1AD00E2C1AD00F2C1AD065
:10A03000152C1AD0162C1AD0172CEFD000230B5445
:10A040004E484F4CEEF722FF4C4884ED000AEEF7E5
:10A0500073FCC4E90201FFF761FB012070BD6B22B4
:10A06000DDE74D22DBE74722D9E76D22D7E77522EE
:10A07000D5E7092C0BDC0B2802D830342C540130E6
:10A0800000240C543D48FEF777FD2046E6E71E2CE1
:10A0900012DD421CA4F11F053A4850F82500222C7D
:10A0A0000078C854C3BF981C30238B541046252C0D
:10A0B000E6DD30230B54E2E70A2C0FD10B28DFD862
:10A0C0002E4C0022934205D014F8015B2E2DD7D0E0
:10A0D0000132F7E72E22CA54581CD1E70B2C1DD1B0
:10A0E0000B28CDD818B92D232B700120C8E72A786A
:10A0F0002D2A08D1214B00205A7803F8012B01307A
:10A10000002AF9D1BCE728181A4610F801498470D2
:10A1100012F1FF32F9D22D220A70DDE7102CAFD1F7
:10A1200028B10138ACE7162C03D1002893D10220C6
:10A1300094E71A2C18D10028F9D0421E00241120CF
:10A140008C5405F09FFE122005F0A8FE0E23F0228D
:10A1500040F22911402005F067FD40F2291240210C
:10A16000064805F089FF90E71B281ABF421C2C54B3
:10A170000246E3E7104671E79C710020A0710020C1
:10A18000C0720020587E0208094B0A4A1B7802332D
:10A1900000EB83001378122B09D810B5064C24F875
:10A1A00013005C1C1470054A42F8231010BD704760
:10A1B00098710020D8710020647200201472002071
:10A1C0002DE9F04F2DED028B1D4C1E4B94F89A712A
:10A1D000DFF8848053F8273087B0C1460393002509
:10A1E00028468DF8165005F059FE4FF4A0731E2234
:10A1F0002946284605F018FD94F8983188F8005053
:10A20000023BDBB2012B29D80F4B1B783BB114204A
:10A2100005F038FE502229460C4805F0D5FE0C4BBF
:10A220001B783BB1142005F02DFE8C22002109483B
:10A2300005F0CAFE07B0BDEC028BBDE8F08F00BF91
:10A24000B84C0020C8AD02084C280020D87A02087B
:10A25000CA220020E47A0208D871002094ED838A93
:10A26000F0F7ACFC002800F057832379002B14BFD3
:10A270000120152005F006FE032F00F24F83FDEEAE
:10A28000C87A002117EE903AC24A084605F030FF1E
:10A29000C1490020FFF778FF039A94F8B631009285
:10A2A000BE4A0546D35CBE4A01B2002005F020FF3D
:10A2B000BC492846FFF768FF0546012005F0E2FD8E
:10A2C000D4F81002E6F76CF92EB2CDE90001B64AD7
:10A2D0003146002005F00CFF28460621FFF754FF09
:10A2E0000546EDF7FDFD40B1152005F0CBFD2A46F2
:10A2F0000021AE4805F068FE0C3594F89E31013B14
:10A30000DBB2012B08D8152005F0BCFD2A46002140
:10A31000A74805F059FE0C35A64B1B7843B1142015
:10A3200005F0B0FD2A460021A34805F04DFE0C358E
:10A3300099F80030A14A22F813505A1C89F80020DD
:10A340009F4A002642F8236094F8C2316BB1152071
:10A3500005F098FD29B29B4A304605F0C9FE05F18B
:10A3600008009949FFF710FF054694F8AE619EB1C9
:10A37000152005F087FD954B29B253F826200020C3
:10A3800005F0B6FE924B934905F108000F2E88BFE9
:10A390001946FFF7F9FE05466379002B14BF01202B
:10A3A000152005F06FFDEFF7CBFF10EE100AE6F772
:10A3B000F7F82EB2CDE90001874A3146002005F0BA
:10A3C00097FE05F108008549FFF7DEFE94F8A631F7
:10A3D000054693B1152005F055FD94F8A621804B54
:10A3E00029B253F822307F4A002005F081FE05F1A2
:10A3F00008007D49FFF7C8FE054694F8AF31012BF0
:10A400000CBF1520012005F03DFD94F8AF21960703
:10A4100029B200F19382754B7548002A18BF034694
:10A42000744A002005F064FE05F108007249FFF748
:10A43000ABFEA37905466BB1152005F023FD2A4636
:10A4400000216E4805F0C0FD05F108006C49FFF7DA
:10A450009BFE054694F8AA3163B1152005F012FD64
:10A460002A460021674805F0AFFD28466649FFF7F8
:10A470008BFE0546D4F8F031002B14BF15200120C7
:10A4800005F000FD614B1B780BB1F1F7BFFC604E8E
:10A49000DFED608A338807EE903AF8EEE77A0FFA3C
:10A4A00085FA67EEA87A17EE900AE6F779F85A4A25
:10A4B000CDE900015146002005F01AFE05F1080023
:10A4C0005649FFF761FED4E98C23134305462AD091
:10A4D000D4F8F4A1BAF1000F40F032824FF0010A33
:10A4E000504605F0CFFC338807EE103A07EE90AAED
:10A4F000B8EEC77AF8EEE77A27EE287A0FFA85FBEE
:10A50000C7EE277A17EE900AE6F74AF8444ACDE9F3
:10A5100000015946002005F0EBFD05F10800414916
:10A52000FFF732FE0546394B1B782BB1F0F79AFD49
:10A53000EFF788F9C4F8F00594F8A33113F0070F8A
:10A5400014BF1520012005F09DFC94F8A331364A74
:10A5500003F0070329B2D35C344A002005F0C8FD9C
:10A56000B4F8CE31002B40F0ED81D4F8E835002B63
:10A5700014BF1520012005F085FCD4F8F0359FEDBF
:10A580002C7A07EE903AF8EE677A0835C7EE877AAC
:10A5900050E000BFF07A020838900208845B02089D
:10A5A000FC7A0208E4970208017B0208077B020894
:10A5B0000E7B020844530020147B020864720020C2
:10A5C0001472002079970208AC840208888202087D
:10A5D000508E02085C8C0208177B0208B8830208C0
:10A5E00030790208267B0208E4830208887B02088F
:10A5F0003E7B02082F7B0208B0850208387B0208E8
:10A6000000930208417B02085C8702083013002097
:10A61000C02000200000C842477B0208E48F0208E7
:10A62000537B020834980208C87D02085F7B020849
:10A63000002474492EB217EE900AE5F7B1FFC64A1E
:10A64000CDE900013146002005F052FD2846C349FE
:10A65000FFF79AFD94F8FD3505466BB1152005F01E
:10A6600011FC29B2BE4A002005F042FD2846BD4932
:10A67000FFF78AFD00F10805BB49D1F8182CD1F885
:10A680001C3CB3A1D1E900018B4208BF824212D029
:10A69000152005F0F7FBB54BD3E9002329B2CDE92E
:10A6A00000230020B24A05F023FD05F10800B1495E
:10A6B000FFF76AFD054694F8B03143B1142005F068
:10A6C000E1FB29B2AC4A002005F012FD1435AB4B7A
:10A6D000DFF804A31B6893B1142005F0D3FBA84B4B
:10A6E000DAF800201B68002A18BF0133A54A29B2F6
:10A6F00052F82330A44A002005F0FAFC1435B4F9CE
:10A70000D431002B15DB152005F0BCFBB4F9D421A6
:10A710009E4B29B253F822209D4BB2FBF3F300204D
:10A720009C4A05F0E5FC05F108009B49FFF72CFD6C
:10A730000546D4ED857AF5EE407AF1EE10FA14D0A4
:10A74000152005F09FFBD4F81402E5F729FF2EB27F
:10A75000CDE90001914A3146002005F0C9FC05F120
:10A7600008001021FFF710FD0546B4F8C631012B93
:10A770000FD0152005F086FB29B2B4F8C631884AFF
:10A78000002005F0B5FC05F108000F21FFF7FCFCE7
:10A79000054694F89E31834E4BB3EDF7A1FB20B9EB
:10A7A00094F89E31012B40F0CF80152005F06AFB14
:10A7B0002A4600217C4805F007FC0835032F0FFAD4
:10A7C00085FB96ED860A00F20981FBF7C1F810EED1
:10A7D000100AE5F7E5FECDE90001744A594600206C
:10A7E00005F086FC28467249FFF7CEFC054601209D
:10A7F00005F048FB6F4B18689B88ADF81430637AFE
:10A800000490002B14BF662346238DF8103094F873
:10A810009B31980740F1EC8067238DF8113096F852
:10A820009C319A0740F1E9806E238DF8123096F83A
:10A830009931980740F1E68062238DF8133096F83D
:10A84000AF319A0740F1E38073238DF81430DAF8C2
:10A85000003013B148238DF815302A46002104A892
:10A8600005F0B2FB0822544904A808F025FA9DF827
:10A8700015202D2A05F10C0B40F0CE809DF81430E8
:10A88000302B1BBF8DF81530302300238DF814308A
:10A890008DF813304FF0000A5A46514604A88DF83F
:10A8A00016A005F091FBF4F71BFA05F114025146CE
:10A8B000033005F089FB07F0C1FDC3B20193C0F37B
:10A8C00007233E4A013B05F1200152F82330009353
:10A8D0003B4AC0F3074309B2504605F009FC07F0B4
:10A8E00097FD3035C0F307230093364AC0F3074382
:10A8F00029B2504605F0FCFB33492846FFF744FCDB
:10A90000B0F58C7FC0F29780304A1378002B00F0AE
:10A91000A080013B137062E41420ABE4D4ED897A8B
:10A92000C8EE277A17EE900AE5F73AFECDE9000166
:10A930000021274A084605F0DBFBA9E4254B6FE51B
:10A940001520CEE5152016E614202FE7AFF3008082
:10A9500000E40B5402000000677B020844950208E3
:10A960006E7B0208A0880208BC06002088540020E4
:10A97000757B0208B0850208827B0208142800203B
:10A9800048530020984B02088C7B0208344C020884
:10A9900040420F00957B020804900208A07B020849
:10A9A000AE7B0208B84C0020BA7B0208C07B0208CC
:10A9B000E8960208CC7B0208653602086414002081
:10A9C000D27B02088A7D02083C8702089871002029
:10A9D000F57A0208357D02089C1E0020FAF7B8FFC0
:10A9E00010EE100AE5F7DCFD374ACDE90001F5E687
:10A9F000D9077FF514AF47230FE7DB077FF517AFC4
:10AA00004E2312E7D9077FF51AAF422315E7DB077C
:10AA10007FF51DAF532318E79DF816302D2B01D17C
:10AA2000302335E79DF814108DF813108DF814209D
:10AA30008DF815302EE798F80030013300EB8300D5
:10AA4000B0F58C7F05DA214A1378012B01D8013348
:10AA500060E796F8A431002B7FF4ECAB1C4B1C880C
:10AA6000F0F7ACF8F0B13379002B14BF01201520BA
:10AA700005F008FA96ED847AF2EE047A032F25B2F7
:10AA800007EE678A10D8FDEEC87A124A17EE903AA0
:10AA90002946002005F02CFB0F492046FFF774FBE8
:10AAA000FFF7C8BB1420E3E7D6ED897AC8EE277A12
:10AAB00017EE900AE5F774FD084ACDE90001294632
:10AAC000002005F015FBE7E7C67B0208987100201F
:10AAD000905D0020E27B0208E4830208F57A020818
:10AAE000044B1A78044B53F82230187800F0800099
:10AAF000704700BFE07100203C1400202DE9F04FAA
:10AB00002DED028B93B0002302900591069304462D
:10AB10009A469B4694B9CAF59B75002D09DD2046DF
:10AB200005F0BCF92B46502251464FF4C87005F091
:10AB30007BF813B0BDEC028BBDE8F08F01220599C4
:10AB400002FA0BF30B4200F0E6804FF60173ADF80A
:10AB50002030237803F00703052B49D10023079207
:10AB60008DF82030B04A9DF8203012685A450CBF4D
:10AB700043F0600363F06F038DF82030029B04BF45
:10AB80000522ADF81E201A46A84B9A4233D1BBF1DC
:10AB9000050F08D1A64BD3F8E835002B14BF0323CB
:10ABA00002238DF82130227802F00703032B07AE31
:10ABB00005D0052B37D1D4F80630002B33D0D4F88C
:10ABC000063053B11207617803D5069A01F00F01E0
:10ABD000114489B2324658469847D4F8022022B12F
:10ABE000099B20210AA8EAF755F80DF128091CE075
:10ABF000904B0793B6E7904B029A9A4209D1BBF16A
:10AC0000010FD0D18A4B1B79002B14BF04230523DD
:10AC1000C7E78A4B029A9A42C5D1BBF1010FC2D154
:10AC2000834B5B79F0E7D4F80290237803F00703B5
:10AC3000062B0BD16078FDF71BFA814BD4F802206C
:10AC400020210AA8EAF726F80DF128097D4B1D8876
:10AC5000FFF746FF1FFA8AF700962B46002800F000
:10AC600069814FF4D27239461E20FDF73BF89DF9F9
:10AC70002120002A5ADB7448A5F10B01162302FBA0
:10AC8000030301EBD171009310220B230AEB610146
:10AC9000212005F00FF9352303932378DB062AD50D
:10ACA000029B4FF00A0808FB0BF80133049313F8DA
:10ACB00008301A09654BA5F1100603EB421306EBA9
:10ACC000D6760AEB6606009310231A4631464FF4F7
:10ACD000CD7005F0EFF8049B13F8083003F00F0275
:10ACE0005B4B03EB4213009310231A4631464FF49B
:10ACF000D57005F0DFF8237803F00703062B17D093
:10AD000000220E3D05EBD5750AEB6505AA1A0399DD
:10AD1000484605F0B1F9204606A9FCF753FE494B19
:10AD20001B8804460BF1010B9A44F3E62423B3E796
:10AD30006378022B40F096803D4ED6F8E401A5F1F1
:10AD4000090300F1F008D6E97A011F44E5F7AAFFEC
:10AD500080F00040E5F724FC3FB23E4ACDE9000117
:10AD600039462A2005F0C4F9D6E97A01E5F79AFFB9
:10AD700007EE900AB2EE048AF1EE677AC7EE887A9F
:10AD800017EE900AE5F70CFC324ACDE9000139468E
:10AD90007E2005F0ADF9304A3946D22005F0A8F9F9
:10ADA000D6E97A01E5F77EFF07EE900AC7EE887ACA
:10ADB00017EE900AE5F7F4FB264ACDE90001394683
:10ADC0004FF4937005F094F9D6E97A01E5F76AFF3C
:10ADD000E5F7E6FB1F4ACDE9000139464FF4BD70A7
:10ADE00005F086F9B8F1000F8AD0B8F11E0FB8BF90
:10ADF0004FF01E08194B0093A8F104000523072209
:10AE0000514605F057F80AEB05077226A7F1090825
:10AE1000324630463B464146543605F021FAB6F5F7
:10AE2000E17FF5D102226CE7A47200205C87020862
:10AE3000B84C00200400030038900208B8830208D0
:10AE4000D672002038140020547A0208C881020803
:10AE5000D0980208E67B0208EF7B0208109A0208ED
:10AE60000000CE430B2B43D1EFF764FAB0EE408ADB
:10AE7000EFF798F9F0EE408AEFF7DEF91FED087A68
:10AE8000444A78EE687AA5F1090367EE877A1F4491
:10AE900087EE800A3FB239466FF009032A20F3EEAD
:10AEA0000E7A30EE270AF1EE007A30EE270AFDEE38
:10AEB000C07A17EE908A05F01BF94FF0FF33394640
:10AEC000344A7E2005F014F93946334AD22005F081
:10AED0000FF9394601232F4A4FF4937005F008F912
:10AEE0000A232C4A39464FF4BD7005F001F979E781
:10AEF0001A2B7FF405AFEFF71DFAB0EE408AEFF79B
:10AF000051F9F0EE408AEFF797F978EE687A9FED05
:10AF1000237A67EE877A87EE800AF3EE0E7A30EEB8
:10AF2000270AF1EE007A30EE270AFDEEC07A17EE1E
:10AF3000908A57E7502239464FF4C870FCF7D2FE8A
:10AF40009DF92120002A21DB1548A5F10B011623CC
:10AF500002FB030301EBD17100930AEB61010B23A8
:10AF600010224FF4C97004F0A5FF4FF4D171484688
:10AF7000FDF7F4FD6FF00A0202FB005000EBD07009
:10AF80000AEB6002484605F047F8C4E640F2971124
:10AF9000EDE700BFF37B0208EF7B02080000CE4321
:10AFA000547A0208F0B58FB0184B039303AB0746F1
:10AFB0000E461546012400934FF496723C237821E7
:10AFC0005A208DF81040FCF78DFE7D226421384612
:10AFD00005F022F8204604F061FF26234FF4937217
:10AFE0008B215D2004F020FE99226E21304605F071
:10AFF00013F842F210736B4303F2E7334FF47A70A5
:10B00000B3FBF0F0E6F712FC0FB0F0BD0400030054
:10B0100010B50C4B93F8414C94B90B4B0B49186885
:10B020000B4B4FF4FA62002808BF19460948FFF796
:10B03000B9FF094A138843F020031380204610BD4E
:10B040000120FCE7BC06002060280020E87D020803
:10B05000107E0208387E02082845002010B5094BF2
:10B0600093F8424C64B94FF4FA6207480749FFF776
:10B0700099FF074A138843F020031380204610BD30
:10B080000120FCE7BC060020387E02086A9802080E
:10B09000284500202DE9F04FB14B1988BDB082B290
:10B0A0009142009344D983460122AE49AE48EBF762
:10B0B0005BFE00283CD1AD4DAD4A2B78A94952F832
:10B0C00023303A9326A8ECF781FA88BB5C4606A9A0
:10B0D00026A8FEF7DDF800B924BB26A8ECF7C0FAD5
:10B0E00034BBA44B1B88FBB9A34EA44F01220DF126
:10B0F00032013046EBF760FE0446C8B9012004F087
:10B10000C1FE204604F0CAFE2B78072B00F26282B3
:10B11000DFE813F06D02FB0160020402F402AB02EF
:10B1200081006601013CD2E70DF13200ECF7F8FA3C
:10B130003DB0BDE8F08F13F809300D2B60D1904B76
:10B140004FF0000A05F803A0102216A91846F3F7DD
:10B15000E9FF012805DD1698037803F0FD03212B94
:10B1600012D100250136049AB3B29A42E3D804AB57
:10B170004FF4807249468048EBF77AFF10B9049B80
:10B18000002B46D1002505E098F800300193072CEC
:10B1900012D97C4D7C4B187800EB40039A011823A0
:10B1A00003FB0423794A00261344114600274FF07D
:10B1B000000E4FF0000C3EE0EDF7BEFB182303FB42
:10B1C00004F5019BC02202FB03533B44C3E9BC01CD
:10B1D00098F8003017980193EDF758FE019BC022B4
:10B1E00002FB03533B4483EDBB0A98F8003002FB9B
:10B1F00003533B440122144483F8E822A4B2B0E78D
:10B200001F2BAFD97F2DADD85D496A1C6B5495B209
:10B21000A8E70646A7E700242546DFF87891DFF87F
:10B2200068815A4FA3E7C3E9B6670134C3F8D4E293
:10B2300083F8D0C2A4B2072C03F11803F3D90B187A
:10B2400001241C7392F8BE3104FA00F10B4308216B
:10B2500082F8BE31EFF74CFD4D4B1C70F1F7FCFE50
:10B260004548ECF79FF9002D00F0758204F0C0FD11
:10B27000002C14BF4FF4FA6200220DF1320128466F
:10B28000FFF790FE002C7FF453AFFCF739FCC306A8
:10B290005D4600F16B8210F0200F0CBF4FF0FF34C1
:10B2A000002410F0010F18BF0224FDF747FF0138FA
:10B2B00080B201280ED816A905A8FEF775F8059BDF
:10B2C0009F2B40F35582B3F5A07FB4BF0224012425
:10B2D000FEF738F84FF47A70E6F7A8FA002C40F041
:10B2E0004982BBF1010B04D5009BB3F800B00BF110
:10B2F000FF3B5D45C9D0DEE6DB5D0D2B67D14FF02E
:10B30000000A06F809A0102216A91D48F3F70AFF43
:10B31000012805DD1698037803F0FD03212B12D1D7
:10B3200000260135049AABB29A42E5D804AB4FF43B
:10B33000807239461048EBF79BFE00286AD1049DC5
:10B3400025B10546EEE7072C26D90E4D0F4A3023CE
:10B3500003FB0423002000210026002252E000BF4E
:10B360008C710020974B0208C88000209971002042
:10B37000A87D0208A0720020787E0020FF6F0020C8
:10B38000047400201A7A02088A710020B84C002048
:10B390003013002004730020EDF7CEFA302606FBB0
:10B3A0000483C3E90A0117980193EDF7C5FA013444
:10B3B00006FB0486C6E900011898EDF767FD019BBE
:10B3C000012283ED0E0A83F82120A4B2A8E71F2BE7
:10B3D000A7D97F2EA5D8721C06F8093096B2A0E72F
:10B3E000B94FDFF8FC820024264607F580799DE7F7
:10B3F0000134C3E90A01C3E90C019E6383F82120EB
:10B40000A4B23033072CF3D9B04B01241C70F2F7EF
:10B410001BFC25E7002599E713F809302C2B70D089
:10B420000D2B65D1AA4AAA480023AB5416A91022B5
:10B43000F3F778FE012805DD1698037803F0FD0385
:10B44000212B12D100250136049AB3B29342E3D3E3
:10B4500004AB4FF4807249469E48EBF709FE10B9E1
:10B46000049B002B4FD100250EE0EDF765FAB4F5F3
:10B47000E17F02460B4606D29749D1E90001994285
:10B4800008BF904210D2954D64B1954B019AA3F834
:10B49000CA4100205346F2F771FC42463B46012068
:10B4A000F2F76CFC0124DBE68E490D785CB98C4820
:10B4B000019247190121397390F8BE71A9403943AF
:10B4C00080F8BE119A461798CDE90223EDF7DEFC0D
:10B4D0004FF4E17101FB0545DDE9022382490134A6
:10B4E00001EB850585ED000AA4B290461F46A9E749
:10B4F0001F2BA8D97F2DA6D875496A1C6B5495B20D
:10B50000A1E72023F6E706469EE700242546A0464D
:10B5100027460194A246DFF8B09199E700243C70D9
:10B5200004AB4FF4807271493046EBF7A1FD00285F
:10B5300050D1049B002B4DD08046DFF8BC913FE0FA
:10B540006A4AD35C0D2B47D1144484F8001192F859
:10B550000031722B2ED192F80131752B2AD192F83D
:10B5600002316E2B26D1042201E0013292B25F4BF0
:10B57000134493F8003103F0FD03202BF5D0002392
:10B580005A48D11810FA81F1184691F80011222971
:10B5900000D041B93CAA13443046002203F8BE2C27
:10B5A000ECF700F8A2E53CAC204401339BB200F874
:10B5B000BE1CE5E74846F3F7B7FE002408F1010892
:10B5C000049A1FFA88F39A42AAD93A7802F0FF0146
:10B5D000002AB5D0012446E01F2BEFD97F2CEDD8EF
:10B5E0004249621C0C4484F8003194B2E6E7364CC0
:10B5F00004AB7A22214604F67430EBF739FD0028BB
:10B6000040F0A480638AB3F5F07F40F0A280E38A23
:10B61000B3F5A07F40F09D80A38B102B40F0998064
:10B6200040F23F1504AB4FF4707221462948EBF706
:10B630001FFD4FF4F07106462046FCF725FC294615
:10B6400001234FF4F072002004F04AFB15F1FF359E
:10B6500001D3002EE6D040F21F1200210DF132007E
:10B6600004F0DAFC00240025FAE5DDE90623002BCE
:10B6700008BFB2F5C66F01D0184D13E704AB042222
:10B6800016A91448EBF7F4FC0028F5D1169B184ACC
:10B690009342F1D104AB40F22C6216490D48EBF70E
:10B6A000E7FC05460028E7D10D4CEDF7BDFFF2F7AA
:10B6B000CBFA94ED840AF2F725FE94ED830AF2F7B3
:10B6C000BBFDFBF7F7FFEDE604730020301300200D
:10B6D00004740020787E0020801300201A7A02086B
:10B6E000B84C00208A7100207428002000700020CF
:10B6F0006D4E4F43BC4C002000710020DDE9060177
:10B70000002340F66842994208BF9042B4D104AB8E
:10B71000042216A91F48EBF7ABFC0028ACD1169BFE
:10B720001D4A9342A8D104AB40F664421B49194814
:10B73000EBF79EFC054600289ED105F091FA4FF4E8
:10B74000FA6217491748FFF72DFCABE60024164DA7
:10B7500086E50446FBE7002C3FF497AD4FF47A7280
:10B760000DF132011148FFF71DFCE1E4012498E5D9
:10B770000024ADE5012C08D1009B1B880BF1010BC7
:10B780005B45D8BF4FF0000BB3E5022C7FF47DADD5
:10B79000CEE400BF787E00206E4E4F43C0060020EE
:10B7A000257A0208477A02081A7A02084C7A0208B7
:10B7B0002DE9F04F324BD3E9002387B0CDE90023C8
:10B7C000304BD3E90067009B0D46B3EB06082E49CA
:10B7D000019B63EB0709D1E97A23994508BF90459E
:10B7E00038BFC1E97A8904468A46D1E97A014FEA2D
:10B7F000500848EAC1784FF4CE7200234FEA51094D
:10B80000E5F7E6FA16EB0803029347EB0903039307
:10B81000DDE902239D4208BF944283460DD202997E
:10B82000C3170246081B039961EB0501E5F7D0FA3F
:10B83000DAF8E431181ACAF8E40118EB04030493A7
:10B8400049EB05030593DDE90412DDE90034944278
:10B8500008BF8B4210D204990098019C081A0599E0
:10B860005A464FEAE27361EB0401E5F7B1FADAF800
:10B87000E4311844CAF8E40107B0BDE8F08F00BF16
:10B880008013002098440020B84C0020044B1A7804
:10B89000044B4FF0FF3153F82200FFF72FB900BFE0
:10B8A000E07100203C140020034B1A78034B014642
:10B8B00053F82200FFF722B9E07100203C14002069
:10B8C00038B5134B134A18604FF0804341F2883467
:10B8D000596A1368CB1AA34218D9002816DB0E4DFB
:10B8E00011600E4C297854F821000D49884202D18C
:10B8F0002021FFF703F92B7854F82300094B9842D5
:10B9000004D12021BDE83840FFF7F8B838BD00BFAA
:10B910002413002004720020E07100203C14002059
:10B92000648A02080C88020838B5104B104D114C7F
:10B9300001221A70FCF784F8FFF7D2F860B1FBF728
:10B9400069FE00232B802380FFF7A0FF0A4A13889B
:10B9500043F01403138038BD4FF4B9732B80074BA9
:10B960001B8803EB83035B00EDE700BFB972002087
:10B970000C140020905D0020284500200A140020AF
:10B9800010B50446FBF7D6FA064B1A78052A9CBF79
:10B9900001321A701A78044B43F82240BDE8104077
:10B9A000FFF7C2BFE07100203C14002010B50C4628
:10B9B000FFF754FB30B1044B04481C60BDE8104055
:10B9C000FFF7DEBF10BD00BF80710020A086020817
:10B9D00037B5B2B10F4B104DD3F8200CD3F8241C5F
:10B9E00050EA010304BF0D4BD3E900011446CDE931
:10B9F00000010B4A1C212846E9F74CF9A56003B069
:10BA000030BD0029FBD1074803B0BDE83040FFF747
:10BA1000B7BF00BFBC060020D6720020D01E002099
:10BA20005E8502084085020837B5B2B10F4B104D54
:10BA3000D3F8200CD3F8241C50EA010304BF0D4BAB
:10BA4000D3E900011446CDE900010B4A1C21284628
:10BA5000E9F720F9A56003B030BD0029FBD1074804
:10BA600003B0BDE83040FFF78BBF00BFBC0600202D
:10BA7000D6720020D01E00205E8502086485020870
:10BA8000002A4FD0F0B5294DD5ED887A2DED028BE7
:10BA9000F5EE407AF1EE10FA87B002F10C0431D0E5
:10BAA0000320F2F703F8D5F8E8359FED218A07EE79
:10BAB000903AF8EE677A0646C7EE887A0F4617EE98
:10BAC000900AE4F76DFDD5ED887AFDEEE77ACDE9D1
:10BAD000040139463046CDED027AE5F7E3F807EE8A
:10BAE000900AC7EE887A17EE900AE4F759FD114ADA
:10BAF000CDE9000120212046E9F7CCF807B0BDECE4
:10BB0000028BF0BD0320F1F7D1FF50EA0103C7D14A
:10BB1000094A2021204607B0BDEC028BBDE8F04069
:10BB2000E9F7B8B80548FFF72BBF00BFB84C0020B5
:10BB300000247449F69402080E950208C494020881
:10BB40007FB59AB31C4D95F89D6102F10C040EB1BE
:10BB5000062E0AD1194B1A4A53F8263020212046C6
:10BB600004B0BDE87040E9F795B8D5F80802E4F7ED
:10BB700017FD012E0BD1B5F8D6310293CDE90001A6
:10BB8000104A20212046E9F785F804B070BDB5F8C9
:10BB9000D83164225A43D317CDE90001CDE90223FD
:10BBA0002021094A2046E9F775F8EEE7074804B076
:10BBB000BDE87040FFF7E4BEB84C00205C8F02087F
:10BBC000AF920208B7920208CC920208F88E0208DF
:10BBD00042B1064B0649B3F9D431013351F8233051
:10BBE000936070470348FFF7CBBE00BFB84C0020FE
:10BBF0001890020804900208364890F9B531B3F164
:10BC0000FF3F65D070B505467AB3334C0026042952
:10BC1000E6821FD005D8A1B1022915D02F4B936021
:10BC200070BD102916D0202914D00829F6D100EBB8
:10BC3000031393F86B3203F131010633A17553807E
:10BC4000ECE73133A375E9E700EB031090F86A02E3
:10BC50003130A075002005EB0313507193F8683262
:10BC60000B42DBD001235371D8E702290C4612D1D5
:10BC700000EB031292F86822920715D41848FFF7D8
:10BC80007FFE95F9B53105EB031595F86812214350
:10BC900085F8681212E0082906D1124B12481A7072
:10BCA000BDE87040FFF76CBE05EB031393F8681214
:10BCB000214207D021EA040183F86812BDE87040F0
:10BCC000F9F78ABF002CDCD10848FFF759FEF5E7E9
:10BCD000704700BFB84C0020C0720020D672002010
:10BCE000BC8B02088A710020488C0208348C020840
:10BCF0002DE9F043314B324C1B7887B0002A46D0F7
:10BD00001646002003EB430204EB8212054692F82C
:10BD1000E87207B101300135082D02F11802F6D1A1
:10BD200028B9C02202FB0342012082F8E802C025A4
:10BD30006B43182505FB013525440C3695F8E83290
:10BD4000003318BF012306F8073CD5E9BC01E4F72E
:10BD5000A9FFE4F725FC95EDBB0A80468946F9F773
:10BD6000F7FD94F89A21174B10EE100A53F8223081
:10BD70000493E4F715FCCDE90089CDE90201124AEC
:10BD800020213046E8F786FF07B0BDE8F0830F4A70
:10BD9000C9B2C02511706B43182202FB01310C445B
:10BDA00001230B4A84F8E8321370F1F755F909487A
:10BDB00007B0BDE8F043FFF7E3BD00BF8A71002084
:10BDC000B84C0020C8AD020860890208FE6F002050
:10BDD00030130020108902082DE9F0412C4C3AB1B3
:10BDE00094F8C231003318BF01235371BDE8F081CC
:10BDF000284B0125104690461D70F1F757FE064668
:10BE000028460F46F1F752FE94F8C231224A002B21
:10BE10000CBF2B46002384F8C231138843F026035D
:10BE200013800CD1D4E90C23134304BFC4E90C01E3
:10BE3000C4E90A671948BDE8F041FFF7A1BD2546EE
:10BE40002346424693F82110B1B1302303FB02424E
:10BE5000D2E90A230020F1F791FF072295F871310A
:10BE600083B1302302FB03332344D3E900230120B1
:10BE7000BDE8F041F1F782BF0132082A03F1300337
:10BE8000E0D1EAE7013A531CA5F13005E6D1ADE770
:10BE9000B84C00203013002028450020AC84020854
:10BEA0007FB52C4B002A3FD000201D46044695F854
:10BEB000216006B101300134082C05F13005F6D1BE
:10BEC00010B9012083F82100302404FB01F01E1872
:10BED00096F82150557102F10C05327E5AB1183096
:10BEE00003441D4A20212846E8F7D4FE04B0BDE8EB
:10BEF0007040F0F78DB901FB04441C44D4E9000103
:10BF0000E4F7D0FEE4F74CFBCDE90201D6E90A01E3
:10BF1000E4F7C8FEE4F744FB104ACDE90001202114
:10BF20002846E8F7B7FEE1E70D4AC9B211703022A2
:10BF300002FB013101230B4A81F821301370F1F724
:10BF400083FEFBF7F3FB084804B0BDE87040FFF741
:10BF500017BD00BFB84C0020BC890208DE8402086F
:10BF6000FD6F0020301300205C8402080148FFF7B9
:10BF700007BD00BF648A020838B5174C23784BB35D
:10BF8000FEF7AEFD30BB154D03F088FF95F8A421F8
:10BF90000AB1FBF78FFB95F8A531114D4BB1114B51
:10BFA00029881B885022C1EB03134FF4C87003F09B
:10BFB0003BFE0D4A138843F0360313800B4B4FF4BE
:10BFC000E1721A800A4B1B8803EB83035B002B8012
:10BFD0000023237038BD00BFB9720020B84C002088
:10BFE000905D002038140020284500200C1400200B
:10BFF0000A140020074991F84B3C22B1003318BFC6
:10C00000012353717047B3FA83F35B0981F84B3C0A
:10C01000FFF7B2BFBC06002008B51AB1044B1B786D
:10C02000537108BDEDF7A0FEBDE80840FFF7A4BFBF
:10C03000C822002008B51AB1044B1B78537108BD03
:10C04000EDF772FEBDE80840FFF796BFC922002059
:10C0500008B51AB1044B1B78537108BDEDF742FEC9
:10C06000BDE80840FFF788BFC022002006490B68E2
:10C0700022B1003318BF012353717047B3FA83F321
:10C080005B090B60FFF778BFC42200202DE9F7435E
:10C09000744B754F1A78022A03D13A78824200F025
:10C0A000BB80724C724D54F830202A6002223870E6
:10C0B0001A70FEF715FD08B9FFF7E8FB00262B689C
:10C0C0001B789E42C0F28C80112003F0DBFE122010
:10C0D00003F0E4FE20234FF4F0724FF4907100203F
:10C0E00003F0A2FD397804EBC1014C682046FCF74F
:10C0F00035FD6FF00A035843203000EBD07042103A
:10C1000002F590720A21204603F086FF5948FCF799
:10C1100033FD2B681E78584B00221A70574B1B7842
:10C12000002B79D1564C574F013EFBF7E9FC10F03C
:10C13000300F5AD04FF000088106226803D5531EF5
:10C1400048BF33462360C30605D5236801339E42AA
:10C15000B8BF434623601046FBF728FE2068FBF774
:10C1600025FE4FF47A70E5F761FBFBF7FFFC002832
:10C17000E2D1FCF7E3FF022868D101A96846FDF788
:10C1800013F92968009A91F9010037F830E09645D3
:10C190005CDC07EBC000019BB0F802C09C4555DC9D
:10C1A000A2EB0E02A3EB0C03B0F804E0C088B3FBD3
:10C1B000F0F3019303F00F03B2FBFEF2009243EAA7
:10C1C00002130A46DBB212F8021B4FF00008884542
:10C1D0003CDA12F81800984221D008F10108F6E77D
:10C1E0003046FBF7E3FD013669E70128C1D120683D
:10C1F0000028BEDBFDF7F0FE0028BAD0224B00225B
:10C200001A60FBF707FAFEF76BFC38B3FFF78CFBFD
:10C210001B4B4FF0FF321A6003B0BDE8F083D4F837
:10C220000090C4F800804046FBF7C0FD4846FBF78D
:10C23000BDFDFDF787F84FF0FF3340462360FBF765
:10C24000B5FD4046FDF7C8FE0028D7D10F4B1A7840
:10C25000002A3FF46AAF00221A70CFE7FFF78CFE86
:10C26000DAE700BFB972002099710020A47E0208AD
:10C270009C710020974B0208A071002038280020F4
:10C28000A4720020487E0208BC7100202C450020CA
:10C29000EAB938B50E4C236841F23855AB4210D09C
:10C2A0000C4B0D4A1A603C20FFF7F0FE0B4BDFED04
:10C2B0000C7A93ED007AB4EE677AF1EE10FA05D1BC
:10C2C00025600848BDE83840FFF75ABB38BD7047C5
:10C2D000F8720020BC71002089880208C07200201A
:10C2E00000C0A945549102082DE9F04F2DED028BB5
:10C2F000784C85B00D462368FAB102F10C06142281
:10C3000002FB0315744C05F12E0304EB83038F35F8
:10C310005868E4F745F9CDE9020104EBC505D5E914
:10C3200001232021CDE9002330466C4AE8F7B2FC16
:10C3300005B0BDEC028BBDE8F08F0B2BF8D8DFE821
:10C3400003F0C5969D969D969D9606060606DFF817
:10C35000ACB19FED638A9BF898915F4E0220F2F793
:10C3600063F8604B4FF0010AC3F800A05E4B83F8FE
:10C3700000A05E4B4FF0FF321A6023685C4AB0EEBB
:10C38000480A073B1360F1F707FC23684FF01408D5
:10C3900008FB03538F3306EBC303D3E901230420C7
:10C3A000F1F7ECFC236808FB035300278F338BF86D
:10C3B000087006EBC3030097D3E9012339463846DA
:10C3C000F3F75EF82368009708FB03538F3306EBFF
:10C3D000C303D3E9012351463846F3F751F82368E4
:10C3E000DFF828A108FB03538F3306EBC303D3E91F
:10C3F00001230AF1160BCDE900231C213D4A5846C2
:10C40000E8F748FC3C4BC3F800B0DFF804B1282043
:10C410008BF80070FFF73AFE9BF80030FBB1236801
:10C420009AED000A08FB03552E3506EB8506D6ED7E
:10C43000017A38EE400A30EE270AFBEE097AB4EEB4
:10C44000E70AF1EE10FA0ADDF3EE097AB4EEE70A34
:10C45000F1EE10FA03D586ED010A04F001FC48461E
:10C4600005B0BDEC028BBDE8F04FF1F7DDBF002059
:10C47000F1F7DAFF214B012283F8FD25204A002342
:10C480000320F1F77BFC2368142202FB0353124ABA
:10C490008F3302EBC303D3E901230220F1F76EFCD3
:10C4A000164A184801230A2182F8A331A2F8C611BE
:10C4B000154A15600B4A136022680D4B1A6005B0CF
:10C4C000BDEC028BBDE8F04FFFF75ABA0020F1F740
:10C4D000ABFFD3E780710020BC060020F486020881
:10C4E00000000CC21428002030130020EC53002060
:10C4F000F453002005870208BC710020B84C0020CE
:10C5000040420F001C87020884710020C072002086
:10C51000A071002038B50D46FEF77AFDA8B10B4B8F
:10C520000B4A0C4C1A60282000232370FFF7AEFD45
:10C53000237853B1084B09481A68094B1A60094B14
:10C540001D60BDE83840FFF71BBA38BDBC71002044
:10C5500070880208A0710020C0720020A086020826
:10C56000D471002080710020002A64D12DE9F341AC
:10C570001446FEF773FD00285AD0314E314F96F81D
:10C5800098810220F1F750FF2F4B03221A602F4BA6
:10C59000BBEE0E0A01254FF0FF323D601A60F1F745
:10C5A000FBFA25A3D3E900230420F1F7E7FB22A33C
:10C5B000D3E900232146009420463472F2F760FF4D
:10C5C0001DA3D3E90023294600942046F2F758FF23
:10C5D0001F4D204B204A1A6028202C70FFF756FD73
:10C5E0002B78EBB11D4B93ED007A1D4BFBEE0E7AD1
:10C5F00077EEC77A93ED2C7A77EE877ABAEE047AE3
:10C60000F4EEC77AF1EE10FA0ADDB2EE047AF4EE37
:10C61000C77AF1EE10FA03D5C3ED2C7A04F020FBB3
:10C62000002340463B6002B0BDE8F041F1F7FCBE9C
:10C6300002B0BDE8F0817047008C86470000000022
:10C64000B84C002014280020F4530020EC530020A4
:10C65000A0710020BC7100209A8F0208C0720020D7
:10C66000BC060020002A56D173B51446FEF7F6FC2E
:10C6700000284ED02B4D022095F89861F1F7D4FE9A
:10C68000BBEE0E0AF1F788FA24A3D3E900230420B5
:10C69000F1F774FB2C7221A3D3E900232146009407
:10C6A0002046F2F7EDFE1DA3D3E9002301210094FB
:10C6B0002046F2F7E5FE1C4D1C4B1D4A1A6028204F
:10C6C0002C70FFF7E3FC2B78EBB11A4B93ED007A5B
:10C6D000194BFBEE0E7A77EEC77A93ED2D7A77EE53
:10C6E000877ABAEE047AF4EEC77AF1EE10FA0ADD30
:10C6F000B2EE047AF4EEC77AF1EE10FA03D5C3ED88
:10C700002D7A04F0ADFA304602B0BDE87040F1F782
:10C710008BBE02B070BD7047AFF3008000CA9A3B79
:10C7200000000000B84C0020A0710020BC71002067
:10C73000788F0208C0720020BC060020002A64D155
:10C740007FB5344D0220144695F89861F1F76CFEE0
:10C75000BBEE0E0AF1F720FA2CA3D3E90023042044
:10C76000F1F70CFB2C7229A3D3E900232146009496
:10C770002046F2F785FE25A3D3E90023012100948A
:10C780002046F2F77DFE244D244B254A1A602820CE
:10C790002C70FFF77BFC2B788BB3224B93ED007A48
:10C7A000214BF3EE0E7A77EE277AD3ED196A77EE06
:10C7B000A67ACDED037ADFED1D7AB4EE677AF1EE5D
:10C7C00010FA03D10022039283F8414C9DED037AC5
:10C7D000FAEE0E7AB4EEE77AF1EE10FA0FDD9DED87
:10C7E000037AF2EE0E7AB4EEE77AF1EE10FA06D59D
:10C7F000012283F8422C039A5A6604F031FA30463B
:10C8000004B0BDE87040F1F70FBE704780C3C901A6
:10C8100000000000B84C0020A0710020BC71002076
:10C82000BE8F0208C0720020BC0600200000C84273
:10C8300008B5144B144A1A603C20FFF727FC134B31
:10C84000DFED137A93ED007AB4EE677AF1EE10FA29
:10C850000BD04FF4FA620F490F48FEF7A3FB0F4AC3
:10C86000138843F02003138008BD04F015FB0C4A25
:10C87000D36943F40063D3610A4B60225A60FF22FC
:10C880001A60FEE7BC71002082850208C072002099
:10C8900000409A4494850208387E0208284500200A
:10C8A00000100240002C00400B4B30B4D3E9900143
:10C8B000D3E98E4542B18D420849094B0CBF8442F1
:10C8C0000B46936030BC70478D4206BF84423120D6
:10C8D000182030BCFFF7DABBB84C0020C58702082F
:10C8E000C0870208124B134A19780023994210DCC2
:10C8F00000207047104B4FF0FF321A600F4B0022A0
:10C900001A70FFF73DF810E00133994202DC002075
:10C910000CE010B532F8024B8442F5DD084A52F8BB
:10C9200023003E28E6D8FFF7B1FB012010BD00BF71
:10C93000D871002064720020A4720020E0710020F1
:10C940001472002038B50F4D32B195F8BF31003365
:10C9500018BF0123537138BD1446EDF7B3F995F8AC
:10C96000BF31002BF7D0084B084A1A601120FFF79F
:10C970008DFB012385F8BF312046BDE83840EEF736
:10C98000B3BA00BFB84C0020BC7100207A920208F4
:10C990002DE9F04FBC4D95F8433CDE068DB00446C2
:10C9A00031D5BA4ABA491368526851F8201001913A
:10C9B00003F07F3323F0FE430093B64B2021134056
:10C9C00004A8B54AE8F766F93CB9FFF7D5FAB348C9
:10C9D000F9F74EF92046FAF739FC0122B049B1487F
:10C9E000EAF7C2F900B3B049B0484FF4FA62FEF773
:10C9F000D9FAAF4A138843F022031380FFF7BCFA39
:10CA00000DB0BDE8F08F3D20FFF740FBA94B1A7831
:10CA1000002AF5D09E4A52F8242000922021A64AEE
:10CA200004A8E8F737F9CFE70B2204A9A348EAF7EF
:10CA3000C3F90028D7D1072C00F2D881DFE814F021
:10CA4000A00008009901D601BA01A301E3005C012E
:10CA50000024924EDFF89C92994FA046B9F8CA3153
:10CA6000434540F3BC80002C40F0B9803B88DFF8A0
:10CA70006CA213F0010F00F0C48095F8433C9C06B3
:10CA80001FFA88F040F1B380F0F77CFAE4F70AF976
:10CA9000DFED8C7A07EE100AC7EE277A17EE900AC0
:10CAA000E3F77EFD884ACDE9000164215046E8F7AE
:10CAB000F1F80AEB00043B8898070FD596ED000AC1
:10CAC000F8F746FF10EE100AE3F76AFD7F4ACDE95A
:10CAD000000120466421E8F7DDF804443B8859074B
:10CAE00011D506F5E16393ED000AF8F731FF10EE7A
:10CAF000100AE3F755FD764ACDE90001204664218E
:10CB0000E8F7C8F804443B881A0711D506F56163B5
:10CB100093ED000AF8F71CFF10EE100AE3F740FD52
:10CB20006B4ACDE9000120466421E8F7B3F80444DC
:10CB30003B88DB0611D506F5A85393ED060AF8F7F6
:10CB400007FF10EE100AE3F72BFD624ACDE9000162
:10CB500020466421E8F79EF804445F4A6421204699
:10CB6000E8F798F85D49221803ABA2EB0A0201F638
:10CB70007430EAF761FB08F10108044604366DE7FA
:10CB800003AB7A2256494D48544EEAF755FB04460A
:10CB90000F2003F083F940F23F1506F67437F4B91D
:10CBA00001234FF4F07229462046009603F0E2F884
:10CBB0004FF4F0714948FBF767F903AB4FF470721B
:10CBC00046493846EAF738FB0123294604461A4607
:10CBD00040F2DF1003F028F815F1FF35DFD23748B7
:10CBE000EAF7E0FC002C7FF4FEAE04A9FCE6F0F7C7
:10CBF000C9F93C4ACDE9000164215046E8F74AF8FA
:10CC000057E7544657E7354E374F002506F6743838
:10CC10003B78DFF8E0904FF0180A0AFB05FA4FF076
:10CC2000C00B0BFB03A34B4493F8E84234B3D3E9A6
:10CC3000BC236421CDE9002328482C4AE8F72AF8D0
:10CC40003B780BFB03AAD1443418D9F8EC02E3F784
:10CC5000A7FC274ACDE9000164212046E8F71AF82D
:10CC600004441D4A64212046E8F714F80444A21B3A
:10CC700003AB1A494046EAF7DFFA04460135082DAE
:10CC8000ADD0002CC4D0AAE7BC060020002800408C
:10CC9000A87D02083F1FFF005F990208742800204A
:10CCA000974B0208C8800020509902089199020809
:10CCB00028450020A07100206F990208787E00208E
:10CCC0008E71002000247449759902088799020822
:10CCD0007F990208869902080C4302080473002019
:10CCE000587902087B9902088A7100208C99020801
:10CCF00061400208B84C00203D4E3E4DDFF81081E7
:10CD0000082706F6743995F821405CB3D5E90A2363
:10CD10006421CDE9002336484246E7F7BBFFD5E959
:10CD20000C233418CDE90023642142462046E7F75E
:10CD3000B1FF0444A86BE3F733FC2F4ACDE90001AF
:10CD400064212046E7F7A6FF04442C4A64212046CC
:10CD5000E7F7A0FF0444A21B03AB25494846EAF7C6
:10CD60006BFA0446013F3FF43AAF3035002CCAD08D
:10CD700035E703AB4FF480224FF000612048EAF71B
:10CD80005BFA04462BE71B4C1E4B236003F14E431A
:10CD900003F5650303F60B034FF4C5612046C4F8A1
:10CDA000283603F051FF03ABC4F828064FF4C662DF
:10CDB0002146E3E7144B154C2B6003F14E4303F57A
:10CDC000650303F60A0300264FF44661A4F54660A6
:10CDD000C5F8603C666003F037FF6660C5F8600C1C
:10CDE00003AB40F66842A4F54661C7E70024F6E6C7
:10CDF00004730020B84C0020614002080C43020874
:10CE0000787E00206D4E4F436E4E4F431C13002022
:10CE10008C990208C8B2FFF7BBBD0000064B074A59
:10CE200093F8BE315B0003F01E0343F001030120C1
:10CE30001380FFF7ADBD00BFB84C00208E710020FD
:10CE400008B50A4991F84C3CB3FA83F35B090AB17F
:10CE5000537108BD81F84C3C054B01221A7003F058
:10CE6000FFFEBDE80840FFF787B800BFBC06002002
:10CE70003013002008490B6822B1003318BF01238A
:10CE800053717047B3FA83F35B090B60034B0122C4
:10CE90001A70FFF771B800BF7C1300203013002018
:10CEA00008B50A4991F84A3C22B1003318BF012362
:10CEB000537108BDB3FA83F35B0981F84A3C03F070
:10CEC000CFFEBDE80840FFF757B800BFBC06002002
:10CED00004490B780AB15371704783F001030B705A
:10CEE000FFF74AB89C13002010B5214C94F9403C40
:10CEF00022B1003318BF0123537110BDEBB194F977
:10CF0000403CB3FA83F35B0984F8403C03F0A8FE8D
:10CF10000020F1F789FA94F9403C53B10022002334
:10CF20000020F0F72BFF10A3D3E900230120F0F736
:10CF300025FFBDE81040FFF71FB84FF4FA620D4916
:10CF40000D48FEF72FF80D4B0D4A1A603C20FFF7F5
:10CF50009DF80C4BDFED0C7A93ED007AB4EE677A16
:10CF6000F1EE10FACBD0C8E7005ED0B200000000AE
:10CF7000BC060020AB970208477A0208BC7100206B
:10CF8000D2970208C07200200008874570B52C4D6A
:10CF900095F8486C0AB1966070BD042002F072FFEB
:10CFA000032002F07BFF012003F094F82823A12244
:10CFB0008C219C2002F038FE3346224A9321B8206F
:10CFC00003F096F8204AA221A32003F091F834B28E
:10CFD0001C4EFAF795FD83B210F0300021D0DA062E
:10CFE00044BF053424B29B0603D5053C24B2002C73
:10CFF00015DB642CA8BF6424234632469321B82055
:10D0000003F076F8A0B202F005FE4FF47A70E4F770
:10D010000DFCFAF7ABFD83B2002BE0D1D9E7002479
:10D02000EAE7012BD5D1094A85F8484C138843F02B
:10D030002003138003F04EF8BDE87040FEF79CBF5C
:10D04000BC060020EC840208FE840208284500206B
:10D0500008B50E4B93F898116AB141B90C4991602B
:10D0600093F8AF31022B28BF0223537108BD094941
:10D0700091609B79F9E729B9EDF7E8FDBDE8084033
:10D08000FEF77ABFECF79EFEF8E700BFB84C002031
:10D09000E2920208EF92020838B5134D2B780BB3D9
:10D0A0000446F9F747FFFDF71BFD2B78013B0146CE
:10D0B0002B70FDF715FD003118BF0121814204D00E
:10D0C0000A4A138843F036031380094B4FF0FF32AE
:10D0D0001A601CB1BDE83840FEF74EBFBDE83840CD
:10D0E000FEF722BC38BD00BFE071002028450020BB
:10D0F000A47200202DE9F04F85B0002A59D0FF29F5
:10D1000015464DD1474B1B68002B46D0464B1A683D
:10D11000464B53F82280464C464E474F0020F0F7CE
:10D12000C5FC0FF2F00BDBE900AB8B4508BF824575
:10D130004FF0010038BF2646F0F7B8FC8B4508BF1A
:10D1400082454FF0010028BF2746F0F7AFFC33A31C
:10D15000D3E900238B4208BF824206D2374B93F8B3
:10D160000926374B002A18BF1C46364B364A196829
:10D170002F4BDFF8EC90002908BF1A46CDE9024298
:10D18000CDE900674346314A1A214846E7F782FD58
:10D19000C5F8089005B0BDE8F08FDFF89480BAE7D5
:10D1A000264B93F809368B420CBF0521042151719F
:10D1B000F0E7012926D00BB273B1FF291CD1244B13
:10D1C000244A1868244B002814BF1046184605B09E
:10D1D000BDE8F04FFEF7D4BB184A82F809361F4B62
:10D1E00001221A70ECF720FA0220F0F75FFC0246E9
:10D1F0000B460220F0F7C2FD002005B0BDE8F04F5D
:10D20000FFF74ABF0D4B83F80916144B1970ECF762
:10D210000BFAF1E7BFFB0D3100000000806E5A43AE
:10D220000000000014280020F4530020984B02084E
:10D23000974B0208108A0208168A0208B84C002090
:10D24000238A02089C1E00202A8A0208308A0208CB
:10D25000602800203C8A0208E88902083013002078
:10D26000E47100204AB10A4B916093F8B8018842FA
:10D270000CBF052104215171704710B508461446B2
:10D28000ECF7A4FC2046BDE81040FFF705BF00BF47
:10D29000B84C002002290FD0032910B50ED0012967
:10D2A00012D10A4B042200201A70FFF7F5FE01206C
:10D2B000BDE81040FFF7F0BEEFF7EABCFDF7A8FEAF
:10D2C00010B1024B4022EEE710BD00BF0014002059
:10D2D000064991F81A360AB15371704783F0010379
:10D2E000104681F81A36FFF7D7BE00BFB84C0020B1
:10D2F000481E62B10A4BB3F9D43183420CBF0523F7
:10D3000004235371074B53F821309360704710B5D5
:10D310001446ECF7E1FA2046BDE81040FFF7BCBE2A
:10D32000B84C002018900208154B10B553F8204057
:10D3300072B1144B93F89831A34206D1124B93600B
:10D34000052353806123137110BD104B9360FBE7DD
:10D350002046F1F75BFA032C06D8DFE804F002025E
:10D360000B0F0120FFF798FE094A138843F00403CE
:10D370001380E9E70748FEF703FBF5E70648FAE7FD
:10D38000407E0208B84C0020E88E0208EF8E0208AA
:10D3900028450020648A02080C88020808B551B1AB
:10D3A000084B93ED000A084B1968084B1868EDF715
:10D3B00083FB03F055FC064B00201860BDE80840D5
:10D3C000FFF76ABED47100208471002080710020B4
:10D3D000142800200D4B93F9B50100017AB110B467
:10D3E00003444C1C946093F86B325DF8044B8B4201
:10D3F0000CBF052304230631537151807047034449
:10D40000104683F86B12FFF747BE00BFB84C0020F0
:10D4100070B54E1E134C62B194F9B53104EB031490
:10D4200094F86A329160B3420CBF05260426567107
:10D4300070BD04EB061315460122304683F86922BD
:10D44000B3F96C12F0F750F994F9B50104EB00143C
:10D4500084F86A62F9F752FD2846BDE87040FFF78C
:10D460001BBE00BFB84C002038B5134B93F9B50173
:10D47000002820DB00211A460C4692F869524DB173
:10D4800092F86852AD0705D592F86A52854208BFF6
:10D4900082F869420131082902F11002EDD103EB53
:10D4A0000013002483F86942F8F796FB2046BDE894
:10D4B0003840FFF7F1BD38BDB84C002070B54E1EA6
:10D4C000224D330142B11D4495F869329160003319
:10D4D00018BF0123537170BD2B441446012283F8F9
:10D4E0006922B3F96C123046F0F7FEF8731C184B42
:10D4F00020D193F9002085F8B52101321E7007D1A3
:10D500002B46224693F8691201290AD185F8B521E4
:10D5100095F9B501F9F7F2FC0020BDE87040FFF77E
:10D52000BBBD0132082A03F11003EBD1FF2385F8BC
:10D53000B531EDE795F9B52193F9001076B2914236
:10D5400018BF1A7085F8B561E2E700BFB84C00203B
:10D55000941400202DE9F041374E96F9B5010F469D
:10D56000FBF7BEFC04460D4654EA05031AD0042F0F
:10D5700010D8DFE807F003030319530002460B46F7
:10D580003846F0F7FBFB022F04D12C4B03225A74D0
:10D5900001225A750120FFF77FFD294A138843F0C5
:10D5A00004031380BDE8F081DFF89C8098F9000047
:10D5B000421C03D096F9B531834213D10220F0F713
:10D5C00075FA8D4208BF844208D2021B61EB050345
:10D5D00092185B410320F0F7D1FBDBE7221A65EBE1
:10D5E0000103F5E7FBF77CFC06460F4656EA070306
:10D5F000D8D0A94208BFA04207D298F90000FBF793
:10D600006FFC26462F4604460D4622462B46002038
:10D61000F0F7B4FB32463B460120DCE796F9B52132
:10D6200006EB0213B3F96C22064B03EB820393ED76
:10D63000000AF1F7C3F9ADE7B84C0020C072002032
:10D6400028450020742800209414002010B5044CB4
:10D65000237803B910BD0020FFF71EFDF8E700BFD7
:10D66000E071002030B50C4685B0002A43D048490F
:10D67000FE2C91F8C431084629D1FF2B02F10C058C
:10D680001CD191F8C22191F89A31AAB9414C424A71
:10D69000032B88BF1446414A52F823300293D0F836
:10D6A0001802E2F77DFF2246CDE90001202128463D
:10D6B000E7F7F0FA05B030BD394CECE7394A0133F1
:10D6C0002021284605B0BDE83040E7F7E3BAA34281
:10D6D00004F101000CBF0523042390605371E9D0CD
:10D6E000FE2CE7D891F8BE0140FA04F4E107E1D539
:10D6F00016231380DEE7FE2905D12B4805B0BDE8CF
:10D700003040FEF73DB9224D95F8C401FF2813D0F3
:10D71000884211D02B1893F8A61108290CD11A733E
:10D72000012303FA00F195F8BE3123EA0103114603
:10D7300085F8BE31EDF7DCFAFF2C0DD195F8C2313A
:10D7400085F8C44113B91120FEF7A0FC002005B0F4
:10D75000BDE83040FFF7A0BC95F8BE2142FA04F3C3
:10D76000DB0703D595F8C431A342A3D1E0B20F4B38
:10D7700085F8C4012918187001230B7383401343E3
:10D78000082185F8BE31EDF7B3FA0948B6E700BFC6
:10D79000B84C00207F9702088D970208C8AD020898
:10D7A000729702089B970208549702088A7100201A
:10D7B0003889020838B51F4B18781F4B00EB400121
:10D7C000002203EB8111144691F8E85205B10134AF
:10D7D0000132082A01F11801F6D1184A012C1278F9
:10D7E00011D1C02101FB00F4182101FB02411944B1
:10D7F00091F8E81239B14FF47A7211491148BDE835
:10D800003840FDF7CFBB072A12D8C0214843182162
:10D8100001FB02021A4400240B4B82F8E842012269
:10D820001A70EFF719FC2046BDE83840FFF734BC0A
:10D8300038BD00BF8A710020B84C0020FE6F002068
:10D84000FA880208387E02083013002008B5114B10
:10D8500033F81100B2B190B107EE900AB8EEE77A52
:10D86000F7EE006AC6EE877A0B4BD3F8F4318342A9
:10D870000CBF052004205071C2ED027A08BDDFED17
:10D88000077AF1E7EDF7C4F90120BDE80840FFF79A
:10D8900003BC00BF28AE0208B84C00200000000006
:10D8A00008B50C4B33F8110062B10B4B53F8213023
:10D8B00093600A4BD3F8F03183420CBF0523042355
:10D8C000537108BDEEF71EFB0120BDE80840FFF7CD
:10D8D000E3BB00BFBC98020894980208B84C002033
:10D8E00008B50C4B52B193F8B431C3EB0313B1EB51
:10D8F000430F0CBF05230423537108BD00EE101A1B
:10D90000B8EE400A5A71ECF7D5FE0120BDE8084098
:10D91000FFF7C2BBB84C002008B5164B93F898012E
:10D9200000F0FD00B2B101280CD11348906093F8CB
:10D93000B431C3EB0313B1EB430F0CBF0523042336
:10D94000537108BD5B790D499160002B14BF05230D
:10D950000423F5E7012809D19FED090A5A71ECF774
:10D96000A9FE0120BDE80840FFF796BBECF7ECFBF1
:10D97000F7E700BFB84C0020E0830208357D0208BD
:10D98000000000001A4A002110B50846144692F81B
:10D99000213003B101300131082902F13002F6D102
:10D9A000144B01281B780DD1302202FB034292F860
:10D9B00021203AB14FF47A720F491048BDE8104067
:10D9C000FDF7F0BA072B12D8302202FB03430024E4
:10D9D00083F821401C760A4B01221A70F0F734F9C3
:10D9E000F9F7A4FE2046BDE81040FFF755BB10BD77
:10D9F000B84C0020FD6F0020FA880208387E02082B
:10DA00003013002008B542B1084B93F89A018842C0
:10DA10000CBF05210421517108BD0846F0F762FFD3
:10DA20000120BDE80840FFF737BB00BFB84C00201D
:10DA300008B53AB1074B1B79002B14BF052304230B
:10DA4000537108BD0120ECF799FB0120BDE80840A7
:10DA5000FFF722BBB84C002070B514460C4E7AB1CB
:10DA60000D464B1C0B4A202104F10C00E7F712F97C
:10DA7000AB1D63803378AB4201D11623238070BD88
:10DA80003078ECF7D5FE2046BDE87040FFF704BBC8
:10DA90008A71002084940208F8B54F1E1446154E72
:10DAA000F2B10D4602F10C00A9B10B46124A202139
:10DAB000E7F7F0F86B1D63803278104B134493F84E
:10DAC000AA31AB4214BF04250525BA42657101D1C4
:10DAD00016232380F8BD0A4A2021E7F7DBF8EBE79D
:10DAE00030783946ECF7B0FE2046BDE8F840FFF745
:10DAF000D3BA00BF8A710020A4940208B84C002059
:10DB0000B694020808B55AB14B1C9360114B1B78B0
:10DB10008B420CBF0523042353710631518008BD8D
:10DB20000D4B93F9B131013311D003290FD14FF4CB
:10DB3000FA620A490A48FDF735FA0A4A138843F09F
:10DB4000200313800020BDE80840FFF7A5BA014B71
:10DB50001970F7E78A710020B84C0020409602083F
:10DB6000387E0208284500207FB50D46144662B372
:10DB7000084603F017F90C34064618B390F810362F
:10DB80004BB1214A00F5C2632021204604B0BDE814
:10DB90007040E7F77FB8D0E99001E3F783F8E2F748
:10DBA000FFFCCDE90201D6E98E01E3F77BF8E2F74D
:10DBB000F7FC164ACDE9000120212046E7F76AF874
:10DBC00004B070BD2B46124ADEE763290CD910461B
:10DBD000F0F72AFC4FF0FF30EBF77EFE652D01D108
:10DBE000EAF75AF9254605E00A4B0B4A1A603B2032
:10DBF000FEF74CFA284603F097F8012004B0BDE880
:10DC00007040FFF749BA00BF4E940208DE84020854
:10DC100058940208BC710020619402087FB50E463A
:10DC20006AB30846144603F0BDF80C34054618B331
:10DC300090F810364BB11A4A00F5C26320212046F5
:10DC400004B0BDE87040E7F725B8D0E99001E3F7EC
:10DC500029F8E2F7A5FCCDE90201D5E98E01E3F749
:10DC600021F8E2F79DFC0F4ACDE900012021204672
:10DC7000E7F710F804B070BD33460B4ADEE70846FC
:10DC800003F0AEF8013005D126B9084B93F898019E
:10DC9000F0F7CAFB012004B0BDE87040FFF7FCB903
:10DCA000B6890208DE840208BF890208B84C002049
:10DCB00073B500230193364B1A78364B53F8224044
:10DCC0000546064616F1FF360BD2CCB1227802F09B
:10DCD0000703013B052B0DD8DFE803F040142909A9
:10DCE0000C45204601A9F9F76DFE0446EAE700203D
:10DCF000FFF7D2F9284B1B78012B01D1FDF7C6FDA8
:10DD000002B070BD254B00215975D4F806304BB1D7
:10DD10001007617803D5019A01F00F01114489B20F
:10DD2000284698471E4A138843F0040314E01B4B0F
:10DD300000215975D4F8063053B11207617803D524
:10DD4000019A01F00F01114489B200222846984738
:10DD5000134A138843F014031380CBE7D4F806006A
:10DD6000FDF70EFEC6E70D4B00225A75FCF7B8FE14
:10DD700008B1F9F74FFC60780A4BD4F806201A6016
:10DD800004289CBF084A1A60FEF780F9CAE700BF62
:10DD9000E07100203C140020B9720020C072002005
:10DDA00028450020BC7100208C7200202DE9F04F26
:10DDB000CE4F2DED048B3B6839608246012000FA7E
:10DDC00001F94FF0804698408DB040EA09001546B1
:10DDD0008846FDF769FD736A9AF801B0069500243C
:10DDE0001D46FBF7ABF941F2883218B1746A641B27
:10DDF0009442F6D9069DFCF773FE002800F01082CD
:10DE00009AF8003003F00703062B40F0098241F234
:10DE100087339C4240F25E8100263446DFEDB48AAF
:10DE2000DFF8EC82DFF8ECA2E2E00BA90AA8FBF72E
:10DE3000BBFA0A9B1B1B0133022B40F2D9805846C8
:10DE4000FAF716F9BBF1020F0A9C40F0F280F03CA1
:10DE5000CF2C6FF0CE03A8BFCF249C42B8BF1C4686
:10DE6000A44D002E6CD1D8F8E4311B1B27334E2B68
:10DE700068D9D5E9022304F1F006CDE90623C8F8F4
:10DE8000E4410A230021DF1841EB01040C2E40F38A
:10DE9000CD807A0842EAC4724FEA540C88009C0094
:10DEA00040EA937013194CEB0001182E00F3B68072
:10DEB000C8E97A319049DAE90043D1E90021121B1F
:10DEC000049261EB03020592D8E97A01DDE9046767
:10DED0008F4208BF864203D231463A46C8E97A12D9
:10DEE00000200021CAE90001D8E97A01834E099394
:10DEF0000227C5E902013770FBF710FC804A814810
:10DF00001221E6F7C7FE4846FDF7CEFC099BCAF88A
:10DF10000040CAF80430DDE906343770C5E9023440
:10DF2000FBF7FCFB784A77481221E6F7B3FE0023A3
:10DF3000DDE90601C8F8E4310126FDF739FC52E0BD
:10DF4000022E96D14FF4CE720023D8E97A01E2F77F
:10DF50003FFFD8F8E431E31ADF1700FB07F203FBB9
:10DF60000122A0FB03011144002871F10006D5E94C
:10DF7000022306DA464261EB4107BB4208BFB242C8
:10DF800047D3861841EB030302960393DDE902238E
:10DF9000DDE90201C5E90223DAE90023994208BF5D
:10DFA000904238BFC5E90223534BC8F8E441D3E996
:10DFB0000001D5E902239942504B08BF90424FF02F
:10DFC000020638BFC5E902011E70FBF7A7FB4F4BE5
:10DFD000002119700091D5E902230846F1F750FAA3
:10DFE0004846FDF761FC4FF47A70E3F71FFC0A9C8A
:10DFF000FBF7A4F800287FF418AF3C4B4FF0FF323A
:10E0000048461A60FDF750FC0DB0BDEC048BBDE82E
:10E01000F08F00220023CDE90223B7E7DB18A6F139
:10E0200024064941002E3FF72EAF41E7C8E97A7434
:10E0300040E7BBF10B0F2FD11A3C98ED859AECF716
:10E04000FBF807EE904AF8EEE77A002427EE800A04
:10E0500080EE288AECF7A6F8264B98F81A5688F82E
:10E060001A4638EE098A38EE000A83ED000A234B7F
:10E0700083F800B0FBF752FB484688F81A56FDF7C4
:10E0800013FC0220EFF712FD02460B4600942146D6
:10E090002046F1F7F5F9AAE7BBF11A0FA7D1ECF783
:10E0A000CBF81A3CB0EE408AECF77CF807EE904AC9
:10E0B000F8EEE77A002467EE887A87EEA87A37EEE2
:10E0C000000AEFF769FD4846FDF7EEFB0220EFF787
:10E0D000EDFCD9E7BBF10B0F0D4E54D1042D50D8F8
:10E0E000DFE805F01A489E4B4D0000BFA4720020E7
:10E0F0000000CE43C07200208013002099710020E0
:10E10000BA90020818140020C590020830130020AD
:10E11000B84C0020984400206FF0090496ED858AE1
:10E12000ECF708F907EE904A38EE000AF8EEE77AC5
:10E13000414B70EE277AC3ED007A404B96F81A56A1
:10E1400083F800B0002486F81A46FBF7E7FA4FF090
:10E15000FF3348463B6086F81A56FDF7A5FB0220C0
:10E16000EFF7A4FC009402460B4620462146F1F747
:10E1700087F949E74FF0FF34D0E70124CEE70A24BE
:10E18000CCE70024CAE7BBF1020F49D1042D44D8E3
:10E19000DFE805F00324462E4000D6E97A456442C4
:10E1A00065EB4505002C75F1000329DA0220EFF735
:10E1B0007DFC624265EB4503994208BF90421FD245
:10E1C0001D4B00200021C3E902010023C6F8E43101
:10E1D000194BD3E90201FDF7EBFAAEE70A2200235F
:10E1E000D6E97A01E2F7F4FD444261EB4105D9E753
:10E1F0000A220023D6E97A01E2F7EAFD04460D4639
:10E200000220EFF753FC0C4B201845EB0101C3E94A
:10E210000201DAE7D6E97A45C4E700240025EFE7F2
:10E22000074B0022C3F8E42140464FF0FF333B6028
:10E23000FFF73EFDE8E600BFC072002099710020A4
:10E24000B84C002038B5052906D8DFE801F0030DE9
:10E2500012242710FBF780F8FDF78EFEF9F7DAF9A4
:10E26000BDE83840F9F7CEB9FBF7EAF8F4E7FBF779
:10E270003BF90D4C002501202570FEF70DFF0B4BDF
:10E28000002083F8BA51002103F5C463C3E90001FB
:10E290000823237038BDFBF76DF9DDE70448BDE8BE
:10E2A0003840FDF76DBB00BF00140020B84C0020C3
:10E2B0001885020808B5074B93F89801F0F7B4F8F1
:10E2C000EEF760F8044B01221A70BDE80840FDF734
:10E2D00053BE00BFB84C002030130020074991F80E
:10E2E000C13122B1003318BF012353717047B3FA13
:10E2F00083F35B0981F8C131FDF73EBEB84C0020C5
:10E300002DE9F0410122A8B0054632493248E8F72C
:10E310002BFD50B14FF4FA6230493148FCF742FE10
:10E32000FDF72AFE28B0BDE8F0812E4B29491A7866
:10E330002D4B12A853F822302693E9F747F90446EB
:10E340000028E7D16B1EC3EB03135B0003209EB2D2
:10E3500001F0A4FD01F04CFD012001F0BBFE234FB4
:10E3600006F11D0802A912A8FAF792FF90B9A64279
:10E3700008DCA04506DBC6F104000DF122012044B3
:10E38000FAF71CFD3B880134002BEBD006F11E038D
:10E39000A342E7D112A8E9F763F93B88144E43B9C9
:10E3A0003C80ACB1A4B21D341E23B4FBF3F4A4B280
:10E3B0003480FAF709FD338800930E4A2B4640F269
:10E3C0003111DB2001F094FE002001F083FEA9E76B
:10E3D0000124EDE7974B0208C8800020067A020866
:10E3E000EA7A020899710020A87D02088C71002049
:10E3F0000E7200200E7A02080D4A1378032B15D0F6
:10E400000C48002303800C480380032010700B4A43
:10E4100011700B4A012010800A4A13800A4A4FF0FB
:10E42000FF311160094A1380FFF76ABF704700BFD0
:10E43000B97200200C140020905D0020997100201A
:10E44000887100208C710020A4720020A07200202E
:10E4500008B562B30629374B07D193F89F31364987
:10E46000073B51F82330936008BD081F80B2012894
:10E4700007D893F8A0013149314B042818BF0B4647
:10E48000F1E70A2906D193F8A131003318BF01231F
:10E490005371E9E70B2902D193F8A231F5E793F81C
:10E4A0009E0188420CBF052104215171DCE7062939
:10E4B000084611D11F4B93F89F210132D2B2092A8D
:10E4C00088BF072283F89F2193F89F01ECF70CFD8A
:10E4D0001C4B01221A70C7E70A2908D1154A92F885
:10E4E000A131B3FA83F35B0982F8A131F0E70B297C
:10E4F0000AD1104991F8A231B3FA83F35B0981F88C
:10E50000A231114B1A60E3E70B1F9BB2012B09D814
:10E51000084B93F8A021042A0CBF0522042283F89B
:10E52000A021D5E70329D3D0ECF7DEFCFDF724FDCD
:10E53000CEE700BFB84C0020581400204F970208C7
:10E540004C970208B02200204028002008B50B4953
:10E5500091F8B23122B1003318BF0123537108BDC5
:10E56000B3FA83F35B0981F8B231FDF705FDF9F7E2
:10E5700051F8BDE80840F9F745B800BFB84C002095
:10E5800008B522B1054B93F8FD35537108BDEBF783
:10E590000DFCBDE80840FDF7EFBC00BFB84C002003
:10E5A00008B5094B094A1A60094B00221A70094B39
:10E5B00093F89A31032B8CBF34200620FDF766FDBB
:10E5C000BDE80840FDF7D8BCBC7100208D90020862
:10E5D000A0710020B84C002008B542B1074B93F859
:10E5E000A30188420CBF05210421517108BD0846D2
:10E5F000ECF752FBBDE80840FDF7BEBCB84C00206C
:10E60000024B83F8C011FDF7B7BC00BFB84C002027
:10E6100008B50B4991F8A53122B1003318BF012389
:10E62000537108BD002B0ABF0122002281F8A431DA
:10E6300081F8A521F9F73EF8BDE80840FDF79CBC3C
:10E64000B84C002008B5BAB11A4B1B78D90702F1B3
:10E650000C0008D4C3F340035371174A2021BDE8CE
:10E660000840E6F717BB154B93F8A431003318BFE9
:10E6700001235371124AF1E7E9F732FC20B101207E
:10E68000BDE80840E9F736BC0C4A92F8A4310133E2
:10E69000DBB2032B82F8A43107D982F8A401F9F781
:10E6A00009F8BDE80840FDF767BC002BF7D082F8F9
:10E6B000A501F4E70014002052980208B84C00208D
:10E6C0005F9802082DE9F84FDFF81CB12DED028BA1
:10E6D000DBE9964542A1D1E900014AB18D420ABF6A
:10E6E0008442012300235371BDEC028BBDE8F88FF7
:10E6F0008D4208BF844207D0CBE99601BDEC028B66
:10E70000BDE8F84FFDF738BCBBF8D2A12F4F304E13
:10E710009FED308A1AF0010A2BD15046EFF7C6F967
:10E72000044601200D46EFF7C1F92B4B3B608046B4
:10E7300050468946FDF7AAFC29462046E2F7B2FA80
:10E74000D6ED007A07EE100A77EEC77A77EE887A70
:10E7500017EE900AE2F754FB2246CBE996012B46CE
:10E760005046EFF70BFB42464B460120EFF706FB06
:10E77000C4E70220EFF79AF9044603200D46EFF7AD
:10E7800095F9164B3B60804602208946FDF77EFCDA
:10E7900029462046E2F786FAD6ED007A07EE100AFF
:10E7A00077EEC77A77EE887A17EE900AE2F728FBC1
:10E7B0002246CBE996012B460220EFF7DFFA4246CC
:10E7C0004B460320D2E700BFAFF30080BC710020AE
:10E7D000C072002020BCBE4C8092020897920208B2
:10E7E00000E1F50500000000B84C002010B50D4810
:10E7F0000C4600784AB10C49014491F8A611A14297
:10E800000CBF05230423537110BDECF771FA082CDB
:10E8100004D10648BDE81040FDF7B2B8BDE810408D
:10E82000FDF7AABB8A710020B84C00203889020885
:10E830002DE9F84F0D46C64C42B194F8AE318B42EB
:10E840000CBF052504255571BDE8F88F1046FEF76D
:10E8500023FCEDF797FD25B394F8AE310BBB6B1E8F
:10E860000F2B00F22581DFE813F02E00A400E70053
:10E8700006011B0126013A0191019300F4010C02EB
:10E880004D0263027002230133014FF4FA62B14971
:10E89000B148FCF787FBB14A138843F0200313808B
:10E8A000002594F8AE31102B05D194F8BE3123F039
:10E8B000020384F8BE3100210846ECF719FA002063
:10E8C000EBF760FACBE74FF0020894F89801DFF815
:10E8D00098A2DFF89892EFF7A7FDA14B84F8788211
:10E8E000404684F8888284F8988284F8A88284F864
:10E8F000B88284F8C88284F8D882CAF80030FDF75C
:10E90000C5FBD9F80000E2F77BFA964BCAF8003055
:10E91000064640460F46FDF7B9FB99ED007AF6EE44
:10E92000007A67EE277A17EE900AE2F769FA7B0819
:10E930004FEA560C99424CEAC77208BF90423CBF5E
:10E9400002460B4652EA030127D0B01A67EB030CCC
:10E9500012EB020E43EB03097D4900230122984686
:10E9600010EB0E0BC1E90A0C4CEB090A01338019BC
:10E970004CEB070C082BC1E90CBA81F8212081F877
:10E98000188001F13001EBD1A4F8C221EEF744FA6E
:10E9900004210020ECF7ACF98AE00020EFF7EEF953
:10E9A0000921A6FB012301FB07330120EFF7E6F95C
:10E9B000EEE794F898016C4FEFF736FD012384F8E9
:10E9C000693284F8893284F899324FF49073A4F84C
:10E9D0007832664C664B3B600220FDF757FB20689F
:10E9E000E2F70EFA634B3B60064602208846FDF7CD
:10E9F0004DFB2068E2F704FA321848EB0103520895
:10EA000042EAC37204465B0802200F46EFF7B6F9EC
:10EA1000A21B4FF00A01A2FB012367EB080701FBD1
:10EA20000733002140F6B8308B4208BF824201D242
:10EA300002460B460320B9E794F89801EFF7F4FC7F
:10EA40004FF48373A4F87832474C4B4B2360022079
:10EA5000FDF71CFB494B23600320FDF717FB434BDD
:10EA600093ED007AF1EE007A67EE277A17EE900ABE
:10EA7000E2F7C6F9DCE794F898013B4CEFF7D4FCD9
:10EA80003D4B23600220FDF701FB3D4B236003203B
:10EA9000FDF7FCFA354BF0EE087A93ED007AE3E7E8
:10EAA000012384F8793284F889320520EBF762F883
:10EAB000FDF762FA21E1012384F8793284F8893282
:10EAC000294B304A1A602820FDF7E0FA0620EDE7CE
:10EAD00094F8BE3143F0020384F8BE31E8E794F8BD
:10EAE0009801DFF88480EFF79FFC4FF49173A4F84E
:10EAF0007832A4F8883202201F4BC8F80030FDF7A6
:10EB0000C5FA214BC8F800300320FDF7BFFA174BB8
:10EB10001868E2F775F9B0F5FA7641F1FF3700238E
:10EB200042F21C52BB4208BFB242FFF4AEAE052314
:10EB3000A0FB036703FB017741F2883200233046D4
:10EB40003946E2F745F9EDF7DDF932463B4671E724
:10EB5000B84C0020FE8C0208387E020828450020B0
:10EB60000E8D0208278D0208BC710020C0720020A3
:10EB70003A8D0208538D0208608D0208748D0208D8
:10EB8000858D02083B7302088F8D020894F8980166
:10EB9000DFF8F091DFF8F881EFF746FC4FF0000A5C
:10EBA000012384F8793284F8893202206E4B84F88C
:10EBB00068A2C9F80030FDF769FAD8F80000E2F75A
:10EBC0001FF902460B465046EEF7A8FD674BC9F801
:10EBD00000300320FDF75AFAD8ED007A9FED647AF1
:10EBE000F4EEC77AF1EE10FA3FF54FAE9FED617A81
:10EBF000F4EEC77AF1EE10FA3FF747AEDFED5E6A4A
:10EC000087EEA67AFCEEC77A17EE900AEDF77AF94E
:10EC10005A4BC9F800300320FDF738FADFED587A77
:10EC200098ED007AB4EEE77AF1EE10FA48BFC8ED3D
:10EC3000007A98ED007AF1EE007A67EE277A17EE07
:10EC4000900AE2F7DDF802460B460320EFF796F84C
:10EC50002EE794F89801EFF7E7FB002384F8693278
:10EC6000484C494B23600220FDF710FA474B2360C4
:10EC70000320FDF70BFA464BF0EE087A93ED007A8D
:10EC8000DBE794F89801EFF7CFFB4FF0FF30EAF79E
:10EC900023FE404B00221A604FF48A73A4F86832B6
:10ECA0000120EBF76FF89FED3C0AEBF703FD0B2D0E
:10ECB00017D1344B394A1A600220FDF7E7F9344B7B
:10ECC0001868E2F79DF802460B460020EEF726FD95
:10ECD0000320334A0023EFF751F84FF47A70EDF731
:10ECE00011F906210020ECF703F80B2D02D00D2DB1
:10ECF0007FF4DEAE2B48FCF743FE2846BDE8F84F14
:10ED0000EAF738BF284BD3ED007AB0EE007AF4EE84
:10ED1000C77AF1EE10FA10DDB3EE047AF4EEC77A9A
:10ED2000F1EE10FA09D5214BC3ED2E7A01F098FFD0
:10ED3000184B1F4A1A600D25AEE74FF47A721D4931
:10ED40001D48FCF72FF90B25B2E60E4B1B4A1A6043
:10ED50001020D4F81462FDF799F90E4BD4F8142260
:10ED60001A60C4F8146297E7608D0208B48D020837
:10ED70000000484200409C4600009643D88D02089F
:10ED80000080BB44BC710020F98D02080B8E020884
:10ED9000C07200200072002000000000398E0208BE
:10EDA000A0860100508E0208DC710020BC06002005
:10EDB000ACC52737198E0208387E0208298E020852
:10EDC00003281AD8DFE800F0020234121E4B19881B
:10EDD00000282FD14A1E92B21A8012B91B4A1288FB
:10EDE0001A80188881422ED0FFF78ABA184A1388F1
:10EDF00083F001031380F9F7E7BF10B5124C2288A6
:10EE0000031F013A1E2000FB0230FCF743F9104BB0
:10EE10001A885AB10F4900220A800F491A804FF010
:10EE2000FF3008602088BDE81040DDE7BDE81040F5
:10EE3000FDF7A2B805484A1C008892B290421A8099
:10EE4000CFD20122CCE77047887100200E720020DB
:10EE5000A07200208C710020A47200202DE9F843DC
:10EE60006E4B1E78012E5CD026B1032E00F09D80E3
:10EE7000BDE8F883F8F744FE0028F9D010F001014E
:10EE800003D0BDE8F843FCF74FBD654B5B7C032B1B
:10EE9000EED8DFE803F002060E19624B93F8C13199
:10EEA0001BB1BDE8F843F9F78BB8BDE8F843F9F7B3
:10EEB00045B85C4BB3F8D23113F0010F18BF0221F3
:10EEC000BDE8F843FAF71EB85649D1E98E45D1E9B5
:10EED00090239D4208BF94421BD1D1F8E835B3F589
:10EEE000E16F38BF4FF4E163C5060CD50A204343F8
:10EEF0001920B3FBF0F318460021F8F7D5FDBDE863
:10EF0000F843EAF77BBE8406F5D5192043430A206F
:10EF1000EFE7B1F8D23113F0010F0CBF012103214B
:10EF2000CEE7414B1A78414B53F82270F8F7E8FDD1
:10EF3000054600289CD0F8F76DFD15F0010F1FFA6B
:10EF400080F83B4C0BD0206883B2984503D8BDE8CD
:10EF5000F843FDF711B8BDE8F843FEF7A9BE2368F2
:10EF6000E80606FA03F944BF01332360A90602D577
:10EF70002368013B23602388984503D897F9003024
:10EF8000002BE4DAF8F75CFD236806FA03F343EAA2
:10EF90000900FCF789FC4FF47A70E2F747FCF8F7B8
:10EFA000E5FD05460028DAD162E7F8F7A9FD85B24C
:10EFB000002D3FF45DAF012D1D4C07D120680028C6
:10EFC000FFF656AFBDE8F843FFF7FABEF8F7DEFCF0
:10EFD00000270646AA06206803D5431E48BF3346CD
:10EFE0002360EB0605D5236801339E42B8BF3B463C
:10EFF00023602368984206D00021F9F7DFFE002144
:10F000002068F9F7DBFE4FF47A70E2F70FFCF8F7AF
:10F01000ADFD85B2002DDDD12AE700BFB972002019
:10F02000C0720020B84C0020E07100203C14002089
:10F03000A47200202DE9F04F8BB0FAF77FF8013869
:10F0400001280DD806A905A8FAF7AEF9B74B1B7829
:10F05000012B00F049815EB22EB1032B00F09B81A1
:10F060000BB0BDE8F08FB24C94F84E2C5706DDE99A
:10F07000053521D0A5F58272142A1DD81E2B1DDC62
:10F08000304600F00BFF10231A4604204FF4827123
:10F0900000F0CAFDFAF756F994F84E3CD80702D5AD
:10F0A0003046FDF775FC94F84E3C9907D8D5002101
:10F0B0000846FDF7B3FED3E71D2B6ADD059BDFF89D
:10F0C0007CB21E3B0093BDF9183003934FF4C8790E
:10F0D0004FF0FF3500265C469BF8BE313341DA071E
:10F0E0001BD5BDF900300193DFF8508273B20027C1
:10F0F000029398F869325BB1039B019AB8F86C12DD
:10F100000298F6F77DFD484502DA8146B2463D4653
:10F110000137082F08F11008EBD10136042EDBD19E
:10F120006B1C3FD094F9B531AB4203D0814A84F8CF
:10F13000B55113702F01E219002092F8683223F0C4
:10F14000200382F86832F9F753FC7B4B05F1270660
:10F1500083F810A004EB061608A907A8FAF724F90B
:10F16000079808991E3852460790F6F75FFD002869
:10F170000ADBE319A3F86C0280B2EDF703FFC6E9DE
:10F1800000012846F7F7BAFEF9F7D8FF0328E3D1C4
:10F1900066E7FAF7D7F82846FDF7A4FB00287FF4C6
:10F1A0005FAF8BE7654E002132460B4692F869024D
:10F1B00000B101310133082B02F11002F6D1FBF747
:10F1C0008FFC00283AD1059BA3F11902B2F5BC7F50
:10F1D00034D24910069F0131C1EB01118F422DDC61
:10F1E000E62BD4BF002301230F2597FBF5F503EB96
:10F1F000450596F86932DBB1CDB994F9B531834252
:10F2000010D1FAF79FF84E4B4E484FF0FF321A607C
:10F210004D4B1D70FCF7B4FB182F0FDC0020F9F7E5
:10F22000E7FB1DE784F8B501F7F768FEF4E7013D59
:10F230000130082806F11006DBD1EDE7434B1B88AF
:10F24000DDE905505A1E0A235343984239DDFAF787
:10F2500079F8B5F59B7F0BDA374B5B7C022B2CD111
:10F26000B4F8D201400000F00200FCF70FFFF7E60F
:10F27000B5F5CD7F0BDAB4F8D231354A83F001030E
:10F28000A4F8D231138843F002031380E8E62A4B36
:10F290005B7C032B13D1D4E98E01D4E990239942EE
:10F2A00008BF904207D0B4F8D23113F0010F14BF59
:10F2B00003200120D9E71320D7E70220AFE703207E
:10F2C000ADE71D2D0DDCFDF70DFB00287FF4C8AE6A
:10F2D000FAF738F81A4B4FF0FF321A60FCF724FBAC
:10F2E000BEE61828F4DC99E7174BDFF86CA01A7813
:10F2F000184B53F82240FBF7F3FBDDE905580028D3
:10F300004FF0000314BF4FF01E094FF4C879089363
:10F310001F46204610BBFBF7E3FB00287FF4A0AE9E
:10F32000FAF710F8FCF728FE9AE600BFB972002041
:10F33000BC06002094140020C0720020B84C0020AD
:10F34000A4720020248B0208E07100200A1400201F
:10F35000284500203C140020381400200278BAF818
:10F36000006002F00702052A1E440ED098450CDD0D
:10F37000B0450ADA4D4508DDA5EB090554223946AA
:10F38000B5FBF2F2FEF712FD6AE608A9F8F71AFBE0
:10F3900001373346BEE71D4DF8F7F8FADDE905768B
:10F3A000D5F8008081460024A145FFF659AE08A992
:10F3B0002046F8F7C7FABDF8202097420DDBBDF8CC
:10F3C000243013449F4208DABDF82220964204DB21
:10F3D0009DF8263013449E4201DB0134E4E72046C9
:10F3E00000212C60F9F7EAFC40460021F9F7E6FC21
:10F3F000F9F7A8FF4FF0FF33204600212B60F9F703
:10F40000DDFC2046FFF7DCFC2AE600BFA4720020EA
:10F41000024B18800120FDF7BBBA00BF8E7100209F
:10F4200010B5002A57D0144631B9584B1B785A1CD6
:10F430000633A260638010BD012909D1544B534AA1
:10F4400093F8BE311278134103F001036371F2E7C0
:10F45000022905D14D4B1A784D4B13441B7BF5E720
:10F46000052917D1494B1A78494B134404F10C0074
:10F4700093F8AA313BB101226271464A2021BDE8CE
:10F480001040E5F707BC6371434A2021BDE81040F6
:10F49000E5F700BC04290AD13C4B1A78032A02D1B3
:10F4A00016232380C7E73A4B13441B7CCEE703297E
:10F4B000C1D1364B1A78364B1344202193F8A6312C
:10F4C0001A1C18BF01226271344A04F10C0052F870
:10F4D0002330334AD3E70629ADD8DFE801F0040929
:10F4E000364A413F4C002F48BDE81040FCF748BA6F
:10F4F000274A002192F8BE310C4643FA01F0C007BA
:10F5000001F1010148BF01340429F6D11F490878EF
:10F5100043FA00F1C90714D5012C06DD0121814011
:10F5200023EA010382F8BE3185E74FF4FA621E49EF
:10F530001E48FBF737FD1E4A138843F02003138053
:10F5400079E7012181400B43ECE7104B1A78104B0F
:10F5500013441A7B82F001021A736CE71548C3E763
:10F560000A4B187802283FF666AFBDE81040EBF76B
:10F57000ABB91148B8E7054B1B7802209840013021
:10F58000C0B2BDE81040FFF743BF00BF8A71002042
:10F59000B84C0020A4940208B694020830790208FE
:10F5A000C09602082C960208C8960208E296020845
:10F5B0002845002090940208E4830208084BD3F801
:10F5C0000C1651B1074BD3E9002342F21070E0FB57
:10F5D00001230549C1E90023704700220023F8E711
:10F5E000B84C0020B07200209071002070B54FF030
:10F5F000804324495C6A0A68234BA24206D9D3E9B6
:10F600000020003240F10100C3E900200C6059687D
:10F610002046C3E900011D4BD3E9002352EA03044D
:10F6200005D08B4208BF824201D2FFF7C7FF4FF0DF
:10F6300090431D69164B1B7805F00E0543B9FBF787
:10F640004FFA28B1134B4FF0FF321A60FCF76CF9F8
:10F65000114C124E237813F0010F02D13388AB42C4
:10F6600004D0FFF7FBFB00233580237023789B0732
:10F6700003D5FFF7DFFC00232370BDE87040F9F7E6
:10F68000A5B900BF08720020B07200209071002060
:10F69000B9720020A47200200C72002010720020A9
:10F6A000024A137843F00203137070470C72002073
:10F6B00010B5094C09490A48E2F7E8FCF8F7B0FA36
:10F6C00020460849E2F7FAFC20460A21E2F70AFD43
:10F6D000BDE81040F9F77AB9B4170020FC7B0208A6
:10F6E000AC170020D87D020808B5F9F727FD0328DC
:10F6F000FBD108BD08B5F9F721FDC31E584258419A
:10F7000008BD0000094B5B68002BFBD1074B0022B2
:10F710001A60074B5B68002BFBD1054B00221A6077
:10F72000044B9B6813F0800FFAD170473000024001
:10F730001C00024000300140014B1870704700BFB0
:10F740000C300140014B1880704700BF0C30014065
:10F7500004E010F8011B064B197011464B1E9AB2BB
:10F7600029B1044B9B6813F0020FFAD0F1E7704700
:10F770000C30014000300140074BFF221A70074B4C
:10F780009B6813F0010FFAD0044B9B6813F0800FB5
:10F79000F5D1014B187870470C3001400030014022
:10F7A00008B5034B4FF400521A83FFF7E5FF08BD7D
:10F7B00000080048084BFF221A70084B9B6813F0A2
:10F7C000010FFAD0044B1B7800F8013B013989B2D4
:10F7D0000029EFD1704700BF0C30014000300140DC
:10F7E00001E0074B1B78074B9B6813F0010FF8D122
:10F7F000044B9B6813F0800FF3D1014B1B787047CB
:10F800000C3001400030014070B506464FF0804397
:10F810005D6AFFF7E5FF0024FFF7AEFFFF280AD07F
:10F82000631C13F0FF04F7D14FF080435B6A5B1B4E
:10F83000B342F1D9204670BD30B585B005460C46BF
:10F8400041F28830FFF7E0FF8DF80700FF2837D13D
:10F850008DF80850230E8DF80930230C8DF80A30EE
:10F86000230A8DF80B308DF80C40402D20D0482D08
:10F8700020D001238DF80D30062102A8FFF768FF84
:10F88000FFF7AEFF6424FFF777FF8DF8070010F055
:10F89000800F01D0013CF6D19DF8073013F09A0F8C
:10F8A0000AD19DF807309DF80700C0B205B030BD01
:10F8B0009523DFE78723DDE79DF80700C0B2F5E772
:10F8C000FF20F3E72DE9F04182B080460F4616464F
:10F8D0004FF080435D6AFFF783FF002401E0FF28BB
:10F8E00010D1FFF749FF86420ED0013414F0FF0417
:10F8F000F5D14FF080435B6A5B1BB3F5FA7FEED91D
:10F90000002402E0002400E001241CB9204602B0DB
:10F91000BDE8F0810A4BC3F80C805F6041F28102C0
:10F920001A601433074ADA605F6041F211021A600C
:10F93000FFF7E8FE02210DF10600FFF73BFFE5E7C8
:10F940001C0002406AAE020838B505460C46104657
:10F95000FFF7F2FE144BDD605C6041F291021A6029
:10F96000114B5B68002BFBD10F4B00221A604FF646
:10F97000FF70FFF7E7FEFFF733FF0A24FFF7FCFEF7
:10F98000FF2801D1013CF9D100F01F00052801D06A
:10F99000002038BD40F6C410FFF736FFFF2801D025
:10F9A0000020F6E70120F4E7300002400E4A936998
:10F9B00043F4805393610D4B002119604FF4417162
:10F9C000196041F203715960516941F001015161BF
:10F9D000A2F55F42F43A06498A6014398A601A68CF
:10F9E00042F040021A6070470010024000300140AF
:10F9F00030000240204B1B8883423CD010B50446A7
:10FA0000FFF780FE1C4B1B88042B08D8DFE803F0AF
:10FA1000030E0E131600194B4FF400621A83042CC8
:10FA200014D8DFE804F00E161C222500144B4FF406
:10FA300000521A83F3E701F051FAF0E701F072FA8D
:10FA4000EDE7104A136823F0380313600A4B1C805B
:10FA500010BD0C4A136823F038031360F6E7094A17
:10FA6000136843F038031360F0E701F027FAEDE77D
:10FA700001F03EFAEAE770470073002000040048F6
:10FA8000000800480030014070B506460D46144697
:10FA90000020FFF7AFFF0E4B9B6813F0800FFAD1E9
:10FAA0000C4B4FF400625A834FF480625A830A4B26
:10FAB0001E70074B9B6813F0800FFAD1054B4FF473
:10FAC00080621A8329462046FFF742FE70BD00BFC0
:10FAD00000300140000400480C300140F0B583B014
:10FAE00006460D4614461F46FFF70CFE2F44013F05
:10FAF00045EA07456DBA0195BDF820302344013B26
:10FB000044EA034464BA009401AA04212A20FFF7BE
:10FB1000BBFF6A4604212B20FFF7B6FF00221146E7
:10FB20003046FFF7B1FF03B0F0BD00BF2DE9F04153
:10FB300086B080460F4614461E460C9D0093134621
:10FB40000A4601462C20FFF7C9FF124BDD6006FB79
:10FB500004F25A6041F291521A600F4B1B7813B9AC
:10FB600006B0BDE8F0810D4B93E803000290ADF8BC
:10FB70000C10ADF80E80ADF81070ADF81240ADF875
:10FB8000146014FB06F2520092B2294602A8E9F76B
:10FB9000EBFCE5E7300002408E220020E42C020856
:10FBA00008B50220FFF726FF024B4FF400525A839C
:10FBB00008BD00BF0008004810B50E4B4FF40062AE
:10FBC0001A830024092C04D8FFF7D6FD0134A4B20F
:10FBD000F8E7FFF7E5FF00214020FFF72DFE0128A1
:10FBE00002D0FFF7DDFD10BD034A137863F07F03F9
:10FBF0001370F6E7000400489514002008B50120B2
:10FC0000FFF7F8FE024B4FF400525A8308BD00BFC5
:10FC10000008004800EB8000C3009BB2014A53611A
:10FC2000704700BF00740040F0B587B007460E462D
:10FC300015461C469BB2009393B28AB281B22C2027
:10FC4000FFF74CFF194A1A4BDA6004FB05F103E099
:10FC5000174B00201860891A71B14FF6FF728A4263
:10FC600028BF0A46124B5A6041F211501860104BDF
:10FC70005B68002BFBD1EBE70E4B1B780BB907B091
:10FC8000F0BD0D4B93E803000290ADF80C10ADF8F9
:10FC90000E70ADF81060ADF81250ADF814400222AD
:10FCA000024902A8E9F760FCE9E700BFFE72002004
:10FCB000300002408E220020EC2C020800B583B0F8
:10FCC00058B1E8238DF807300DF1070201213620E5
:10FCD000FFF7DAFE03B05DF804FB2823F2E700BF6C
:10FCE00010B582B0084C00949BB292B289B280B237
:10FCF000FFF71CFF054B5B68002BFBD1034B002279
:10FD00001A6002B010BD00BF047300203000024032
:10FD1000044B1B789B0203F48063034800EB430011
:10FD2000704700BFFD72002004730020034B5B6826
:10FD3000002BFBD1014B00221A60704730000240BB
:10FD4000F0B583B004460D4616461F46FFF7EEFF9A
:10FD5000FFF7DEFF0090BBB2B2B2A9B2A0B2FFF7CC
:10FD6000E5FE034A137883F00103137003B0F0BD7E
:10FD7000FD72002030B583B092B29BB212FB03F447
:10FD8000A4B2009313468AB281B22E20FFF7A6FEDA
:10FD9000FFF726FD124D2B6823F0380343F00803CC
:10FDA0002B60FFF7E9FC63009BB20E4A0699D16015
:10FDB000536041F28101116014320B49D1605360EC
:10FDC00041F211031360FFF79DFC2B6823F0380309
:10FDD0002B60064B4FF400621A8303B030BD00BFA6
:10FDE000003001401C0002406AAE020800040048D6
:10FDF00008B54FF4A0734FF4F07200210846FFF7E6
:10FE000013FF08BD30B583B01A4C4FF480632383D1
:10FE1000042565836420E1F709FD2583164C2078CD
:10FE200050B1A21C6178FFF72FFE637802331C44A7
:10FE30001420E1F7FBFCF2E7104B1A88104BA3FBF0
:10FE400002135B09642101FB13239BB2012B07D82A
:10FE5000FFF7CEFF074B4FF400621A8303B030BDAB
:10FE600000238DF8043001AA01212120FFF70CFEA8
:10FE7000EEE700BF0004004834AE0208342800203A
:10FE80001F85EB510430034B33F81020024B1A80CE
:10FE9000704700BFBC060020027300200430034BF3
:10FEA00033F81020024B1A80704700BFBC060020B8
:10FEB000FE7200202DE9F0418846069F4FF0000EAB
:10FEC0007646134D1BE016F0800F10D11149B1F8A2
:10FED00000C025F802CB7600F6B20134A4B29442F9
:10FEE00009DA14F0070FEED117F8016BEBE70A49B6
:10FEF000B1F800C0EDE70EF1010E1FFA8EFE9E452F
:10FF000001DA0024EBE74146FFF7EAFEBDE8F081A5
:10FF100004730020FE720020027300200A291ED004
:10FF200030B583B00546163901EB810301EB43017F
:10FF30000F4B5C5C04F00704C4F10804A4B219443C
:10FF400000910B232246B0F90A10B0F90800FFF720
:10FF5000B1FF2B891C442C81002003B030BDB0F9C7
:10FF60000430038143890B3343810020704700BF75
:10FF70000CC802080A291CD030B583B005461639D2
:10FF8000C1EBC1010F4B5C5C04F00704C4F1080431
:10FF9000A4B21944009107232246B0F90A10B0F91F
:10FFA0000800FFF787FF2B891C442C81002003B039
:10FFB00030BDB0F904300381438908334381002008
:10FFC000704700BF10B302082DE9F04182B005462A
:10FFD000884617460E4612E0163BC3EBC3030D4A94
:10FFE0009918D45C04F00704C4F10804A4B2009189
:10FFF0000723224639463046FFF75CFF26442B781C
:020000040802F0
:100000002BB101350A2BE7D108374646F7E702B096
:10001000BDE8F08110B302082DE9F04182B0054639
:10002000884617460E4601E00B3746462B78F3B15B
:1000300001350A2BF8D0082B15D0163B03EB8302B1
:1000400003EB42030B4A9918D45C04F00704C4F193
:100050000804A4B200910B23224639463046FFF72C
:1000600029FF2644E2E71320FFF70CFFDEE702B08A
:10007000BDE8F0810CC802082DE9F04182B00546C8
:10008000884617460E4617E0163BC3EBC3039A009B
:100090000F4BD11801329C5C04F00704C4F10E042C
:1000A000A4B200910E232246092C38BF09223946FA
:1000B0003046FFF7FFFE26442B782BB101350A2B83
:1000C000E2D110374646F7E702B0BDE8F08100BF45
:1000D000F0B5020818B9034A034B1A607047034A87
:1000E000FAE700BF75FF0108981400201DFF010802
:1000F0000CB430B589B00CAA52F8044B0023049319
:1001000005930C4D2D680695079304AB0193ADF84C
:100110000800ADF80A10ADF80C00ADF80E10009212
:10012000214601A8E4F776FB09B0BDE8304002B0F3
:10013000704700BF981400202DE9F047089CA0F1FB
:100140001605C5EBC505A8002C4D00EB05090130CF
:1001500015F800E0A1424FDC0EF0070ECEF10E0EB6
:100160001FFA8EFE1F4603FB0E10A04205DDA4EB16
:10017000010E9EFBF3FE1FFA8EFE4FF0000A204890
:1001800025E0204D2D8820F8025B0134A74205DDD3
:1001900016F4004FF5D11C4D2D88F4E70CF1010C3D
:1001A0007600B6B2E64501DD0024EFE708F101086C
:1001B000474508DDB9F80040260A46EA0426B6B2EB
:1001C0004FF0000CEEE70AF1010A09F10209BAF159
:1001D0000D0F02DC4FF00008EAE71546084603FB66
:1001E0000EF4C3EBC3035A00134622462946FFF719
:1001F00077FD2046BDE8F0870024FAE7F0B5020855
:100200000473002002730020FE7200202DE9F041EB
:1002100082B005460C4690461F46089E287840B19D
:10022000013500963B4642462146FFF785FF0444D0
:10023000F4E7204602B0BDE8F08100BF10B582B0FF
:100240000C4611462C23054A03FB00200090162380
:1002500010222046FFF72EFE02B010BD98AE020815
:100260002DE9F8438046894615461F46234A1188E2
:10027000234B188810801980A8451CDC3B464F464C
:1002800099462B464546984615E096FBF4F6012420
:1002900009E0531EC2F10104B4421ADD93FBF6F4E7
:1002A000002C21DD01262346324639462846FFF739
:1002B000BBFC35442744454518DCA8EB05035E1C10
:1002C000B9EB0702E5D4541C9342DEDA94FBF6F452
:1002D000E6E796FBF4F64FF0FF34634232463919F5
:1002E0002846FFF7A1FCE4E70126F6E7034A118858
:1002F000034B188810801980BDE8F8830273002032
:10030000FE720020034B1B6913F4805F0CBF0120B9
:100310000020704700040048024A137803F07F036E
:10032000137070479514002008B502F09DF808BDC1
:10033000534B1B782BB1534B93F90030002BC0F279
:100340009D8008B10120704730B583B04D4C01232A
:100350002370FFF731FC207810F0800F01D103B03B
:1003600030BDFFF71DFC00214020FFF765FA054670
:1003700001280ED00025FFF713FA414B1D70002D08
:1003800079D0404A137823F0010313703D4B18785D
:10039000E5E74FF4D5714820FFF74EFA012807D062
:1003A00000217720FFF748FA012836D9642447E076
:1003B00004216846FFF7FEF9009A334B9A4201D0B8
:1003C0000025D8E7642404E06420E1F72FFA013C1B
:1003D0000CD000217720FFF72FFA0128F4D84FF036
:1003E00080416920FFF728FA0028EDD10CB90025DB
:1003F000C1E700217A20FFF71FFA08B10025BAE70C
:1004000004210DEB0100FFF7D5F9019B13F0400F1C
:1004100001D00C25AFE70425ADE700216920FFF7E7
:100420000BFA0128C2D80225C0E700217720FFF788
:1004300003FA01280FD96420E1F7F8F9013C07D04D
:10044000022DF2D000214120FFF7F6F90028F2D169
:1004500044B900258FE700216920FFF7EDF9002856
:10046000E9D1F5E74FF400715020FFF7E5F90028D6
:1004700081D000257FE7FFF74FFF87E70020704717
:10048000FC72002095140020000001AA10B9024B54
:10049000187870470120704795140020002838D143
:1004A000F8B50D4616461C461C4B1B7813F0010F81
:1004B00031D11B4B1B7813F0080F00D15602FFF708
:1004C0009DFB012C1ED05227154B1B7813F0080FF3
:1004D00000D1760231463846FFF7AEF950B9FE2218
:1004E0004FF400712846FFF7EDF918B105F50075D6
:1004F000013CF4D1522F07D0FFF752F9201C18BF4E
:100500000120F8BD5127DFE700214C20FFF794F9C7
:10051000F2E7032070470320F3E700BF95140020A3
:10052000FC72002060BB70B50E4615461C46174B8A
:100530001B7813F0010F25D113F0040F24D1FFF71E
:100540005DFB10E029465820FFF776F990B9FE22AE
:100550004FF400713046FFF7F7F958B1013506F551
:100560000076013C06D00A4B1B7813F0080FE9D146
:100570006902E8E7FFF714F9201C18BF012070BDDD
:10058000032070470320FAE70220F8E795140020C3
:10059000FC72002010B5B8B90D4B1B7813F0010F99
:1005A00014D10C46FFF72AFB24B10424FFF7F8F816
:1005B000204610BD4FF4FA60FFF726F9FF2801D05E
:1005C0000424F3E70024F1E70324F1E70324EFE731
:1005D0009514002031B1B0FBF1F301FB1303084681
:1005E0001946F7E7704700BF10B5074C4FF480433A
:1005F00063831420EEF714FF4FF400536383142039
:10060000EEF70EFF10BD00BF0004004838B5094CDE
:100610004FF4804565831420EEF702FF4FF400533A
:1006200023831420EEF7FCFE25831420EEF7F8FE5A
:1006300038BD00BF0004004870B5002407E00D4B32
:100640004FF400525A831420EEF7EAFE3046461E5D
:1006500070B1084D4FF400532B831420EEF7E0FEE9
:1006600064002B6913F4804FE9D044F00104E6E7FD
:10067000204670BD00040048F8B50746802412E00B
:10068000154B4FF480425A831420EEF7C9FE124DE9
:100690004FF400562E831420EEF7C2FE6E83142012
:1006A000EEF7BEFE64084CB12742E9D00A4B4FF486
:1006B00080421A831420EEF7B3FEE8E70120FFF72B
:1006C000BBFF002814BF0124002401D12046F8BD3F
:1006D000FFF79CFFFAE700BF0004004870B504462E
:1006E0000D461646FFF780FF600000F0FE00FFF7A2
:1006F000C3FF58B92846FFF7BFFF50B93046FFF790
:10070000BBFF48B9FFF782FF002070BD4FF0FF30FC
:10071000FBE76FF00100F8E76FF00200F5E700BFBC
:1007200008B50A4601466020FFF7D8FFC043C00F56
:1007300008BD00BF70B504460E461546FFF754FFCE
:10074000600000F0FE00FFF797FF60B90024AC42A4
:1007500005DA305DFFF790FF40B90134F7E7FFF7A6
:1007600055FF002070BD4FF0FF30FBE76FF0010038
:10077000F8E700BF08B50A4601466020FFF7DAFF38
:10078000C043C00F08BD00BF10B584B01C4C248806
:10079000ADF80C4014464ABB0439C901012304AA30
:1007A000104410F8042C8DF800201A0A8DF801204E
:1007B0008DF80230C1F301428DF803200A0A8DF84A
:1007C00004208DF805101B0B03F0F003C4F3034263
:1007D00013438DF80630230A8DF807308DF8084052
:1007E00009216846FFF7C6FF04B010BDD401B4FB71
:1007F000F3F202EBC111A1F5007103FB1244CEE745
:10080000F42C0208F0B587B004460F461D460C9B39
:100810009DF8386031484168ADF81410090C8DF826
:1008200016108168ADF81010090C8DF81210042A0A
:1008300013D03DB902F10072043AD2012846AC4609
:1008400001230FE0E901B1FBF3FC0CEBC212A2F5AE
:10085000007203FB1C1C002004E00C2001234FF05D
:10086000000C624606A9214411F8041C8DF80410FE
:10087000190A8DF805108DF80630C2F301410143C5
:10088000C9B20D9801438DF80710110A8DF80810B0
:100890008DF809201B0B03F0F003CCF30342134344
:1008A0008DF80A304FEA1C238DF80B308DF80CC000
:1008B000092101A8FFF75EFF46F00C01012F0AD0C5
:1008C0000DB941F0400106AB1C4414F8080CFFF7C9
:1008D00027FF07B0F0BD46F02C01F1E7F42C020829
:1008E0002DE9F04184B0074688461C4692FBF3F69A
:1008F00003FB162519462846FFF76CFE95FBF0F31F
:1009000094FBF0F0B0F5801F02DB5B104010F9E7BC
:100910009DF82C2002920A9A0192009032465FFACA
:1009200088F1F8B2FFF76EFF04B0BDE8F08100BFB8
:100930002DE9F04385B081460E46984603FB02F24E
:10094000164B83FB0213D717C7EBE357144D05FB78
:100950000725144C21462846FFF73CFE95FBF0F294
:1009600094FBF0F3B3F5801F02DB52105B10F9E744
:10097000F6B2F9B23046FFF707FF9DF83030029328
:100980000023019301220092424631465FFA89F02A
:10099000FFF738FF05B0BDE8F08300BF9D319547F4
:1009A000803C36FE80C3C90138B504460D46FFF7CA
:1009B0001BFE600040F00100C0B2FFF75DFE58B9B9
:1009C0002846FFF759FE50B90820FFF735FE0446C8
:1009D000FFF71CFE204638BD4FF0FF34FAE76FF0FA
:1009E0000104F7E710B50C4601466020FFF7DCFF75
:1009F000002802DB2070012010BD0020FCE700BFB2
:100A000010B582B0FF238DF80730202383F31188BF
:100A10004FF080435C6A002383F3118803E09DF963
:100A20000730002B1BDA202383F311884FF080431B
:100A30005B6A002282F311881B1B42F20F72934201
:100A40000AD80DF107010020FFF7CCFF0028E6D1FE
:100A5000FF238DF80730E2E7002002B010BD01202F
:100A6000FBE700BF10B582B0202383F311884FF05D
:100A700080435C6A002080F31188FF238DF80730E3
:100A80000DF10701FFF7AEFF10B9FF238DF8073016
:100A90009DF8073013F0600F06D102B010BD9DF82D
:100AA000073013F0600FF8D0202383F311884FF044
:100AB00080435B6A002282F311881B1BB3F57A7FA7
:100AC0000AD20DF107010020FFF78CFF0028E6D1C4
:100AD000FF238DF80730E2E7014B01221A70DCE7B3
:100AE0000483002070B5FFF78BFF064690B10A4CD7
:100AF00025783DB1013429462046FFF73BFE40B141
:100B00002C44F5E7FFF7AEFF044B1B7813B100262A
:100B100000E00646304670BD6CAE0208048300203B
:100B200070B582B005460C461646124B99420ADD56
:100B3000114B994216DC009206230A460021FFF76A
:100B4000F7FE02B070BD012300221E211046FFF700
:100B50001BFE0196002100912346084A2846FFF714
:100B6000BFFEEEE7009204230A460021FFF7E0FEF5
:100B7000E7E700BF00E1F5057FD1F00800E9A43503
:100B800070B584B0044615461E4601230022C9B242
:100B90001046FFF7F9FD0296002101910123009311
:100BA0000B462A46E0B2FFF72DFE04B070BD00BF31
:100BB000034BDB68012BFBD0014BD868704700BFAB
:100BC0000020024038B50546FFF7F2FF084C2369C4
:100BD00043F0020323616561236943F0400323610D
:100BE000FFF7E6FF236923F00203236138BD00BF4E
:100BF0000020024008B5202383F31188FFF7E2FFAD
:100C0000002080F3118808BD70B505460E46FFF739
:100C1000CFFF064C236943F0010323612E80FFF7C9
:100C2000C7FF236923F00103236170BD0020024048
:100C3000034B044A5A6002F188325A60704700BF81
:100C400000200240230167450346014400208B42F7
:100C500004D253F8042B02EBF070F8E7704700BFA2
:100C600070B5124C124B23604FF446612046FFF7DB
:100C7000EBFFC4F8600C0022C4F8642CFFF7D8FF27
:100C80000C4D2846FFF7B6FF0B48FFF7B3FF40F2C5
:100C900034635E1E002B07DD34F8021B2846FFF785
:100CA000B3FF02353346F4E7002070BDBC060020D8
:100CB0006E4E4F4300C0030800C80308184B1A6863
:100CC00003F16D5303F5382303F66E639A421ED188
:100CD00010B5134C4FF446612046FFF7B5FF0021D5
:100CE00004F54664D4E90023994208BF904211D12B
:100CF0000C4C40F668420A49204601F0B1FF94F8D6
:100D00004E3C53B9812284F84E2C002010BD4FF088
:100D1000FF3070474FF0FF30F8E70020F6E700BFE4
:100D200000C00308BC060020042833D870B500F5C5
:100D300080357A35ED02194C194B236003F14E438F
:100D400003F5650303F60B03C4F828364FF4C561B9
:100D50002046FFF779FFC4F82806FFF769FF05F57D
:100D6000C6662C46B4420DD34FF446730B4C5E1E40
:100D7000002B0DDD34F8021B2846FFF745FF023536
:100D80003346F4E72046FFF735FF04F50064E9E752
:100D9000002070BD4FF0FF30704700BFB84C0020FE
:100DA0006D4E4F4310B5042812D800F580347A34C4
:100DB000E4022268094B9A420CD14FF4C5612046E7
:100DC000FFF742FFD4F82836984205D1204610BDDF
:100DD0000024FBE70024F9E70024F7E76D4E4F43BA
:100DE000042840D838B500F580347A34E40222680B
:100DF000234B9A423AD14FF4C5612046FFF724FFB6
:100E0000D4F82836984234D11E4D4FF4C66221469C
:100E1000284601F025FFE8F707FCECF715FF95EDF4
:100E2000840AEDF76FFA95ED830AEDF705FAF6F708
:100E300041FCEAF7EBFF144B01221A701349D1F879
:100E4000182CD1F81C3C0CA1D1E900018B4208BF41
:100E5000824204D00E49C1E90023002038BD0D4B69
:100E6000D3E90023F6E74FF0FF3070474FF0FF3033
:100E7000F4E74FF0FF30F1E700E40B54020000000C
:100E80006D4E4F43B84C002000140020BC060020DB
:100E900088540020D81E002010B5FFF7C9FE054C6D
:100EA000054B9C4205D82046FFF7A4FE04F50064DC
:100EB000F6E710BD00C00308FFF70308054A064B1C
:100EC00011681960136823F0380343F008031360B6
:100ED000704700BF0030014038830020024B1A6881
:100EE000024B1A60704700BF388300200030014079
:100EF000084B09491A68094B1A60094A13680B60C4
:100F000023F47C6343F48863136020235383082312
:100F10005383704700300140348300203883002021
:100F200000040048044B1A68044B1A60044B1A680A
:100F3000044B1A60704700BF34830020000400484F
:100F400038830020003001404FF090434FF40042BE
:100F50005A83704770B5124C05460320FEF74AFDD0
:100F6000236823F0380343F0100323600D4B1D70FA
:100F7000A3681B06FCD44FF090454FF400462E8327
:100F80000220EEF74DFA6E830220EEF749FA23684D
:100F900023F0380343F008032360012070BD00BF35
:100FA000003001400C300140084B40225A83084B6E
:100FB0000A0E1A70C1F307421A70C1F30722C9B2B0
:100FC0001A701970034B01221A7070470004004810
:100FD0000C3001400C830020054B1B7833B1054BCE
:100FE0009A681206FCD4044B40221A83704700BF53
:100FF0000C8300200030014000040048874A2DE99E
:10100000F84F1368DFF87482854C864FDFF870B2B2
:10101000DFF87092DFF870A2834E844D23F038031E
:101020001360834AD8F800101268002A00F09580F7
:10103000804A914206D011462088FFF7B5FF7D4ACD
:10104000C8F800207C483B883A880788BBF8001025
:10105000FF02120302F4FE2247EA0157174399F8F0
:10106000002047EA02279AF80020DB0947EAC20776
:1010700047EA036747F40007336847F0E407BB42D9
:1010800006D0FFF7A9FF39462088FFF78DFF3760AC
:101090006A4B1E886A4B1B88F60046EAC356694BAA
:1010A0001B8846EA8346684B1B7846EAC3362B68A2
:1010B00046F00306B34206D0FFF78EFF3146208884
:1010C000FFF772FF2E60614A614B15781B88614EF5
:1010D0006D0145EA8365604B1B7845EA43655F4BCC
:1010E0001B8845EA83355E4B1B7845EA432545F06E
:1010F0004045336845F0C205AB4206D0FFF76CFFB0
:1011000029462088FFF750FF3560564B1B8848F270
:101110000105554E45EAC3053368AB4206D0FFF7DB
:101120005BFF29462088FFF73FFF35604F4A504B51
:1011300011881B88C90041EAC331FFF74DFF2088A1
:10114000FFF732FFFFF748FF344A136823F03803F4
:1011500043F008031360BDE8F88F464A914206D079
:1011600011462088FFF720FF424AC8F800203B883C
:101170009AF80070BBF80020FF0047EA025747EAE0
:10118000033799F8003047EA032747F4000733682C
:1011900047F0E407BB4206D0FFF71EFF3946208820
:1011A000FFF702FF3760254B1E88264B1B88F60091
:1011B00046EA8346244B1B7846EAC3362B6846F042
:1011C0000306B34206D0FFF707FF31462088FFF73A
:1011D000EBFE2E601D4A1E4B15781B881D4E6D01BF
:1011E00045EA83651C4B1B7845EA43651B4B1B880E
:1011F00045EA83351A4B1B7845EA4325336845F0A9
:10120000C205AB4206D0FFF7E7FE29462088FFF76C
:10121000CBFE3560134B184D1B887AE70030014038
:101220002C830020B4140020608300205C83002005
:10123000602800200500400044830020BC140020EA
:10124000B6140020BA140020B814002042830020F5
:101250002E83002058830020508300209E140020FD
:1012600029830020C6140020548300202A830020F4
:101270009C140020050058000180000864830020B1
:101280004083002021830020688300202DE9F0475F
:101290001F46944B1C681646002C00F0C4807BA3AC
:1012A000D3E90023BB4208BFB242C0F0DC8079A37F
:1012B000D3E90023BB4208BFB242C0F0DC8077A371
:1012C000D3E90023BB4208BFB242C0F0D68075A369
:1012D000D3E90023BB4208BFB242C0F0C68073A36B
:1012E000D3E90023BB4208BFB242C0F0C08071A363
:1012F000D3E90023BB4208BFB242C0F0BA806FA35B
:10130000D3E90023BB4208BFB24234BF06240724FE
:10131000754B764A1C80D2F8FC0BD2F8003C744A1C
:1013200012684AB11F22A0FB020102FB0311002335
:101330001D22DFF74DFD0B466E4A6F4D1278C5E951
:1013400000031AB100185B41C5E900036B4B1A8812
:10135000012A06D9D5E900010023DFF739FDC5E9E7
:101360000001674BA4F12001B3F8008006FA01F1F7
:10137000C4F1200207FA04F326FA02F20B434FEA03
:10138000480A1343D5E90095642202FB0AF206FAE3
:1013900004F0A0FB020102FB03114A462B46DFF7D3
:1013A00017FD0130B0FBFAF39EB20AFB160A55494D
:1013B00055480E80CAF34F0AD045A4F12003C4F16A
:1013C00020025CD9A0F800A00E88018808FB061650
:1013D000F117754309FB0155A6FB09672F4426FA4F
:1013E00004F107FA02F21143642227FA03F002FB28
:1013F00008F2D317084327FA04F1DFF7E9FC434B5F
:1014000004460D46D3E90001A94208BFA04206D018
:10141000C3E900453E4B01221A70FFF7EFFD20465D
:101420002946BDE8F08727A3D3E90023BB4208BFC4
:10143000B242FFF46DAF25A3D3E90023BB4208BF3E
:10144000B24218D323A3D3E90023BB4208BFB24260
:1014500013D322A3D3E90023BB4208BFB24234BF57
:101460000324042454E7002452E7032450E704240F
:101470004EE705244CE701244AE7022448E7AAEB9B
:10148000080A0136A0F800A00E809DE7005ED0B2E9
:1014900000000000002F6859000000008017B42CE5
:1014A00000000000C00B5A1600000000E0052D0BE4
:1014B000000000006015320800000000B00A1904A6
:1014C00000000000005621830000000000AB9041A6
:1014D000000000008055C82000000000C02A6410F1
:1014E000000000006028002040830020BC0600208F
:1014F0006C83002050830020708300209E14002005
:10150000C61400209C1400202A8300204883002059
:101510000D830020074B084A00200021C3E9000189
:1015200000231360054A1360054A1360054A1360DF
:10153000704700BF48830020548300205883002058
:101540005C83002060830020014B1880704700BF3F
:10155000C6140020014B1888704700BFC614002035
:10156000704700000D4B1A68824215D018600022A7
:101570000B4B90421A700EDA01221A704042094B4E
:1015800080B218800128084B94BF0020012083F806
:101590000806E8F717B8F2D1704700BF3083002083
:1015A000508300209E140020B84C0020034B1A7872
:1015B000824202D01870FFF721BD704729830020B6
:1015C000014B1878704700BF2983002008B5074BEE
:1015D0001A78824208D01870FFF710FD4FF47A7025
:1015E000BDE80840EDF71CBF08BD00BF68830020C0
:1015F000054B1A78824205D0003018BF01201870C0
:10160000FFF7FCBC704700BF2183002008B5084BE2
:10161000B0FA80F01A884009824207D01880FFF79C
:10162000EDFC6420BDE80840E0F700B908BD00BF4C
:101630004483002008B5094BB0FA80F01A784009BD
:10164000824209D0064A18701080FFF7D7FC642048
:10165000BDE80840E0F7EAB808BD00BF42830020BB
:101660004483002008B5054B4FF0FF3218681A601C
:10167000FFF778FFBDE80840FFF7C0BC30830020CB
:1016800008B50C4B1A68824212D018600A4B1B68CE
:1016900053B148B100231D221F211846FFF770FAED
:1016A000BDE80840FFF7DEBF1E2200231146F4E725
:1016B00008BD00BF6C8300200883002038B5214B93
:1016C000214D40221A83FFF70DFA2860C8B11F4B45
:1016D000D3F8FC0BD3F8003C1E24A0FB040104FB50
:1016E000031140F6B8320023DFF772FB00220146F7
:1016F0001046FFF715FA0023224621461846FFF749
:101700003FFA134A00232B601370124B1B6843B936
:10171000114B01241C80FFF771FC104B1C70FFF76C
:101720006DFC06A3D3E900230020FFF7AFFD0C4BAF
:1017300000221A80BDE83840FFF760BC005ED0B2DE
:10174000000000000004004808830020BC060020C0
:101750002983002060280020BA140020B81400203B
:101760002E830020054B064A1169890501D500200A
:101770007047013BF8D14FF0FF30704740420F00F7
:1017800000040048F8B5054603200F4614461E46DF
:10179000FEF730F9FFF7E6FF10B14FF0FF30F8BD6C
:1017A000214B4FF480725A83204B214A2F44AF4281
:1017B00029D19A681506FCD41B4B4FF480721A830A
:1017C000002CECD0194A1A4B9168C90722D4FFF7B4
:1017D000C9FF0028E1D1144B15494FF480725A8398
:1017E00044230B70FF230B70104B9A681706FCD430
:1017F0000B880E4B2644FF22B4420DD10A4B4FF406
:1018000080721A83CBE799688907FCD515F8011B0C
:101810001170CCE71978D7E70A709D68ED07FCD501
:101820000D7804F8015BE7E7000400480030014050
:101830000C30014007B534238DF8043000238DF8B7
:1018400005001A46022101A8FFF79CFF03B05DF8CE
:1018500004FB000013B50B4B009343BAADF8043002
:1018600000231A46044606216846FFF78BFF064B05
:1018700001221A700034054B18BF01241C7002B0FD
:1018800010BD00BF1120020D1B8300201A83002011
:1018900007B5222301AA8DF8043001210323104645
:1018A000FFF770FF9DF80600C52884BF00F1FF30E8
:1018B000C0B203B05DF804FB07B513238DF8003008
:1018C0000D4B1A788DF801205A788DF802209A78FD
:1018D0008DF80320DA781B798DF8053000238DF818
:1018E000042008211A466846ADF80630FFF74AFF83
:1018F00003B05DF804FB00BFC0140020034B1A5C6A
:101900008A4202D01954FFF7D7BF7047C014002095
:101910000B4B18600B4B1B788BB107B50A4B009330
:10192000002308218DF805001A4668468DF804103A
:10193000ADF80630FFF726FF03B05DF804FB7047F3
:10194000B0140020168300201122040037B51C4B70
:10195000054618681B798DF80430002300901A465C
:1019600005216846FFF70EFF164B0093164B002427
:101970001B688DF8053008212346224668468DF8FD
:101980000410ADF80640FFF7FDFE31238DF800305E
:1019900022462346072168468DF80150ADF80240E3
:1019A000ADF804408DF80640FFF7ECFE074B01222E
:1019B0004FF47A701A70EDF733FD03B030BD00BFFD
:1019C000002D020811220400B0140020168300200C
:1019D00007B532238DF8043000231A46012101A8EF
:1019E000FFF7D0FE024B00221A7003B05DF804FB33
:1019F000168300201FB50023CDE901338DF80C308C
:101A000001AA20238DF80430012108231046FFF796
:101A1000B9FE05B05DF804FB13B5041E12DB072107
:101A20000020FFF76BFF0A4B0093E400002344F013
:101A300040041A46052168468DF80440FFF7A2FECF
:101A400002B010BD01210020FFF758FFF8E700BFEA
:101A50001100010107B500236A46CDF80230ADF848
:101A6000063041F21403ADF800301046082303217C
:101A7000FFF788FE9DF804209DF805309FED157A4C
:101A8000DFED156A03EB022307EE903AF8EEE77AF2
:101A9000124B67EE877A9FED127A93ED000A17EEEC
:101AA000A67AF0EE477AB6EE007A70EE476AF4EE68
:101AB000E76AF1EE10FA06D530EE077AB4EEE77A6F
:101AC000F1EE10FA03DCC3ED007AB0EE670A03B062
:101AD0005DF804FB00C0604400008039D814002089
:101AE0000080924310B504460320FDF783FF0320D6
:101AF000FDF780FF0D4B4FF480725A830C4B1A4652
:101B000099688907FCD50B4B1C70916808060BD4AB
:101B1000FF221A70064A9168C907FCD51878034B52
:101B20004FF480721A8310BD1978EEE70004004864
:101B3000003001400C30014013B504465120FFF73E
:101B4000D1FF00F0FD00052807D0FFF7B5FE0346E2
:101B500048B14FF0FF3002B010BD0320FFF76AFE1E
:101B60000028F2D0F5E732228DF80020074AADF8C0
:101B7000020001920821024668468DF80140FFF7F5
:101B800001FE0028E5D1024B1870E4E700000808C8
:101B90001683002007B5084B53F8080F00901B79F7
:101BA0008DF8043000231A4605216846FFF7EAFD48
:101BB00003B05DF804FB00BF002D0208014B186064
:101BC000FFF748BE1C830020024B1B68184400B27C
:101BD000FFF740BE1C8300202DE9F04F8B464FF0ED
:101BE000804185B0384FDFF8ECA0D7F8F485002AA3
:101BF00099464B6A02934FF0000114BF0223012360
:101C000001934FF480440E46304B03911B78002B18
:101C100047D1FFF73DFE03992D4B5854B7F8CA3111
:101C20004D1CAB42D8BF0025012E17D0022E45D047
:101C300066B9013BAB4209D14FF0804301265A6A95
:101C4000029BD21A64235343C7F8EC35B8F1000F56
:101C500002D04046EDF7E4FB2946D5E758452CBFB6
:101C60000020012040EA4404A4B224F00404019AB4
:101C7000A4B2A242EAD1B9F1080F09D0B9F1090F13
:101C800012D0B9F1070F01D1CAF800500226DDE7E2
:101C9000104B1D600F4B1A680F4B1A800F4B01221F
:101CA0001A7005B0BDE8F08F05EB53029342D6BF22
:101CB000D31ACAF80020CAF80030E7E7DAF8003093
:101CC000AB42C3D1E6E700BFB84C00200C72002045
:101CD000C4200020248300202283002028830020A9
:101CE0002DE9F84303200E46FDF784FE1E4A1F4DE2
:101CF0001368D5F8F44503F16401A14205D904F154
:101D000064018B423CBFE41864084FF080431460C8
:101D1000D3F8248072B6DFF86490374614B12046B9
:101D2000EDF77EFBFFF7B4FDB5F8CA3109F80700FF
:101D30000137BB42F2DC62B64FF0804326EAE6761A
:101D40005A6A6423A2EB08025343C5F8EC35084BEA
:101D5000084A1E60B5F8CA31013B1380064B0122C8
:101D60001A70BDE8F88300BF3C830020B84C002007
:101D7000248300202283002028830020C420002008
:101D80002DE9F843144EDFF85890DFF85880134FD0
:101D9000002434702546FFF77BFD99F84C3C33B1A5
:101DA0000001B8603378002BF5D0BDE8F883854298
:101DB00038BF0546B4F57A7FEDB209D9013DEDB2E1
:101DC0001C46281AC0B218F800301B01BB60E9E7B6
:101DD0000134A4B2F5E700BF0C720020007400408B
:101DE000BC060020D0C702082DE9F8432D4CDFF8CF
:101DF000D0802378B3B12C4B2C4819684A1C405C26
:101E0000B8F8CA111A608A42A4BF00221A60284A90
:101E10001B6812889A424FEA001001D100232370F8
:101E2000BDE8F883D8F80426224CB8F8C691224FB2
:101E3000224E012A08BF23600546FFF729FDD8F886
:101E4000041601294FEA001010D12368034409F158
:101E5000FF39B9F1000F2360B8F8C6310DDCB8F8CE
:101E6000C621012A14D8B4F90000D9E723684A1E14
:101E700003FB020393FBF1F3E9E7012B02D9386876
:101E8000EDF7CEFA002DD8D03378002BD5D0E6E789
:101E9000D8F80436012BE6D1236893FBF2F32360D4
:101EA000E1E700BF2883002024830020C420002015
:101EB0002283002010830020A41400200C72002034
:101EC000B84C002007B5D0238DF8043000238DF8DE
:101ED00005001A46022101A8FFF754FC03B05DF883
:101EE00004FB0000014BB3F900007047A814002068
:101EF000014B1870704700BFAA14002007B5094BAA
:101F00000093094B1B5C8DF80430084B1B5C8DF86B
:101F1000053000231A4606216846FFF733FC03B05C
:101F20005DF804FB1120031BFCC7020804C802086B
:101F300000231A4605210148FFF724BCF4C7020814
:101F4000082847DCF8B504460320FFF773FC0C2390
:101F5000214D63430026EF58B95D71BB1F4B1868D4
:101F600008B1FFF7CBFF1E4BD3E98C23002B08BF32
:101F7000642A01D2FFF7DCFFFFF73CFDFFF728FDE5
:101F8000FFF708FE174B1B7813B30C2303FB045316
:101F90000A22B3F90430A3F596635B0193FBF2F3D5
:101FA0001BB2114A13800C2303FB04550F4B2A89E3
:101FB0001A800F4BE8881C70F8BD0023701C1A466D
:101FC0003844FFF7DFFBBB5D01331E44B6B2C3E705
:101FD000084BE6E7002070476CC10208E0140020BF
:101FE000B84C0020AA140020A81400201883002058
:101FF0002083002000F1FFFF064A0023B2F90610FB
:10200000884204DD0133082B02F10C02F6D1184698
:10201000FFF796BF6CC102082DE9F04FDFF814E21C
:102020004FF0000C8EF800C0DFF80CE27FA3D3E97C
:10203000002310EB0E0641F1FF37BB4208BFB2424E
:1020400089B079D36C4B4FF4C878C3F800C06B4D9E
:102050002B780E46044623B10020FFF7AFFD002386
:102060002B70674BA8FB0445D3F8FC7B08FB065597
:10207000D3F8006CFF1976413A463346204629468C
:10208000DEF7A6FEE90400F1FF393A463346E004E4
:1020900041EA5431DEF79CFEA0EBC94420464FF4E0
:1020A00000230021E3FB0901464307FB0166A0FB77
:1020B0000701424600233144DEF78AFEC60C0320A6
:1020C00046EA4136CD0CFFF7B5FB4E4B0593230C8A
:1020D0008DF8193064BA4C4BADF81A400793464C52
:1020E0004A4F8DF8189000231A460C2105A8FFF7D7
:1020F00049FB23683A6893420FD00833444A8DF86D
:1021000010300023039205211A4603A8FFF73AFB7B
:102110002068FFF7F3FE23683B603E4B18780028E9
:1021200054D00020FFF712FC3B4B01221A703046BE
:10213000294609B0BDE8F08F384E841926A7D7E9A3
:10214000006741F1FF35AF4208BFA64205D32A4BD5
:1021500002221A604FF4487879E7314C0319009352
:1021600041F1FF3301931EA5D5E90045DDE90023C8
:102170009D4208BF944205D31F4B01221A604FF4C1
:102180007A7864E7274B10EB030A17A3D3E90023FF
:1021900041F1FF3B5B4508BF524505D3164B032277
:1021A0001A604FF4966852E71F4B10EB030810A318
:1021B000D3E9002341F1FF394B4508BF424508D31D
:1021C0000D4B05221A604FF4166840E7FFF7B4FC88
:1021D000AAE766466546AAE7C01C3D090000000064
:1021E000405973070000000000EA320600000000BA
:1021F0000075190300000000AC1400201A830020B1
:10220000BC06002011400600000420FFE01400205E
:1022100011200151168300201583002040A380E780
:10222000C0DB63EC8017ABEFC08BD5F700E28C13FB
:102230000000000014830020804601CF2DE9F84FF4
:102240008026224FB14642F21070A7F81A90EDF79F
:10225000E7F842F210703E83EDF7E2F81C487E8307
:10226000EDF7DEF8FFF77EFA28B11A480A220021BE
:10227000FDF7AAFEE7E7DFF87080044640F2122A75
:1022800018F804500023601C1A4629464044FFF702
:1022900079FA834618B10A2200210F48E8E7013590
:1022A0002C44A4B25445EBD9E7F78CF90B4B1878C2
:1022B000FFF742FC18B10A2259460948D8E7094BF2
:1022C0004FF0FF321A60BDE8F88F00BF00040048ED
:1022D000A086010081C5020893C50208148300206E
:1022E000A9C50208E0140020BCC5020808B50020FA
:1022F000FFF72CFB024B4FF0FF321A6008BD00BF06
:10230000E0140020014B1878704700BF16830020AE
:10231000084B1A6882420CD04FF090424FF4807103
:1023200028B11183186041F28830DFF77FBA5183FA
:10233000F8E77047CC140020064B1A68824207D099
:1023400018604FF40042044B08B15A8370471A8357
:10235000704700BFDC14002000040048064B1A68D8
:10236000824207D0186018B103210320FFF7C6BAD4
:102370000221FAE7704700BFD4140020064B1A6808
:10238000824207D0186018B102210220FFF7B6BAC6
:102390000321FAE7704700BFD014002038B5054686
:1023A0000C46FFF733F92846FFF744F92046BDE80D
:1023B0003840FFF71DB90000064B1A68824207D06B
:1023C000186018B102210420FFF798BA0321FAE738
:1023D000704700BFC8140020024AD36823F080036E
:1023E000D360704700280040084AD36843F0800358
:1023F000D3604FF48023013B06D0044AD26812F028
:10240000400FF8D00120704700207047002800409E
:10241000094B1B6803F00F3020F070605A0802F07F
:10242000383222F060521044DB0803F00E3323F000
:1024300060631844704700BF00280040074B5A688B
:1024400002F00F3020F07060054B03EA520318448D
:10245000044B03EAD2031844704700BF0028004031
:102460001808780006021E0010B5FFF7D1FF0446D9
:10247000FFF7E4FFC4F34602230A5B0103F4FF53B2
:102480001343240CE40204F4FF241C43030403F468
:102490007F032343040A640504F0FF541C43C0F384
:1024A0000740143044EA406010BD00BF38B5044610
:1024B0000D46FFF799FF10B1024B1D605C60FFF7FE
:1024C0008BFF38BD00280040164B1B6A13F4407385
:1024D00027D010B5144ACA21516253215162B3F575
:1024E000807F16D0114C104BDB6813F0100F03D017
:1024F0000D4B1B69A3420ED0FFF776FF30B10A4B9C
:1025000000229A608022DA601C611C61FFF764FF80
:1025100010BD074CE7E7044AD36823F02003D360DB
:10252000F6E770470010024000280040E70327004C
:10253000FF007F0010EE102A22F00041CB0D7F3B00
:10254000162B28DC002B18DB194919410A4221D02F
:10255000DFED187A70EE277AF5EEC07AF1EE10FA18
:1025600018DD002A04DA4FF4000040FA03F31A449D
:1025700022EA010300EE103A7047DFED0E7A70EEAA
:10258000277AF5EEC07AF1EE10FA03DD002A08DBB7
:102590009FED090A7047B1F1FF4FFBD330EE000AFF
:1025A00070470029FFEE007A18BFB0EE670A704747
:1025B000FFFF7F00CAF249710000000082B08DED7C
:1025C000010A0199C1F3C753A3F17F02162A16DC51
:1025D000002A0DDB10481041084212D04FF480034E
:1025E00013410B4423EA000300EE103A02B0704797
:1025F000013201F00043F7D143F07E53F4E7802A23
:1026000003D09DED010A02B07047DDED017A37EE8F
:10261000A70A02B0704700BFFFFF7F00D0B52DEDC5
:10262000028B3B4C8AB0B0EE408A00F0FFF894F980
:1026300000300133F0EE408A12D0B0EE480A00F0CC
:10264000F1FA68B1DFED337AB4EEE78AF1EE10FA11
:1026500040DCDFED317AB4EEE78AF1EE10FA05D412
:10266000B0EE680A0AB0BDEC028BD0BD04232B4A41
:10267000009318EE100A002308930192DDF790FFF3
:1026800094F9003000260027022BCDE90401CDE9A2
:102690000201CDE9066718D0684600F0B9FAA0B18A
:1026A000089B002B2ED1DDE90601DEF7E3F908EEE9
:1026B000900AB0EE680A0AB0BDEC028BD0BD184992
:1026C0000020022BCDE90601E6D100F0B5FA222365
:1026D0000360E5E70323114A009318EE100A002374
:1026E00008930192DDF75CFF94F90030CDE9040115
:1026F000CDE90201002BE2D10A4B4FF06042CDE957
:102700000623C9E700F098FA089B0360CBE700BFF7
:10271000E41400208071B142B5F1CFC290CC020820
:102720000000F07FFFFFEF4710B52DED028B8AB060
:10273000B0EE408A00F072F9374B93F90040631C09
:1027400033D0B4EE488AF1EE10FA2ED6B5EEC08A38
:10275000F1EE10FA29DC314B019318EE100A002338
:102760000893DDF71DFFCDE90401CDE9020104B3B3
:102770002B4BB5EE408A0022F1EE10FACDE906238C
:1027800041D102239C42009337D100F055FA222315
:102790000360089B2BB300F04FFA089B0360DDE950
:1027A0000601DEF767F900EE100A0AB0BDEC028BF5
:1027B00010BD1C4BB5EE408A4FF06042F1EE10FAAE
:1027C000CDE9062317D001230093684600F020FAD4
:1027D000E8B1154800F01EFA8DED060B089B002BA2
:1027E000D9D1DDE90601DEF745F900EE100A0AB09D
:1027F000BDEC028B10BD02230093684600F008FA7E
:102800000028EBD1C1E70123022C0093DDD100F0B9
:1028100013FA21230360DCE7E414002098CC0208BB
:102820000000F0FFFFFFEFC7F030020810EE103A93
:1028300023F00042B2F1FF4F56D84FEAD37100F0B7
:1028400099806448834252DC002BC0F28C80624B3A
:102850009A4251D9614B9A4200F29F80604B614A83
:1028600088000344D3ED007A0244C1F1010370EE05
:10287000674AD2ED007A5B1A34EEE70A9FED5A4AB6
:102880009FED5A5ADFED5A5A9FED5A6ADFED5A6AA8
:1028900020EE007AA7EE045AE5EE075AA5EE876A05
:1028A000E6EE076AB0EE406AA6EEC76AB0EE467A78
:1028B00020EE066A002B49D0F0EE006A36EEC77AA9
:1028C000B7EE000AC6EE076A13F17D0F77EEE67ADF
:1028D00077EEE47A30EE670A53DB10EE102A02EB53
:1028E000C35300EE103A704730EE000A70479FED78
:1028F000430A20EE000A7047B2F1465F0AD2DFEDCC
:102900003F7A70EE277AB7EE007AF4EEC77AF1EEEE
:1029100010FA5CDC60EE007A9FED335ADFED335A3B
:102920009FED336ADFED336A9FED337AE7EE855A28
:10293000A7EEA56AE7EE866AA7EEA67AF0EE406AF1
:10294000E7EEC76A20EE266AB0EE667AF0EE007A0D
:1029500037EE677AF7EE006AC6EE077A37EEC00AFE
:1029600036EEC00A7047264B9A427FF670AF9FED55
:10297000250A7047DFED237A002918BFB0EE670AF9
:10298000704710EE102A643302EBC353DFED1E7A5A
:1029900000EE103A20EE270A70471C4BDFED1C7A40
:1029A0009FED1C6ADFED1C6A03EB810393ED007A57
:1029B000A0EE277AF0EE404AFDEEC77A17EE903A85
:1029C000F8EEE77AE7EEC64A67EEA67A54E730EE0D
:1029D000070A70471772B1421872B13E9115853FD0
:1029E000A8CC0208B0CC02084CBB31330EEADDB5EE
:1029F00055B38A38610B36BBABAA2A3ECAF249717D
:102A0000B5F1CF42000000000000800DA0CC02080C
:102A10003BAAB83F8071313FD1F7173710EE103A1B
:102A200033F000422DD0002B32DBB3F1FF4F3FDA01
:102A3000B3F5000F30B432DB0025654A6549C3F3B6
:102A40001604224402F40002DB1582F07E507F3B24
:102A500020432B4400EE100A04F10F05B7EE007A74
:102A6000294003EBD25330EE477A21BBB5EE407AD2
:102A7000F1EE10FA62D1002B40F08D809FED560AE6
:102A800069E09FED567ADFED547A87EE270A7047AA
:102A900070EE407A9FED507A87EE870A7047DFED3F
:102AA000507A60EE277A6FF0180517EE903AC4E777
:102AB00030EE000A7047F0EE007A77EE277A9FED4D
:102AC000493ADFED494ADFED495ADFED493A9FEDDA
:102AD000495A9FED490ADFED496A494987EE274A7D
:102AE000C4F55712214402F522720A43002A07EE68
:102AF000903A24EE046AF8EEE72A66EE067AE7EEEC
:102B0000834AA7EEA35AE4EEA75AE5EE276AA5EE9C
:102B1000A70A20EE060AA6EEA70A1EDDF6EE007A48
:102B200067EE277A67EE877A30EE270A20EE040AEE
:102B300023BB37EEC00A37EE400A0CE0DFED317AF6
:102B4000B6EE000AA7EE670A67EE077A20EE270ABC
:102B500073BB37EE400A30BC704737EE400A20EEB8
:102B6000040A002BF5D0DFED286ADFED287AA2EE0B
:102B7000E60A30EE470A92EEA70AECE79FED226ADA
:102B8000DFED226AA2EE860A37EEC00A30EE470A6F
:102B900092EEA60ADFE707EE903A9FED1B0A9FED43
:102BA0001B7AF8EEE77A27EE800AA7EE870AD2E7CB
:102BB00007EE903A9FED146ADFED146AF8EEE77ABB
:102BC000A7EEC60A30EE470A97EEA60AC3E700BF93
:102BD00020FB4A00F0FF7F0000000000000000CC56
:102BE0000000004C9788173E25333A3E2549923E17
:102BF0004FD01C3E298E633EABAA2A3FCDCCCC3EA3
:102C0000305CCFFFABAAAA3ED1F717378071313FB6
:102C1000002070479FED010B704700BF00000000CF
:102C20000000F87F10EE103A23F00040B0F1FF4FA3
:102C3000ACBF002001207047014B1868704700BFEF
:102C4000E814002030B501390024A24201D100204F
:102C500005E0035D01340D5DAB42F6D0581B30BD7D
:102C60000A44914200F1FF3300D1704710B511F8CA
:102C7000014B03F8014F9142F9D110BD02440346C4
:102C8000934200D1704703F8011BF9E7C9B203462C
:102C900010F8012B1AB18A42F9D118467047002961
:102CA00018BF0023F9E70000034611F8012B03F8D1
:102CB000012B002AF9D1704710B50139034632B112
:102CC00011F8014F03F8014B013A002CF7D11A44D7
:0E2CD0000021934200D110BD03F8011BF9E76B
:102CE0000820080062756C6B0D0A000066696C6C48
:102CF0000D0A00001A2200002A323A0010111200B8
:102D000011200100000000001120014E40000000D1
:102D10008CDB0208788300207883002078830020F1
:102D20008CDB020800000000000000000000000032
:102D30008CDB020800000000000000000000000022
:102D40008CDB020800000000000000000000000012
:102D50008CDB0208000000100000001000000010D2
:102D60008CDB0208000000000000000000000000F2
:102D70008CDB0208000000000000000000000000E2
:102D80008CDB0208000000000000000000000000D2
:102D9000A82D020850150020981600200100000000
:102DA000E91100080000000069646C650000000083
:102DB000737461636B206F766572666C6F77000069
:102DC0006E6F6E616D6500006D61696E00160020AA
:102DD00004042C080C1014181C2021000000000012
:102DE000BD210008AD2100089D2100088D210008AB
:102DF00000000000000000000000000000000000D3
:102E0000392300082923000809230008F9220008B3
:102E100000000000000000000000000000000000B2
:102E2000000000000100000000000000000002405F
:102E300008000240010000000000000000000B003C
:102E4000000002401C0002400200000000000000E0
:102E500004010C00000002403000024004000000A9
:102E60000000000008020D00000002404400024083
:102E700008000000000000000C030E0000000240EB
:102E800058000240100000000000000010040F0075
:102E9000000002406C000240200000000000000022
:102EA00014051000000002408000024040000000B5
:102EB000000000001806110000040240080402404F
:102EC00080000000000000000007380000040240FD
:102ED0001C0402400001000000000000040839004A
:102EE0000004024030040240000200000000000024
:102EF00008093A00000402404404024000040000B3
:102F0000000000000C0A3B0000040240580402408C
:102F10000008000000000000100B3C000000000052
:102F200000C201000000000000400000000000009E
:102F300000000000DD28000881290008052A00089B
:102F400040004000E4180020E418002003FFA96AB4
:102F5000000000000000FCFFA8000168CFF900009D
:102F60000000000070E70E009F5A515400600000FE
:102F7000FFFFFF3F55555555FFFF0000005055001E
:102F8000000000000000004400000000FFFFFFFF01
:102F900055555505FFFF000000000000000000002F
:102FA0000000000000000000FFFFFFFF55555555D1
:102FB000FFFF000000000000000000000000000013
:102FC00000000000FFFFFFFF45000000FFFF0000C2
:102FD00000000000000000000000000000000000F1
:102FE000FFFFFFFF00000000FFFF000000000000E7
:102FF00000000000206B4D475450455A5900000016
:10300000286E756C6C290000010000000A000000A9
:1030100064000000E803000010270000A086010003
:1030200040420F008096980000E1F50500CA9A3BE7
:103030006D1D6E7066617A7900000000000000006E
:1030400000000000FD47000800000000808182832E
:103050008485868788898A8B8C8D8E8F90919293B8
:103060009495969798999A9B9C9D9E9F8081828328
:103070008485868788898A8B8C8D8E8FB0B1B2B318
:10308000B4B5B6B7B8B9BABBBCBDBEBFC0C1C2C388
:10309000C4C5C6C7C8C9CACBCCCDCECFD0D1D2D378
:1030A000D4D5D6D7D8D9DADBDCDDDEDF90919293A8
:1030B0009495969798999A9B9C9D9E9FF0F0F2F21A
:1030C000F4F4F6F6F8F9FAFBFCFDFEFF0103050740
:1030D000090E10121416181C1E000000EB76904505
:1030E00058464154202020004641543332202020AD
:1030F000000000002A3A3C3E7C223F7F0000000096
:103100002B2C3B3D5B5D000061001A03E0001703C0
:10311000F8000703FF0001007801000130013201CF
:103120000601390110014A012E01790106018001D1
:103130004D004302810182018201840184018601E4
:103140008701870189018A018B018B018D018E0125
:103150008F0190019101910193019401F601960173
:103160009701980198013D029B019C019D0120025D
:103170009F01A001A001A201A201A401A401A60136
:10318000A701A701A901AA01AB01AC01AC01AE01E5
:10319000AF01AF01B101B201B301B301B501B50196
:1031A000B701B801B801BA01BB01BC01BC01BE0145
:1031B000F701C001C101C201C301C401C501C401BD
:1031C000C701C801C701CA01CB01CA01CD01100165
:1031D000DD0101008E01DE011201F3010300F101A6
:1031E000F401F401F8012801220212013A02090057
:1031F000652C3B023B023D02662C3F02400241022D
:10320000410246020A015302400081018601550233
:1032100089018A0158028F015A0290015C025D0205
:103220005E025F0293016102620294016402650220
:1032300066026702970196016A02622C6C026D02B7
:103240006E029C01700271029D01730274029F0163
:1032500076027702780279027A027B027C02642C81
:103260007E027F02A60181028202A90184028502F8
:1032700086028702AE014402B101B20145028D020D
:103280008E028F0290029102B7017B030300FD03BF
:10329000FE03FF03AC0304008603880389038A034B
:1032A000B1031103C2030200A303A303C403080371
:1032B000CC0303008C038E038F03D8031801F203A1
:1032C0000A00F903F303F403F503F603F703F70326
:1032D000F903FA03FA0330042003500410076004D2
:1032E00022018A043601C1040E01CF040100C0048A
:1032F000D004440161052604000000007D1D01008A
:10330000632C001E9601A01E5A01001F0806101F04
:103310000606201F0806301F0806401F0606511F1C
:103320000700591F521F5B1F541F5D1F561F5F1F51
:10333000601F0806701F0E00BA1FBB1FC81FC91FE1
:10334000CA1FCB1FDA1FDB1FF81FF91FEA1FEB1F75
:10335000FA1FFB1F801F0806901F0806A01F080603
:10336000B01F0400B81FB91FB21FBC1FCC1F010043
:10337000C31FD01F0206E01F0206E51F0100EC1F5D
:10338000F31F0100FC1F4E210100322170211002A9
:10339000842101008321D0241A05302C2F04602CB5
:1033A0000201672C0601752C0201802C6401002D9E
:1033B000260841FF1A03000010041104120413042C
:1033C0001404150416041704180419041A041B0421
:1033D0001C041D041E041F042004210422042304D1
:1033E0002404250426042704280429042A042B0481
:1033F0002C042D042E042F04300431043204330431
:103400003404350436043704380439043A043B04E0
:103410003C043D043E043F0491259225932502255A
:1034200024256125622556255525632551255725D7
:103430005D255C255B251025142534252C251C25B0
:1034400000253C255E255F255A25542569256625DE
:10345000602550256C256725682564256525592537
:103460005825522553256B256A2518250C258825B6
:1034700084258C2590258025400441044204430482
:103480004404450446044704480449044A044B04E0
:103490004C044D044E044F0401045104040454042C
:1034A000070457040E045E04B0001922B7001A2264
:1034B0001621A400A025A0000200000000000000CA
:1034C000AD24000821250008400040006C1E0020AB
:1034D000781E0020030000000000000061250008A5
:1034E0000000000010000000841E0020000000000A
:1034F00060180020010102005579000805790008D4
:103500001124000839790008430000001035020832
:1035100009024300020100C0320904000001020256
:10352000000005240010010524010001042402020A
:103530000524060001070582030800FF09040100B5
:10354000020A000000070501024000000705810291
:1035500040000000120000005C350208120110015A
:1035600002000040830440570002010203010000F2
:10357000040309041603740069006E0079007300E7
:1035800061002E006F0072006700000010037400DD
:1035900069006E00790053004100340008033400D4
:1035A00030003000040000007035020816000000F2
:1035B00074350208100000008C3502080800000075
:1035C0009C3502080100010000000000000000001E
:1035D000400680000000D00700000000000000004E
:1035E00000010000000000000000000000000000DA
:1035F00000000200000000000000000000200000A9
:1036000000000000000000000000FC004024010059
:1036100000000000000000000000000000000100A9
:10362000000000000000000000000000000000009A
:103630003800000000000000400000000000000012
:103640000000000000000000010000000300000076
:10365000FDFFFFFF040000000500000074696E79A3
:103660005341345F76312E342D3232342D67633935
:103670003739333836000000737765657000746F32
:103680006F206D616E7920617267756D656E747300
:103690002C206D617820340D0A000000000000002D
:1036A0000029DE070000000040981E09000000000D
:1036B000402F680A0000000040FBBD0B0000000026
:1036C000C0AC0D0D0000000080A06C0E00000000DA
:1036D00080D6DA0F0000000000F242110000000066
:1036E00000000000000000000000000000000000DA
:1036F000000000000000003F0000803F000000408C
:103700000000804000000041000080415369676E66
:10371000616C206C6576656C20696E636F72726592
:10372000637400436865636B206361626C6520624B
:1037300065747765656E20636F6E6E6563746F7216
:1037400073005369676E616C206C6576656C2074DC
:103750006F6F206C6F77206F72206E6F74206F6EAA
:10376000206672657175656E63790043616C69628C
:10377000726174696F6E20636F6D706C6574650043
:1037800043616C6962726174696F6E2062757379EE
:10379000000153656C6620746573742073746174E2
:1037A00075733A0001546F756368207363726565C1
:1037B0006E20746F20636F6E74696E7565000154BE
:1037C0006573742025643A2025732573000000007A
:1037D0006C6F777C6C6E617C756C7472617C756CDF
:1037E0007472615F6C6E617C6469726563747C6421
:1037F00069726563745F6C6E617C6861726D7C6810
:1038000061726D5F6C6E617C6F75747C6F75745FD7
:103810006469726563747C6F75745F6164667C6FE4
:1038200075745F756C7472617C6F66667C6F6E0018
:103830006F66667C33307C31357C31307C347C3350
:103840007C327C3100613D25550D0A00757361673E
:10385000653A2061626F7274205B25735D0D0A000A
:1038600025440D0A0061676320302E2E377C617578
:10387000746F0D0A00617474656E75617465203033
:103880002E2E33317C6175746F0D0A25342E32462D
:103890000D0A006175746F7C6F66667C6F6E7C6468
:1038A000756D700061766F69640025440A00623DA1
:1038B00025550D0A000000006F66667C6D696E6814
:1038C0007C6D6178687C6D6178647C61766572344A
:1038D0007C6176657231367C617665727C7175616A
:1038E00073697C6C6F677C6C696E0063616C6320CC
:1038F0005B7B7472616365237D5D2025730D0A25F2
:10390000730D0A0063616C6F757470757420257394
:103910000D0A006368616E6E656C5B25645D203A1C
:103920002025342E31660D0A006368616E6E656C69
:10393000205B312D335D0D0A00636C656172636F2E
:103940006E666967207B70726F74656374696F6EF1
:10395000206B65797D0D0A004B657920756E6D6170
:1039600074636865642E0D0A00436F6E6669672094
:10397000616E6420616C6C2063616C2064617461B1
:1039800020636C65617265642E0D0A446F20726558
:10399000736574206D616E75616C6C7920746F2035
:1039A00074616B65206566666563742E2054686576
:1039B0006E20646F20746F7563682063616C206192
:1039C0006E6420736176652E0D0A00636F6C6F72F2
:1039D000207B69647D207B72676232347D0D0A0032
:1039E000202532643A203078253036780D0A006F71
:1039F000666600636F7272656374696F6E2025730B
:103A00000D0A00696E646578206672657175656E71
:103A100063792076616C75650D0A00636F7272655B
:103A20006374696F6E20257320256420254420254A
:103A30002E31660D0A00726573657400636F7272D1
:103A4000656374696F6E207461626C6520257320F4
:103A500072657365740D0A00636F727265637469D1
:103A60006F6E202573202573206672657175656EF3
:103A7000637928487A292076616C75652864422923
:103A80000D0A007570646174656420256420746F8C
:103A900020254420252E31660D0A00646163207BB9
:103AA00076616C756528302D34303935297D0D0AE5
:103AB00063757272656E742076616C75653A202547
:103AC000640D0A0025650D0A0064617461205B3095
:103AD0002D325D0D0A006465766963656964202591
:103AE000640D0A006465766963656964205B3C6EF9
:103AF000756D6265723E5D0D0A006469726563747E
:103B0000207B25737D207B6672657128487A297D2C
:103B10000D0A00653D25640D0A006578745F6761D4
:103B2000696E202D3130302E302E2E2B3130302E3C
:103B3000300D0A0066726571207B6672657175656D
:103B40006E637928487A297D0D0A002564207070FB
:103B5000620D0A000D0A4F7468657220636F6D6D07
:103B6000616E64733A00686F70207B737461727465
:103B700028487A297D207B73746F7028487A297DC4
:103B8000207B7374657028487A29207C20706F69C7
:103B90006E74737D205B6F75746D61736B5D0D0A60
:103BA000003937354D2E2E3937394D003130363703
:103BB0004D2E2E313037334D0075736167653A20D5
:103BC0006966207B25737D0D0A2551487A0D0A0010
:103BD000696631207B3937354D2E2E3937394D7D89
:103BE0000D0A2551487A0D0A00000000696E7075B3
:103BF000747C6F757470757400257325730D0A00DD
:103C00006C6576656C202D37362E2E2D360D0A000C
:103C10006C6576656C202D33382E2E31330D0A00FD
:103C200075736167653A206C6576656C6368616E73
:103C30006765202D39302E2E2B39300D0A006C652A
:103C400076656C6F666673657420257320252E314A
:103C5000660D0A006C6F775F6F7574707574007213
:103C60006563656976655F737769746368006F750E
:103C7000745F737769746368006861726D6F6E69F1
:103C800063006861726D6F6E69635F6C6E61007373
:103C90006869667400736869667431007368696680
:103CA00074320073686966743300736869667434CB
:103CB0000064726976653100647269766532006409
:103CC0007269766533006469726563740064697251
:103CD0006563745F6C6E6100756C74726100756C05
:103CE0007472615F6C6E6100616466006469726524
:103CF00063745F6F7574707574006C6576656C6F56
:103D00006666736574205B25735D207B6F757470C8
:103D100075747D205B2D32302E2E2B32305D0D0AD6
:103D2000006C696E65206F66667C7B6C6576656C81
:103D30007D0D0A006C6E613220302E2E377C61754D
:103D4000746F0D0A006C6F616420302E2E340D0AE2
:103D500000000000636F70797C667265657A657C2F
:103D600073756274726163747C766965777C766161
:103D70006C7565006C6F77002564202564202544F0
:103D800020252E32650D0A006D61726B6572205B15
:103D90006E5D205B25737C7B667265717D7C7B69C3
:103DA0006E6465787D5D205B7B6E7D7C25735D0D2B
:103DB0000A0000006F6E7C6F66667C7065616B7CCC
:103DC00064656C74617C6E6F6973657C7472616329
:103DD0006B696E677C74726163657C747261636524
:103DE0005F617665720000006F66667C6F6E000032
:103DF0006F66667C616D7C666D7C667265717C64E5
:103E0000657074687C646576696174696F6E0000C2
:103E1000000000000100000005000000FFFFFFFFA0
:103E2000FFFFFFFFFFFFFFFF75736167653A206DBE
:103E30006F6465205B6C6F775D2025730D0A000051
:103E40006C6F777C7377697463687C72656365698E
:103E500076655F7377697463687C6F75745F737779
:103E6000697463687C6C6E617C6861726D6F6E6989
:103E7000637C73686966747C7368696674317C738B
:103E800068696674327C7368696674337C736869C8
:103E90006674347C6472697665317C6472697665B7
:103EA000327C6472697665337C6469726563747CA4
:103EB0006469726563745F6C6E617C756C74726149
:103EC0007C756C7472615F6C6E617C6861726D6F21
:103ED0006E69635F6C6E617C6164667C6469726547
:103EE00063745F6F75747075747C6C6F775F6F75DA
:103EF00074707574006D6F64756C6174696F6E2099
:103F00002573203130302E2E363030300D0A006EC1
:103F100066207B76616C75657D0D0A25660D0A004D
:103F20006F66667C6F6E006F6E7C6F66667C6E6F10
:103F3000726D616C7C6D697865720071205B7330A5
:103F40002E2E317C642D312C302E2E31387C613078
:103F50002E2E36337C70302E2E345D0D0A007262A8
:103F60007720302E322E2E3835307C6175746F0DEF
:103F70000A252E3146487A0D0A006175746F7C302F
:103F8000004572722C2064656661756C74206C6FDC
:103F900061640D0A00726563616C6C207B69647DED
:103FA0000D0A007265667265736800506572666F0F
:103FB000726D696E672072657365740D0A007361B6
:103FC0007665207B69647D0D0A00436F6E666967C4
:103FD0002073617665642E0D0A0000007363616CC6
:103FE000657C7265666C6576656C007363616E20D6
:103FF0007B737461727428487A297D207B73746F97
:104000007028487A297D205B706F696E74735D201B
:104010005B6F75746D61736B5D0D0A00667265711F
:1040200075656E63792072616E67652069732069BA
:104030006E76616C69640D0A007377656570207037
:104040006F696E747320657863656564732072614F
:104050006E6765203435300D0A0025552000256532
:1040600020256620007363616E726177207B737414
:1040700061727428487A297D207B73746F70284898
:104080007A297D205B706F696E74735D205B6F7041
:1040900074696F6E735D0D0A006572723A2028258F
:1040A0006429206E6F20636172640D0A004F4B001B
:1040B00073645F64656C657465207B66696C656EAE
:1040C000616D657D0D0A0064656C6574653A202537
:1040D000732025730D0A002A2E2A0073645F6C6911
:1040E0007374207B7061747465726E7D0D0A002597
:1040F000732025750D0A006572723A2028256429FF
:104100000D0A0075736167653A2073645F726561BB
:1041100064207B66696C656E616D657D0D0A006566
:1041200072723A2028256429206E6F2066696C65BA
:104130000D0A0073656C66746573742028312D3325
:1041400029205B6172675D0D0A006F66667C6F6E89
:104150007C6175746F007370757200506175736562
:10416000640D0A00526573756D65640D0A0025447F
:104170002025442025640D0A007377656570207B37
:10418000737461727428487A297D205B73746F7030
:1041900028487A295D205B706F696E74735D0D0A23
:1041A000097377656570207B25737D0D0A09737728
:1041B000656570207B25737D207B6672657128485C
:1041C0007A297D0D0A00737765657074696D6520C5
:1041D000302E3030332E2E36300D0A25352E334614
:1041E000730D0A00746F7563683A20256420256496
:1041F0000D0A0073746B6C696D69747C202020203B
:10420000202020207C73746B20667265657C2020E2
:104210002020616464727C726566737C7072696F61
:104220007C2020202073746174657C202020202055
:104230002020206E616D650D0A00253038787C25C0
:104240003038787C253038787C253038787C2534B7
:10425000757C2534757C2539737C253132730D0AC4
:1042600000620074696D65207B5B25735D20302DD5
:1042700039397D206F72207B6220307859594D4D3D
:10428000444420307848484D4D53537D0D0A323018
:10429000253032782F253032782F2530327820257E
:1042A0003032783A253032783A253032780D0A00AB
:1042B000666972737420746F7563682075707065B9
:1042C00072206C6566742C207468656E206C6F7744
:1042D00065722072696768742E2E2E00646F6E6599
:1042E0000D0A00746F7563682063616C20706172E1
:1042F000616D733A20002C2066726F7A656E00251E
:10430000643A202573202566202566200D0A007456
:10431000726163652025642076616C756520256473
:1043200020252E32660D0A006F66667C6F6E007463
:1043300072616365207B25737D0D0A74726163650C
:10434000207B25737D206175746F7C7B76616C7535
:10435000657D0D0A7472616365205B7B74726163B5
:1043600065237D5D2076616C75650D0A74726163ED
:1043700065205B7B7472616365237D5D207B2573A3
:104380007D207B7472616365237D7C6F66667C6FC4
:104390006E7C5B7B696E6465787D207B76616C7575
:1043A000657D5D0D0A0074726967676572207B76B2
:1043B000616C75657D0D0A74726967676572207B33
:1043C00025737D0D0A0000006175746F7C6E6F723D
:1043D0006D616C7C73696E676C65000064426D7C16
:1043E00064426D567C644275567C5241577C567CC3
:1043F0005670707C57006F66667C6F6E7C6175745A
:104400006F7C73746172747C6861726D00756C741A
:104410007261202573207B667265717D0D0A0053E1
:10442000657269616C3A20257520626175640D0AB8
:104430000056464F2025640D0A00000076616C7519
:1044400065002564206D560D0A006D61783238379D
:10445000310025730D0A48572056657273696F6ED7
:104460003A25732025730D0A0077616974207B73E8
:1044700065636F6E64737D0D0A00776169747363A1
:10448000616E205B7B7363616E737D5D0D0A0078E6
:104490002076616C756528302D4646464646464670
:1044A00046290D0A00783D25780D0A0079207B61A8
:1044B00064647228302D3935297D205B76616C75F6
:1044C0006528302D30784646295D0D0A00253032AA
:1044D0007820007A20302E2E33303030300D0A25EF
:1044E000640D0A007A65726F207B6C6576656C7D61
:1044F0000D0A256464426D0D0A0000002053020875
:104500005DED00080000363A02083983000800001B
:1045100028530208618E00080300305302088D8D75
:104520000008020038530208518D000802003C5375
:104530000208F9940008020040530208258300088D
:1045400002004C530208F188000802005853020888
:104550007D8800080100605302087DDA0008000031
:10456000C4530208992E010801006C530208DD486B
:104570000108010070530208C94601080100785380
:104580000208DD8200080000805302084D88000800
:10459000030078360208CDE0000803001855020831
:1045A000AD8200080000885302085D820008010007
:1045B00094530208B57D00080100A0530208297D2C
:1045C00000080300A8530208C57D00080300B0538B
:1045D00002089DE000080300B8530208D5870008D0
:1045E0000200C0530208758700080200CC5302087D
:1045F000919F00080200D45302083D820008020087
:10460000DC530208F99800080200E8530208FD8113
:1046100000080200F05302084DE000080300F853C0
:10462000020865EA0008030000540208B1AF000860
:10463000020008540208E9D70008020010540208DA
:104640008D81000801001854020845AF00080200DF
:1046500020540208C98C000801002854020821F0E7
:104660000008030034540208797D00080500A33FC8
:104670000208D1EE000800003C540208657E0008E4
:10468000000044540208497D000800004C54020810
:104690007581000801005454020845810008020099
:1046A00060540208D5800008000068540208998010
:1046B00000080000705402082D8C00080200785495
:1046C0000208ED9F000802007C540208C98B000814
:1046D0000200805402082187000802008854020862
:1046E000C986000802008C540208419B00080300A0
:1046F00098540208A59A00080300A454020871A760
:1047000000080300B0540208FDDB00080300B854A1
:104710000208219C00080300C4540208819100088B
:104720000200D05402083D9500080200DC54020843
:10473000F59E00080200E854020821BF00080300AB
:10474000EC5402082DE80008030056410208A1EECF
:1047500000080300A438020839EE00080300E43C16
:10476000020809EE00080300C63C0208498B000855
:104770000300D83C0208999700080300F45402088B
:1047800099E800080200FC5402089DAE00080200EF
:10479000938F0208C1ED0008020008550208098B3A
:1047A0000008020014550208B18A000800002055D4
:1047B0000208F98F000802002C5502082DAD0008F0
:1047C000030034550208FD7D000803003C55020833
:1047D000A98F0008020044550208E17B000802008E
:1047E0004C55020851860008010054550208C18545
:1047F000000801005C550208458500080100685565
:104800000208F97F0008000070A502088DEF00087B
:10481000010070550208497C000801007455020827
:10482000C17F0008010078550208858A0008010050
:1048300061420208598A0008010010A402086D7C38
:10484000000801007C550208A17F00080100FC530C
:104850000208697F000801002CA20208417F0008BD
:104860000100909F0208E57C000800007C360208E9
:10487000D57C0008010080550208717C0008010009
:104880008455020835BB00080100D4A402084D7C01
:104890000008010088550208797C000801008C5549
:1048A0000208259D0008010090550208998400081F
:1048B000010030540208097D0008010094550208E7
:1048C00065840008010084A9020831840008010001
:1048D0003CAA020809A10008010098550208397D88
:1048E000000801004054020839A1000801009C554D
:1048F00002083DEF00080100000000000000000079
:104900000000000000000000200100001E00000068
:10491000000000000000000000000000280000006F
:104920000000000000000000000000003C0000004B
:104930000000000000000000000000005000000027
:104940000000000000000000000000000000000067
:104950000000000000000000000000000000000057
:104960000000000000000000000000000000000047
:104970000000000000000000000000000000000037
:10498000000000000000000073746172747C737496
:104990006F707C6F6E7C6F666600556E6B6E6F77A6
:1049A0006E00000000127A0000000000000000000D
:1049B0000000000053502020307825303878000067
:1049C00052302020307825303878000052312020B5
:1049D0003078253038780000523220203078253069
:1049E00038780000523320203078253038780000A5
:1049F000523420203078253038780000523520207D
:104A00003078253038780000523620203078253034
:104A10003878000052372020307825303878000070
:104A20005238202030782530387800005239202044
:104A300030782530387800005231302030782530F9
:104A40003878000052313120307825303878000035
:104A50005231322030782530387800004C522020F6
:104A600030782530387800005043202030782530C9
:104A700038780000505352203078253038780000C4
:104A8000253038787C253038787C253038787C257E
:104A90003038787C2534757C2534757C2539737CD9
:104AA00025313273000000003D3D3D3D3D3D3D3D23
:104AB0003D3D3D3D3D3D3D3D3D3D3D3D3D3D3D3D26
:104AC0003D3D3D3D3D3D3D3D3D3D3D0D0A00000030
:104AD000A500B3002C560208010000003856020859
:104AE000B400C30040560208020000003856020815
:104AF000FA005E014C5602080301000054560208F9
:104B00009808FB085C56020867010000645602081A
:104B10000000000000000000000000000000000095
:104B20000605040201000000D4560208E4560208FB
:104B30000857020824570208685702088C570208D1
:104B4000B0570208C057020808580208385802082F
:104B500058580208000000005374617274696E674F
:104B60002E2E2E007368656C6C000D0A74696E79C8
:104B70005341205368656C6C0D0A00436F6D6D6185
:104B80006E642074696D656F75740D0A0025733F3E
:104B90000D0A002200200900A8560208AC5602089F
:104BA000B0560208B8560208BC560208C45602089D
:104BB000CC56020825643A25632563256325634C9A
:104BC0004F3D2531312E364C713A2531312E364C40
:104BD000710949463D2531312E364C713A25313126
:104BE0002E364C71094F463D2531312E366409462B
:104BF0003D2531312E364C713A2531312E364C71EE
:104C000009443D252E32663A252E3266202563253D
:104C100063256320256420523D2564206D6F643D2B
:104C200025642C20643D25640D0A0000302D3139A7
:104C30000000000080C3C901C0E1E4008096980034
:104C400000093D00C0C62D0080841E0040420F00B8
:104C50000301005369676E616C206C6576656C209A
:104C6000746F6F206C6F770044696420796F7520D2
:104C7000636F6E6E656374206869676820616E6437
:104C8000206C6F7720706F7274732077697468205E
:104C90006361626C653F0053656C66207465737474
:104CA00020636F6D706C657465004946203D20255A
:104CB000440D000A0D526573657474696E67207344
:104CC000707572207461626C650A0D000A0D416492
:104CD00064696E6720746F2063757272656E7420EC
:104CE00064796E616D69632073707572207461629E
:104CF0006C650A0D000A0D5374617274696E672049
:104D0000776974682061766572616765206F6620D7
:104D100025342E326620616E64204946206174205D
:104D20002544487A20616E642073746570206F6634
:104D3000202544487A2074696C6C202544487A0AFE
:104D40000D00506173732025642C206672657120FC
:104D500025440D00506173732025642C2025342ECA
:104D6000326664426D207370757220617420254430
:104D70006B487A207769746820636F756E7420259C
:104D8000640A0D000A0D5461626C6520666F722022
:104D9000494620617420254420616E642073746547
:104DA00070206F662025440A0D0046726571286BDD
:104DB000487A292C20636F756E742C206C6576659B
:104DC0006C2864426D292C206C6576656C207769AF
:104DD000746820737075722072656D6F76616C0AED
:104DE0000D0025642C2025642C2025342E32662CC1
:104DF0002025342E32660A0D005242573D25352EAD
:104E000031662C20523D252B642C20005374617296
:104E100074206C6576656C3D25362E31662C206ECF
:104E20006F6973653D25342E31662C2064656C6195
:104E3000793D2535640A0D005242573D25352E3106
:104E4000662C20523D252B642C20456E64206C6519
:104E500076656C3D25362E31662C206E6F69736544
:104E60003D25342E31662C2064656C61793D2535F5
:104E7000642C20666173742064656C61793D2564DF
:104E80000A0D002D2D2D2D2D2D2D2D2D2D2D2D2DC2
:104E90002D2D2D2D2D2D2D2D2D2D2D2D2D2D2D2D42
:104EA0002D2D2D2D2D2D2D2D2D2D2D2D2D2D2D2D32
:104EB0000A0D005242573D25342E31662C20523DBA
:104EC000252B642C2074696D653D2535642C206686
:104ED0006173742064656C61793D2534640A0D004A
:104EE00025643A2025392E33710A0D00524257208D
:104EF0003D2025372E31666B2C206C6576656C2045
:104F00003D2025362E32662C20636F7272203D20A4
:104F100025362E32660A0D000A0D2564200025363E
:104F20002E3266200054656D70203D2025342E31D0
:104F3000662C206C6576656C203D2025362E326609
:104F40002C2064656C7461203D2025362E32660A63
:104F50000D0046726571203D2025382E33664D4880
:104F60007A2C206C6576656C203D2025362E3266C5
:104F70000A0D0063683E2000252B642E2E252B642D
:104F800000643D25642C20613D25642C20733D2563
:104F9000640D0A006C6576656C3D252E32662C200A
:104FA000643D25642C20613D25642C20733D2564DF
:104FB0002C20663D252E32660D0A0000666624C24E
:104FC0000000F0C1CDCCACC1000088C1000060C1C0
:104FD00033333BC166661EC1666606C13333E3C028
:104FE0000000C0C00000A0C0666686C09A9959C083
:104FF000CDCC2CC0666606C00000C0BF000080BFDC
:10500000D7A3F0BE00000000000000001100000067
:1050100022000000330000004400000054000000A3
:10502000650000007500000085000000940000008D
:10503000A4000000B3000000C1000000CF00000089
:10504000DC000000E9000000F600000001010000A3
:105050000C01000017010000210100002A010000DE
:10506000320100003A010000410100004701000048
:105070004C010000510100005501000057010000E3
:105080005A0100005B0100005B010000A05502080E
:10509000A8550208B0550208B8550208C4550208C0
:1050A000CC550208D4550208DC550208E455020824
:1050B000F0550208F8550208005602080C5602087E
:1050C000145602081C56020824560208000000006C
:1050D00068D94F000000000060216000000000005F
:1050E000B882FB00000000009816000100000000DC
:1050F0002003450100000000F0C58E010000000003
:10510000E0E4290200000000B0A7730200000000E4
:10511000A0C60E03000000008014EF030000000092
:1051200060A8F30300000000805238040000000073
:1051300000A24A0400000000802FA6040000000026
:10514000800C140500000000B02E070600000000CF
:10515000B049BE06000000008080CB0600000000C1
:1051600000D0DD0600000000A754890E00000000FA
:10517000A077171C00000000A679121D0000000097
:105180004EA9121D00000000203BE11D00000000A0
:1051900000AC531E00000000D015CD26000000001A
:1051A00000410E29000000003812B4290000000060
:1051B00068DEE42900000000F05CE829000000003F
:1051C0002806EE2900000000C01A1E2A0000000078
:1051D0008042272A0000000078663D2A0000000077
:1051E0003053572A00000000F07A602A00000000C7
:1051F000382D6B2A00000000382D6B2A00000000BB
:10520000B887902A00000000E0F7982A000000000C
:10521000E8E7D22A000000008004D82A000000003D
:1052200080FC022B0000000040240C2B000000003A
:1052300060754A2B0000000038917E2B00000000B2
:10524000E8A1AE2B00000000F829072C00000000A8
:10525000B016212C00000000703E2A2C0000000037
:10526000B8F0342C00000000A883932C000000004C
:1052700078D2192D00000000E0303F2D0000000022
:10528000A8504B2F00000000008D842F000000006C
:105290003421960096009001A6FF00003333333F7F
:1052A0007017960096002C01A1FF0000CDCC4C3F5A
:1052B000B80B96009600C800A1FF00006666A63FE6
:1052C000E8032C012C01640097FF00009A99993E95
:1052D0002C0190019001640092FF00003333333FB2
:1052E00064008403840364008DFF00000000003F1D
:1052F0001E0040064006640088FF00003333333F41
:105300000A00A00FA00F640086FF0000CDCC8C3FE8
:1053100003000C490C49640083FF00000000803F3B
:1053200076657273696F6E006672657100000000C9
:1053300074696D6500000000646163006E660000C2
:1053400073617665636F6E6669670000636C6561A3
:1053500072636F6E666967006461746100000000CB
:105360006672657175656E6369657300686F70005C
:105370007363616E7261770061626F727400000026
:105380007A65726F00000000746F75636863616C0A
:1053900000000000746F756368746573740000002A
:1053A00070617573650000007265737461727400DA
:1053B000726573756D6500007761697400000000A7
:1053C000776169747363616E0000000072657065D7
:1053D00061740000737461747573000063616C6FB5
:1053E00075747075740000007361766500000000CC
:1053F000726563616C6C000074726163650000002B
:1054000074726967676572006D61726B6572000026
:105410006368616E6E656C006C696E65000000000B
:10542000757361727400000075736172745F6366F6
:10543000670000006361707475726500746F756356
:105440006800000072656C65617365007662617466
:1054500000000000766261745F6F666673657400B9
:1054600068656C7000000000696E666F00000000E7
:10547000636F6C6F7200000069660000696631003E
:105480006C6E6132000000006167630061637475D7
:10549000616C5F6672657100667265715F636F72E1
:1054A00072000000617474656E75617465000000BF
:1054B0006C6576656C000000737765657074696D66
:1054C000650000006C6576656C6F666673657400D8
:1054D0006C6576656C6368616E6765006D6F647599
:1054E0006C6174696F6E0000726277006D6F646545
:1054F000000000006C6F6164000000006578745F5C
:105500006761696E000000006465766963656964BF
:105510000000000073656C66746573740000000021
:10552000636F7272656374696F6E000063616C63B0
:10553000000000006D656E750000000074657874F1
:105540000000000072656D61726B000073645F6C37
:105550006973740073645F726561640073645F648F
:10556000656C657465000000746872656164730041
:105570006900000076000000610000006B00000080
:10558000770000006F00000066000000750000005A
:10559000710000006E000000630000007800000051
:1055A000524541445900000043555252454E540063
:1055B000575453544152540053555350454E44454B
:1055C000440000005155455545440000575453458B
:1055D0004D00000057544D54580000005754434F9D
:1055E0004E440000534C454550494E4700000000D2
:1055F000575445584954000057544F52455654008B
:105600005754414E4445565400000000534E444DFB
:1056100053475100534E444D5347000057544D5388
:105620004700000046494E414C00000056302E34E1
:105630002E352E3100000000205A53343035000042
:1056400056302E342E352E312E31000056302E3469
:105650002E3600002B205A533430360056302E356B
:105660002E3400002B205A53343037004D4541531F
:10567000555245440000000053544F524544000029
:105680005241570057616974696E670050617373C6
:10569000000000004661696C0000000043726974FC
:1056A0006963616C000000004F4646004C4F570094
:1056B000444952454354000041444600554C54521D
:1056C000410000004841524D0000000048696768F1
:1056D0000000000074696E79534120554C545241CA
:1056E00000000000323031392D3230323420436F27
:1056F0007079726967687420404572696B204B61EC
:105700006173686F656B0000323031362D32303294
:105710003020436F707972696768742040656479DE
:10572000353535005357206C6963656E73656420A9
:10573000756E6465722047504C2E205365653A2083
:1057400068747470733A2F2F6769746875622E637A
:105750006F6D2F6572696B6B616173686F656B2F1D
:1057600074696E795341000056657273696F6E3AC1
:105770002074696E795341345F76312E342D323284
:10578000342D676339373933383600004275696C18
:10579000642054696D653A204D61792031322032A0
:1057A000303236202D2031353A30393A323000004F
:1057B0004B65726E656C3A20342E302E300000003E
:1057C000436F6D70696C65723A2047434320382EF1
:1057D000322E312032303138313231332028726567
:1057E0006C6561736529205B6763632D382D627278
:1057F000616E6368207265766973696F6E203236F8
:10580000373037345D000000417263686974656346
:10581000747572653A2041524D7637452D4D2043BF
:105820006F72652056617269616E743A20436F72BF
:105830007465782D4D344600506F727420496E6641
:105840006F3A20416476616E636564206B65726EA9
:10585000656C206D6F646500506C6174666F726D6D
:105860003A2053544D333246333033784320416E1F
:10587000616C6F67202620445350004F757470751B
:1058800074206C6576656C20726564756365640070
:105890005741524E494E470073746172747C737461
:1058A0006F707C63656E7465727C7370616E7C630F
:1058B000770000006E6F726D616C7C707265636959
:1058C00073657C666173747C6E6F6973657C676FEA
:1058D0007C61626F72740000010000008FC2753D30
:1058E000AE47E13D0000F0C10000F0C10100000042
:1058F000CDCCCC3DCDCCCC3D000020C20000000082
:1059000000050A000000F0410000803F33330DC263
:105910000000AAC200080A000000F0410000803F19
:1059200033330DC20000AAC201000000000048434A
:105930000000C84200008CC2000000000209000004
:1059400000006144000020410000B4C20000B4C265
:1059500000031A000000F0410000604133330DC223
:10596000000034C2030309000000F0410000604160
:105970000000E0C1000070C2010D000000C05544ED
:105980000000803F0000A0C20000A0C2000C0A007E
:105990000000F0410000A04033330DC20000B4C24B
:1059A00000040A000000F0410000E04033330DC263
:1059B000000048C2080532000000F041000000006D
:1059C00033330DC2000070C2070532000000F04101
:1059D0000000000033330DC2000070C2000A0A004C
:1059E0000000F0410000A04033330DC2000096C219
:1059F00006000000000000000000000000000000A1
:105A00000000000004050A000000F04100004842C8
:105A100033330DC200005CC204050A000000874356
:105A200000008040000048C2000096C204060A0040
:105A30000000874300008040000020C2000082C2B6
:105A40000600000000000000000000000000000050
:105A50000000000004050A000000F0410000803F43
:105A600033330DC2000070C20600000000000000C9
:105A700000000000000000000000000004060A0012
:105A80000000964300008040000040C2000082C237
:105A900004070A000000964300008040000020C276
:105AA000000082C2070532000000F0410000000043
:105AB00033330DC2000070C201000000000010432B
:105AC000000000410000BEC20000000009053200D5
:105AD0000000F0410000000033330DC200005CC242
:105AE000090A32000000F0410000000033330DC20B
:105AF00000005CC2090632000000164300000000EE
:105B00009A9982C200005CC2090032000000494339
:105B100000000000000026C3000026C304000A00A5
:105B2000000049430000803F000026C3000026C358
:105B30000B0A00000000F0416F12833A000020C2FF
:105B400033330DC20B0500000000F0416F12833AA1
:105B5000000020C233330DC2845602088C5602085E
:105B6000945602089C56020853746F7062616E640A
:105B700020000000797C6D7C647C687C6D696E7CA3
:105B800073656300206D1D6E700000000000803F93
:105B90006F12833ABD3786355F708930CCBC8C2B51
:105BA0002551487A20746F202551487A00252E33DC
:105BB00051487A20746F20252E3351487A0075732E
:105BC0006167653A20000000102700000000000017
:105BD000204E000000000000905F01000000000067
:105BE000400D03000000000000350C000000000024
:105BF00000093D000000000080C3C9010000000052
:105C000000E1F505000000000095BA0A0000000060
:105C100000A3E111000000000084D717000000007D
:105C20008055C8200000000000FA8728000000000E
:105C30000027B929000000000054EA2A00000000F3
:105C400080EA822B0000000000811B2C0000000075
:105C50008071162F00000000008F4233000000000A
:105C600000E9A4350000000010270000000000003B
:105C700030750000000000008038010000000000C6
:105C800020A107000000000000350C00000000000B
:105C9000C0C62D0000000000C0E1E40000000000CC
:105CA00080C3C9010000000000B4C404000000006B
:105CB000000E27070000000080397A120000000063
:105CC0000046C323000000008036BE26000000000E
:105CD00080902029000000000027B9290000000062
:105CE0000054EA2A000000000008AF2F0000000066
:105CF000006211320000000000BC7334000000009C
:105D000000E9A4350000000080C3C90100000000C4
:105D10000027B9290000000080520C350000000067
:105D200080AC6E3700000000009D693A0000000062
:105D300000E32C5E000000008087EC65000000009E
:105D4000009435770000000000180D8F000000005F
:105D500080AEA58F0000000000726F91000000006F
:105D6000004282A40000000000046EB000000000A9
:105D700080A82DB80000000080BE03EF00000000E6
:105D8000007F110501000000001110240100000037
:105D900080889E2A01000000005A8F330100000015
:105DA0000076DD410100000080C3C9010000000051
:105DB0000027B92900000000006D7C4D00000000A4
:105DC00000FF7A6C0000000000670476000000000D
:105DD00000FCBE800000000000453E900000000076
:105DE00080DBD6900000000080054CA6000000007B
:105DF00000C915A80000000080F468B3000000008E
:105E000000E563B600000000808667D20000000055
:105E1000001A44E70000000000FB39ED000000001C
:105E20008061E500010000000060070B0100000038
:105E300080889E2A010000008085E23E010000006B
:105E40000076DD4101000000003B58080000000022
:105E500000688909000000000095BA0A00000000EF
:105E60000076B0100000000000FD431400000000A8
:105E70000057A616000000000092FE1E0000000061
:105E800000BF2F200000000000EC60210000000097
:105E900080CB783100000000006211320000000069
:105EA00080F8A93200000000008F4233000000009B
:105EB000807F3D3600000000009D693A0000000030
:105EC00000CA9A3B000000000024FD3D00000000D5
:105ED00000512E3F0000000000AB90410000000088
:105EE000806E5A4300000000003B5808000000008C
:105EF00000688909000000000095BA0A000000004F
:105F00000076B010000000008093DC140000000058
:105F100000DE391A000000000065CD1D0000000001
:105F200000EC60210000000080CB78310000000010
:105F3000006211320000000080F8A9320000000069
:105F4000008F4233000000008025DB33000000009A
:105F500000E9A43500000000009D693A000000003F
:105F60008033023B0000000000F7CB3C0000000043
:105F700000512E3F00000000007E5F400000000046
:105F8000806E5A430000000080C3C9010000000079
:105F900000F2052A010000000076DD41010000004A
:105FA0008036EB570100000000E9D16601000000D7
:105FB00080415673010000000013477C010000007F
:105FC0008000869301000000007558AE01000000BB
:105FD00080273FBD01000000800579D70100000047
:105FE000806D02E10100000000F3B7EE0100000047
:105FF00080C4A8F701000000800D280702000000FF
:1060000000DC5C24020000000071172F0200000079
:106010008077E8680200000000ECBA83020000000C
:1060200000AEA68F0200000080C3C901000000007E
:1060300000F2052A0100000080DF44410100000059
:1060400000EC8D520100000000E9D1660100000063
:1060500080C52D8B0100000000CFBAB00100000008
:1060600000F92FC60100000000C942D9010000005C
:106070000031CCE201000000805C1FEE0100000056
:10608000008872F901000000001D2D0402000000CC
:10609000001A711802000000009E48300200000043
:1060A00000D9A0380200000000E40B5402000000F8
:1060B00080FE7B6C020000008055228302000000FD
:1060C00000AEA68F020000001027000000000000B4
:1060D000204E000000000000409C00000000000076
:1060E000A086010000000000400D03000000000039
:1060F000E09304000000000020A107000000000061
:1061000080841E0000000000404B4C000000000096
:1061100080F0FA0200000000000E270700000000D7
:10612000802B530B000000000084D71700000000F4
:1061300000389C1C000000008055C82000000000B2
:106140008036BE260000000000AE4C2D000000008E
:1061500000621132000000008025DB3300000000E7
:1061600000E9A43500000000C0FB0D310000000074
:1061700080F8A93200000000008F423300000000C8
:1061800000BC73340000000080520C350000000099
:10619000807F3D36000000000016D636000000006B
:1061A00080D99F3800000000009D693A000000007F
:1061B0008033023B0000000000CA9A3B0000000050
:1061C000808D643D0000000080BA953E0000000014
:1061D00000512E3F0000000080E7C63F0000000095
:1061E000007E5F400000000000AB90410000000016
:1061F00000D8C14200000000806E5A430000000039
:106200000005F3430000000000811B2C000000008B
:1062100000E9A435000000000016D636000000009A
:106220008014F8400000000000D8C14200000000C7
:10623000004E725300000000007BA35400000000D9
:1062400080F2315B000000000097F1620000000066
:106250000094357700000000005621830000000004
:1062600080ECB9830000000000453E900000000073
:10627000009CE4A600000000805FAEA800000000C3
:10628000001295B700000000803A2CD700000000F3
:1062900080CFE6E10000000080DA51FD0000000040
:1062A000809C3D0901000000102700000000000054
:1062B000204E00000000000050C30000000000005D
:1062C000A086010000000000400D03000000000057
:1062D000E09304000000000040420F0000000000B6
:1062E00080841E000000000000093D000000000046
:1062F00080C3C9010000000080FE210A00000000E8
:10630000809020290000000000512E3F0000000076
:10631000802D8A63000000000056218300000000E9
:10632000009CE4A60000000080327DA70000000071
:1063300080E8780401000000006B72260100000074
:10634000002AA246010000009A996141713D424134
:1063500085EB0141EC51C040C3F52840AE47E13D1B
:1063600000000000EC51B8BD713DCA3F0AD7C33FE1
:106370003D0AB73FB81E853E713D8A3FD7A3D03F47
:10638000B81E853F48E1DA3F6666863FB81E853F06
:10639000D7A310409A9991403D0A43413D0A1341C9
:1063A00014AED7401F855B401F850B40AE47E13DD3
:1063B000A470BDBE000000008FC2F53CF6281C3F53
:1063C000D7A3D03FCDCC4C3E0AD7233F1F852B3FD0
:1063D000D7A3D03FD7A3903F0AD7833F0AD7C33F65
:1063E0005C8F1240EC51684000000000713D0A3F94
:1063F0007B142E3FA4709D3F7B14AE3FE17AB43FE7
:10640000D7A30040EC5108401F853B409A99394082
:10641000C3F578401F8583408FC2AD40A47095407E
:10642000295CD7406666CE4000001841B81E114175
:1064300033331741C3F50441000000000AD7233F5E
:10644000B81EA53F85EB913F3D0AD73F3D0A973FD8
:10645000C3F5883F66661640A4704D40AE47814044
:106460009A99A9405C8F92401F850341F6281041FC
:1064700052B82241E17A7C4114AE8D4152B890412C
:10648000EC51A841AE47A741D7A35A42F6284A4249
:10649000D7A33C4200000B428FC2E941D7A3D041B1
:1064A000E17A7C41E17A6C41AE476541295CAF3FBE
:1064B000295C8F3F7B148E3FB81E053F1F856B3EC6
:1064C000CDCC4C3E00000000AE47E13D1F85EB3EC9
:1064D0008FC2F53E0000403FA4705942CDCC4A42E5
:1064E00048E13D42D7A30B42295CE341A470AB4194
:1064F000D7A38A41F6286041CDCCAC3FCDCCAC3F90
:106500003D0A573F8FC2353F0000803E0AD723BD6A
:10651000000000005C8F42BE8FC2753E3D0A573EB0
:106520001F852B3FA4707D3F00000000D7A36C4166
:106530003333474185EB7D41D7A37041A47075414A
:1065400066667E411F8597418FC28941AE478B4168
:10655000B81EB5418FC2CD411F85FB418FC2FD41A1
:10656000EC510442F6280442C3F506425C8F2D42EA
:1065700048E14442F6284D4217B7D1380AD7E341E3
:10658000C3F5E841A47000423333FD416666124210
:10659000E17A064200000E42EC511A423D0A2742BF
:1065A00000003C425C8F4442F6285042E17A50425F
:1065B0007B145C425C8F604214AE8142F6288642B6
:1065C000F6288F4200809042EC51C0400AD77340B9
:1065D0006666064014AEC7BEC3F518C0333353C059
:1065E000F6286CC085EBB1C09A99C1C03333CBC0DB
:1065F0006666BEC048E19AC052B8A6C0B81EBDC00B
:106600009A99C1C0713DB2C014AEAFC048E192C00A
:10661000295C6FC048E1FABF5C8F72C0D7A360C02D
:10662000EC5158C01F854BC085EB41C09A9939C0C9
:10663000F6282CC0EC5118C0000000C0E17AF4BF6D
:1066400052B8DEBFE17AB4BFE17A94BF14AE87BF1F
:10665000295C4FBF295C4FBFD7A3F0BEE17A94BE3F
:10666000CDCCCCBD0AD7233D295C0F40E17A144044
:106670001F853B400AD7C33F85EB513F7B142EBF9C
:10668000000080BECDCCCC3E3D0A57BE295C8FBDFC
:10669000713DCA3F333313403D0A174052B89E3F05
:1066A0008FC2F53C295C8F3E333323C07B142EC050
:1066B0000AD7A3BF48E13A3F1F85BB40713D6A40FE
:1066C0006666A63F713D4ABF9A9929C05C8F62C039
:1066D000AE4799C0B81EB5C09A99C1C05C8FCAC0F8
:1066E00085EBA9C052B8BEC00AD79BC0EC5198C078
:1066F000A47085C0A470FDBF5C8F32C0C3F528BFF5
:106700008FC205401F85EB3F1027000000000000EE
:10671000204E00000000000060EA000000000000C1
:10672000400D030000000000801A06000000000079
:10673000C02709000000000060AE0A000000000051
:1067400040420F0000000000C0C62D000000000005
:1067500080C3C9010000000000B4C40400000000B0
:10676000802B530B00000000001C4E0E00000000A8
:1067700000DE391A0000000080DC5B24000000000D
:1067800000A02526000000008044E52D0000000048
:1067900080F8A9320000000000BC73340000000043
:1067A00000E9A435000000001027000000000000F0
:1067B000204E000000000000409C0000000000008F
:1067C000A086010000000000400D03000000000052
:1067D000801A060000000000C02709000000000029
:1067E00060AE0A000000000040420F000000000000
:1067F00000093D00000000008096980000000000A5
:1068000080C3C90100000000804A5D05000000004F
:1068100080A4BF070000000000EF1C0D0000000076
:1068200080397A120000000080AF2A2300000000A7
:106830000027B929000000000062113200000000AA
:1068400000E9A4350000000080C3C9010000000079
:106850000027B92900000000808D643D0000000081
:1068600000B6FB5C0000000080461C8600000000B3
:10687000800DFBD500000000804597F2000000006D
:106880000025AF02010000008031F8130100000074
:1068900080F3E31F01000000804D4622010000004C
:1068A00080B21340010000008055F5510100000046
:1068B00000ABBD72010000008003427F01000000B8
:1068C0008011698601000000000264890100000057
:1068D00000C44F9501000000004827AD01000000F2
:1068E000801918B60100000080C3C9010000000033
:1068F0000027B929000000008014F84000000000C3
:106900000089CA5B0000000080EF756F0000000086
:10691000802456A00000000080D55EB90000000071
:1069200000F0CED10000000000286BEE0000000057
:1069300080268DF8000000000052E00301000000F6
:1069400080C6B21E01000000001C7B3F0100000059
:106950000065FA4E0100000080F8D66301000000D7
:1069600000ABBD7201000000009ADA7F0100000058
:106970008079F28F01000000801CD4A1010000008A
:10698000801918B601000000003B58080000000004
:1069900080D1F008000000000068890900000000B4
:1069A0000095BA0A000000000076B0100000000058
:1069B0008066AB1300000000801A70180000000011
:1069C0000065CD1D0000000000BF2F20000000006A
:1069D00000EC60210000000080CB78310000000056
:1069E000006211320000000000BC7334000000009F
:1069F000807F3D360000000080D99F3800000000F5
:106A00008006D139000000008033023B0000000006
:106A100080BA953E0000000080412942000000003D
:106A2000806E5A4300000000003B58080000000040
:106A300000688909000000000095BA0A0000000003
:106A40000076B0100000000080C00D1600000000AD
:106A500080ED3E17000000008047A11900000000F3
:106A6000000B6B1B0000000080FB651E0000000097
:106A70008028971F0000000000EC6021000000004B
:106A800080CB78310000000000621132000000006D
:106A9000008F42330000000000E9A4350000000030
:106AA000004307380000000000CA9A3B00000000C5
:106AB00080BA953E0000000080E7C63F000000005D
:106AC000806E5A430000000080C3C901000000002E
:106AD00000F2052A0100000000B4F13501000000B9
:106AE00000B1354A01000000803E9A870100000095
:106AF000004827AD01000000000757CD010000004D
:106B000080C764E30100000080E3B2F101000000EF
:106B1000005B41F80100000080FF0000020000005F
:106B200080CF13130200000080B00919020000009A
:106B300000BD522A02000000009B8C4402000000AD
:106B40000022204802000000802042520200000083
:106B500000D06C75020000008063498A02000000CA
:106B600000AEA68F0200000080C3C9010000000033
:106B700000F2052A0100000000B4F1350100000018
:106B8000001C7B3F0100000000DE664B010000009E
:106B900000FAB4590100000080E7F3700100000022
:106BA00000C70B810100000000108B900100000065
:106BB000006475BB010000000042AFD50100000079
:106BC000801E0BFA0100000080678A0902000000A5
:106BD00080EB6121020000000036BF2602000000A9
:106BE000805B9A5A02000000803C90600200000026
:106BF00080DF7172020000008063498A0200000099
:106C000000AEA68F02000000102700000000000068
:106C1000204E00000000000060EA000000000000BC
:106C2000400D030000000000801A06000000000074
:106C3000C02709000000000080841E000000000042
:106C4000404B4C000000000080C3C9010000000060
:106C5000000E27070000000000C2EB0B0000000040
:106C600000D01213000000000084D71700000000BD
:106C70008074D21A000000000065CD1D00000000E5
:106C80008082F921000000000027B92900000000DF
:106C900000DB7D2E000000008025DB3300000000BB
:106CA00000E9A43500000000C0FB0D310000000029
:106CB00080AC6E3700000000004307380000000081
:106CC00080D99F380000000080E7C63F0000000028
:106CD0000005F343000000000005F343000000003E
:106CE0000005F343000000000005F343000000002E
:106CF0000005F343000000000005F343000000001E
:106D00000005F343000000000005F343000000000D
:106D10000005F343000000000005F34300000000FD
:106D20000005F343000000000005F34300000000ED
:106D30000005F343000000000005F34300000000DD
:106D40000005F3430000000000811B2C0000000040
:106D50008044E52D000000000035E0300000000018
:106D600000BC73340000000000430738000000003E
:106D700000F7CB3C0000000080E7C63F00000000A9
:106D800000AB9041000000000005F343000000004C
:106D900080221F4800000000804F50490000000082
:106DA0008003154E0000000000C7DE4F0000000009
:106DB00000D5055700000000003D8F600000000076
:106DC0000097F1620000000000F153650000000030
:106DD00080E14E680000000000A5186A0000000075
:106DE000009435770000000010270000000000002C
:106DF0003075000000000000803801000000000035
:106E0000400D030000000000801A06000000000092
:106E100080841E0000000000404B4C000000000079
:106E200000497F0F000000000027B9290000000082
:106E300080BA953E0000000000E32C5E00000000D8
:106E4000009CE4A60000000080327DA70000000046
:106E5000001A44E70000000000C5D428010000002B
:106E600080FB924F0100000000F43C820100000012
:106E700080D354920100000000863BA10100000075
:106E800000EB08BF0100000048E19C4166668441B8
:106E9000295C4F411F8523418FC22D41A470F540CD
:106EA000EC514840D7A3D03FAE47E13EACC52737B1
:106EB0008FC2753D48E1BA3FAE47E13FC3F5283F79
:106EC000CDCC4C3E0AD7233F52B85E3F9A99F93F4A
:106ED000A4701D40EC5168405C8FBE413D0A814169
:106EE000D7A350419A9929418FC219418FC2294194
:106EF0000000F040E17A64408FC205405C8FC23EE2
:106F00008FC2F53DACC5273748E13A3F9A99F93F22
:106F10003D0AD73FB81E0540295C8F3F7B148E3F4A
:106F2000F628FC3F5C8F8240ACC52737B81E053E73
:106F3000E17AB43F14AEA73FAE472140AE47C1400F
:106F40001F85CB4052B8E640E17A1041B81E194186
:106F5000AE47214148E112413D0A1341CDCC4441A5
:106F6000C3F544417B144E41D7A3544152B87A41F2
:106F700085EBB7410AD7C141BD37863585EBB13FB7
:106F8000F6289C3FD7A3D03F66663640295C5F4019
:106F900014AEB740713DC2400AD7FB4085EBE940D3
:106FA0007B144E40F628444133334B410AD73341DA
:106FB000C3F54C41C3F53C41C3F55441F6288E411D
:106FC0000000A241C3F5D24133335D42EC5150423F
:106FD00052B84D4285EB3E42B81E0E423D0AF74183
:106FE0003D0AC54114AE914185EB7D4166667A410B
:106FF000EC512840EC5128408FC2B53FB81E453FA8
:10700000713D4A3FC3F5A83EB81E853EACC5273743
:107010009A99993EC3F5283F0AD75D42B81E4E4261
:10702000000041420AD70F421F85DD41D7A3D4415A
:10703000F628BA41F628AC4148E18C4166668241A7
:107040007B1476413D0A27403D0A27409A99D93F53
:107050000000A03F713D8A3E0AD7A33CACC527374C
:10706000CDCCCC3EA4703D3FACC5273785EB654108
:107070000AD753419A994941F6288041C3F5BE4148
:10708000295CBD41F628D4410000E241295CED4174
:1070900048E1F84114AE19421F851C42AE47174221
:1070A000C3F51E4252B82142333329423D0A5C42A5
:1070B0000AD74F4214AE5142ACC52737A470A9413C
:1070C0009A99A941A470A541F6288E4100008441F7
:1070D0009A99754152B892416666BA41AE47EB4102
:1070E0005C8FE641000009421F851642B81E3C42F3
:1070F000E17A404252B852427B145942C3F57E4273
:10710000295C6542EC51664285EB0541C3F5B04010
:1071100033331340295CAFBFC3F548C01F855BC044
:1071200085EBA1C048E1B2C06666BEC048E1B2C00E
:107130009A9991C085EBA1C085EBA1C048E1B2C08E
:107140003333ABC0C3F5B8C00AD7A3C0A470A5C081
:107150000AD773C014AE17C09A9979C052B82EC01E
:10716000333323C0000020C0B81E85BF8FC2F5BCDA
:107170008FC2F5BC8FC2F5BC8FC2F5BC8FC2F5BC07
:107180008FC2F5BC8FC2F5BC8FC2F5BC8FC2F5BCF7
:107190008FC2F5BC8FC2F5BC8FC2F5BC8FC2F5BCE7
:1071A0008FC2F5BC8FC2F5BC000050C0D7A320C071
:1071B0005C8FE2BF1F85ABBF0AD723BE333333409A
:1071C0000AD7AB40295CA740D7A370407B146EBFA1
:1071D000A470FDBF52B896C0B81EADC0B81EEDC0B9
:1071E0007B140AC1E17A08C1E17A04C1B81EF5C076
:1071F00085EBF1C0C3F5B8C00AD70341E17A8440FA
:1072000014AEA73F14AEC7BF5C8F52C048E1A2C006
:1072100048E1B2C01F859BC0C3F5B8C01F8593C0AD
:10722000A47095C0AE4701C01F853BC0EC51B8BEED
:1072300085EB31401F85EB3F3D0A9F40B81E014161
:10724000CDCC2C418FC2B341417474656E756174AD
:107250006F72200041626F76652000446973706C24
:10726000617920005061737362616E64200053691C
:10727000676E616C206C6576656C2000466C61748D
:107280006E65737320004672657175656E63792053
:1072900000000000000000000000000000000000EE
:1072A00000000000E3C8EB3DE3C8EB3DE3C86B3EE4
:1072B0000000803F0000803F0000803F0000803FD2
:1072C0002DF9643E58E2213F6F12833A000000001E
:1072D00074F53B42BAFAD5420000000000000000FD
:1072E0000000000000000000252E32667600012517
:1072F0007320252E334625732573257325730001CE
:10730000257320252E31662573257325732573007B
:107310002F487A002F5400012520372E33460025B0
:10732000342E316664426D2F253351487A0025345E
:107330002E316625252025342E31666442630053A4
:107340004E523A2025342E31666442005749445447
:10735000483A2025382E3351487A0025382E3351AB
:107360000044455054483A202533642525004445BF
:1073700056494154494F4E3A25362E3151487A00EC
:1073800025362E315100232564205448443A2025C7
:10739000342E316625250054494E595341204E461E
:1073A0003A2025342E31660054494E595341204E1F
:1073B00046204552524F523A2025342E316600471E
:1073C00041494E3A2025342E316664422020204E19
:1073D000463A2025342E316600014F4950333A2079
:1073E00025342E316664426D0025732D494E4600CA
:1073F00025392E2A51487A007368696674656400DD
:10740000252E3351487A2025352E3151487A2F00C8
:10741000204357202551487A002054494D452025C6
:107420002E3346730020535441525420252E36519A
:10743000487A2020202025352E3151487A2F2025CA
:1074400073002053544F5020252E3651487A002087
:1074500043454E54455220252E3651487A2020204F
:107460002025352E3151487A2F2025730020535086
:10747000414E20252E3651487A0052454455434509
:1074800044204C494E4541524954590000000000E7
:107490001412020000000000481A02000000000060
:1074A000C033070000000000184F07000000000074
:1074B00040771B000000000080841E0000000000D8
:1074C000E067350000000000C0FB3900000000004C
:1074D000D01B5000000000001029530000000000E5
:1074E000C0CF6A000000000000DD6D000000000059
:1074F000201D9A000000000070E09A0000000000CB
:10750000809FD50000000000B0F6DA000000000007
:1075100020B2130100000000C03815010000000077
:10752000406F400100000000104D470100000000C6
:1075300090CA7B010000000030517D010000000076
:10754000003FAB0100000000A02FC50100000000BB
:1075500080F0FA020000000000751903000000002E
:10756000801D2C0400000000A0BE330400000000B9
:107570000044950800000000004DD2080000000003
:1075800080733B0D00000000403A690D00000000D0
:1075900000B10819000000008074D21A0000000039
:1075A000806DC33500000000002850370000000047
:1075B00000E6E84900000000006D7C4D000000007E
:1075C000003717890000000080CDAF89000000005F
:1075D0008081748E00000000800808920000000086
:1075E0000001B2C40000000000C39DD000000000F4
:1075F0008028C450010000004053286101000000B1
:1076000000E40B54020000000049D97102000000A0
:1076100000007FC07FC07FC07FC07FC07FC07FC0B1
:107620007FC07FC03F801F000E000400FFE080206D
:1076300086208E2096208620862086208620862002
:107640004F40208011000A00FFE080208F2099A089
:1076500099A081A083208E20982098205F402080D0
:1076600011000A00FFE080209F20B1A0B1A081A0FE
:10767000872081A0B1A0B1A05F40208011000A0046
:10768000FFE08020832087208F209B20B320B32021
:10769000BFA083204340208011000A00FFE080202B
:1076A000BFA0B020B020BF20B1A081A081A0B1A018
:1076B0005F40208011000A00FFE080209F20B1A0E1
:1076C000B020B720B9A0B1A0B1A0B1A05F40208088
:1076D00011000A00FFE08020BFA0B1A081A083209C
:1076E00086208C208C208C204C40208011000A00A9
:1076F000FFE080209F20B1A0B1A09F20B1A0B1A049
:10770000B1A0B1A05F40208011000A00FFF88008FE
:107710008008800899C8A52891288928A52899C893
:1077200040084008C008800855587FF8B800B800E5
:10773000B800B800B800B800B800C000C000C00071
:10774000C000C000C000C000C800C800C800C80019
:10775000C800C800C800D000D000D000D000D000C1
:10776000D800D800D800D800E000D800E000E00041
:10777000E000E000E000E800E800E800E800F000D9
:10778000E800F000F000F000F000F000F800F80071
:10779000F800F800F800F800F800F840F860F86029
:1077A000F860F8A0F8A0F8A0F8C0F900F900F90016
:1077B000F920F960F941F940F9A1F9A1F9A1F9A17C
:1077C000FA01FA01F9E1FA21FA41FA42FA41FA81A1
:1077D000FAA2FA82FAA1FAE2FAE2FAE2FB22FB2228
:1077E000FB42FB22FB42FB82FBA2FBA2FC02FC222F
:1077F000FC02FC41FC82FC81FC81FCC1FCE1FCE15F
:10780000FCE1FD61FD61FD61FD81FDC1FDC1FDC1C9
:10781000FE01FE41FE21FE41FEA0FEA0FEA0FEC034
:10782000FF20FF20FF00FF40FF80FF80FF80FFC0A0
:10783000FFE0FFE0FFE0FFE2FFE2FFE3FFE4FFE63F
:10784000FFE5FFE5FFE8FFE9FFE8FFE8FFEBFFEBFF
:10785000FFEBFFEDFFEFFFEEFFEEFFF1FFF1FFF1BA
:10786000FFF1FFF5FFF4FFF4FFF6FFF7FFF7FFF777
:10787000FFF9FFFBFFFAFFFBFFFDFFFEFFFDFFFE31
:10788000FFFFFFFFFFFFEFBFE79FE79FE79FD73FA8
:10789000CF3FD73FCF1FB6FFBEFFBEFFAEBFA69FF5
:1078A000A69FA69F8E3F8E3F8E5F8E3F7DDF75FF2A
:1078B0007DFF75BF659F659F65BF555F4D5F4D5FE0
:1078C000555F34DF3CFF3CFF34DF249F24BF249FFF
:1078D000249F1C5F1C3F1C3F1BDD1BDD1BDD1BBDF4
:1078E000135C135C137C131B12FB12FB12FB0A9A32
:1078F0000A9912990A790A180A180A3809D709B791
:1079000009B709B7015601550155013500D400D416
:1079100000D4009300730073007300120012001271
:1079200000110011001100110010001000100000E3
:10793000887B02083CA9020844A902084CA9020855
:1079400054A902085CA90208E4A6020860A902087A
:1079500050A5020868A90208424D7AB00400000050
:1079600000007A0000006C000000E001000040010F
:107970000000010010000300000000B00400C40E6D
:107980000000C40E0000000000000000000000F82D
:107990000000E00700001F00000000000000424758
:1079A0005273000000000000000000000000000012
:1079B00000000000000000000000000000000000C7
:1079C00000000000000000000000000000000000B7
:1079D0000000000028002C01A000144D18012C010B
:1079E000A000144DB8012C012800141100002C0136
:1079F0002800140C00000000A0001E0544454C00A7
:107A00003C003E0058004E4F2043415244002D2080
:107A10002575207C202575202D00466F726D6174C0
:107A20002065727200526573746172742074696E9D
:107A300079534120746F206C6F6164206E657720EC
:107A4000636F6E66696700496E666F004C6F6164B4
:107A5000656400003FF0201020102010201020103E
:107A600020102010201020103FF03FF02008201898
:107A70002030206028D02D902710221020103FF0B9
:107A80003FF8200823E826682C682C682FE82C682B
:107A90002C6820083FF83FF820082C682C682EE856
:107AA0002FE82D682D682C6820083FF8000007801B
:107AB0000840102020102010201020101020084016
:107AC0000780000007800840132027902FD02FD078
:107AD00027901320084007804C4556454C0A4552D4
:107AE000524F520044455054480A4552524F52009A
:107AF000252B346400252B342E3346002563257353
:107B000000252E32462F0050415553454400415226
:107B10004D454400414D00417474656E3A0A253468
:107B20002E324664420043616C633A0A2573005367
:107B30007075723A0A2573004D61736B3A0A4F4EA5
:107B4000004E6F726D2E005242573A0A252E314672
:107B5000487A005642573A0A252E3146487A00257F
:107B6000635363616E3A0025352E334673004C4EE5
:107B7000413A4F4E00556C7472613A0A25335148B0
:107B80007A00436F72723A0A4F4646005061746839
:107B90003A0A2573005265663A0A25644D487A0010
:107BA0004761696E3A0A25342E3166644200526597
:107BB000706561740A2078256400545249473A0080
:107BC00025362E31660025362E3446002020202012
:107BD00020003230253032642F0A25732F253032B1
:107BE000640025346400252B332E3046487A005338
:107BF000657400252B646442000000000000000052
:107C000000000000050000001591010805000000BB
:107C10001591010805000000159101080000000001
:107C20000000000000000000000000000000000054
:107C30000000000000000000000000000000000044
:107C40000000000015000000159101080000000070
:107C5000000000000000000000000000150000000F
:107C60001591010800000000000000000000000065
:107C70000000000000000000000000000000000004
:107C800000000000000000000000000000000000F4
:107C900000000000000000000000000000000000E4
:107CA00000000000000000000000000000000000D4
:107CB00000000000000000000000000000000000C4
:107CC00000000000000000000000000000000000B4
:107CD00000000000000000000000000000000000A4
:107CE0000000000000000000000000000000000094
:107CF0000000000000000000000000000000000084
:107D0000000000000000000000000000252E365199
:107D100000252E3951487A00755600556E636F72F2
:107D20007265637465640025662F00252E33460056
:107D300025646442004155544F0025647573002545
:107D40002E316620746F20252E316664426D002529
:107D50002B2E31666442257320257300252B2E318E
:107D6000666442257300252E316600252E31666437
:107D7000420025382E3446487A0025336400252EEB
:107D80003451487A00253032643A253032643A253D
:107D9000303264003230253032642F253032642F87
:107DA0002530326400000000DCA80208E0A80208C8
:107DB000E4A80208E8A80208ECA80208F0A8020853
:107DC000F4A80208F8A802080050464E4D544F553A
:107DD0004348202573202A00140000000000000002
:107DE0002000000000000000466972737420636187
:107DF0006C696272617465203130306B487A20742E
:107E00006F20372E323547487A20696E70757400BE
:107E100046697273742063616C6962726174652073
:107E20003130306B487A20746F20352E3334474818
:107E30007A20696E707574004572726F720000006E
:107E40000000000002000000000000007800480070
:107E50000000600030003000BC570208189A020889
:107E60001C9A0208209A0208249A0208AC570208B9
:107E7000289A02082C9A0208309A0208349A0208BA
:107E80001000130A0300020112022203010411056B
:107E90002106000710082009300F310E320D330C77
:107EA00023100000807E0208F8AA0208807E0208E3
:107EB00000AB0208807E020808AB0208807E020840
:107EC00010AB0208807E020818AB0208E4800208AA
:107ED00020AB0208088102082CAB02082C810208A2
:107EE0000C9C0208E480020834AB0208807E020881
:107EF00044AB02082C81020848AB02089C800208AF
:107F00008CA202082C810208CCA602082C8102084F
:107F100058AB0208C080020864AB02082C8102083A
:107F200068AB02089C80020878AB0208E480020873
:107F300024AB02089C80020884AB0208A4810208DA
:107F400090AB02082C810208A0AB02082C81020829
:107F5000B0AB02082C810208C0AB02082C810208D9
:107F6000F49D0208807E0208D0AB02082C81020832
:107F7000DCAB02089C8002088CA202089C800208EC
:107F8000ECAB02089C800208F4AB02089C8002085B
:107F9000FCAB0208807E020804AC02082C810208B7
:107FA00010AC0208807E020818AC02089C8002080F
:107FB000B4A102082C810208C8A102082C81020881
:107FC000D4A102082C8102081CAC0208807E0208A1
:107FD00024AC0208807E020830AC02082C81020822
:107FE0003CAC02089C80020824AB0208807E020898
:107FF00018AB0208E480020824AB0208807E020865
:1080000054AC0208807E020860AC0208807E020840
:108010006CAC0208807E020878AC0208E48002089A
:1080200024AB02085081020884AC0208A481020833
:108030008CAC0208807E020898AC02089C80020882
:10804000FC9F02089C8002082CAB0208807E02087C
:10805000A4AC0208807E0208B4AC0208807E02084C
:10806000C0AC02082C810208CCAC02082C810208AA
:10807000E0AC02082C810208F4AC0208508102082E
:1080800084AC02082C8102080CAD02085081020861
:1080900084AC0208A481020814AD02081000130A7F
:1080A0000300020112022203010411052106000748
:1080B0001008200930163115320B330C2310000044
:1080C0001000130A03000201120222030104110529
:1080D0002106000710082009300E310D320B330C39
:1080E000231000001000130A0300020112022203F1
:1080F000010411052106000710082009301631156A
:10810000320B330C231000001000130A030002018D
:1081100012022205012311242125002610272028E0
:10812000301731163215330C231000001000130ADB
:1081300003000201120222030104110521060007B7
:1081400010082009331923103063316332630000B3
:10815000280100311032203330344035503660373A
:1081600070388039903001511157214531524154B6
:10817000515961557149814F915002411253224426
:10818000324642475248624A724B824C925F032DFC
:10819000135A2358334343565342634E734D831A45
:1081A000931600001000130A0300020112022203BA
:1081B00001041105210600071008200923103215BB
:1081C000330C306331630000000000000000000148
:1081D000000100010000000000000000000100019B
:1081E00000010000000000000000000000600039F5
:1081F0000FFF0039006000000000000000010001D6
:10820000000100000000000000000000000000016C
:1082100000010001000000000000006000390FFFB5
:1082200000390060000000000000000000000001B4
:1082300000010001000000000000018007010FFFA5
:10824000070101800000000000000000018007011C
:108250000FFF070101800000000000000001000185
:108260000001000000000000000000000030003DA0
:1082700003FF043D0830100010000830043D03FFE8
:10828000003D003000000000887B0208C456020850
:10829000A09F0208ECA90208B49F0208F0A90208F6
:1082A000F8A90208147B0208DC9F0208E09F02087C
:1082B000D4A1020800AA020808AA020810AA02080B
:1082C00018AA020820AA020828AA02080200F8A296
:1082D000020815C50108020104A3020815C501081A
:1082E000020214A3020815C50108020324A3020810
:1082F00015C50108020438A3020815C501080205C6
:1083000048A3020815C5010802065CA3020815C5AA
:10831000010802076CA3020815C50108000000004F
:1083200000004884020800000208BCA20208ADB99F
:1083300001080209C8A20208ADB90108020AD8A2C0
:108340000208ADB90108020BE8A20208ADB90108A4
:10835000000000000000488402080000060860A237
:1083600002086CA2020801008CA202089083020895
:1083700001009CA20208CC8202080100ACA2020803
:108380002883020800000000000048840208000062
:1083900003008CA302083DC70108030098A302084C
:1083A00065C601080300A4A3020869C5010800000E
:1083B00000000000488402080300BC89020819D9A3
:1083C0000108460764A6020878A60208231E84A6B0
:1083D0000208E1D80108800000000000488402087B
:1083E000306442000300887B0208EDE701080301C6
:1083F000B0A60208EDE701080302BCA60208EDE7FB
:1084000001080303C8A60208EDE701080304D4A687
:108410000208EDE701080305DCA60208EDE7010804
:108420000306E4A60208EDE701080307ECA602082C
:10843000EDE701080308F8A60208EDE701080000CF
:108440000000000048840208040070A60208000032
:10845000000000000000000000000000062B889BC8
:108460000208F8A40208062C949B020800A5020842
:10847000062DA09B020808A50208062EAC9B020848
:1084800010A50208062F18A502087A9202080630E5
:1084900024A5020830A50208020038A5020885D9E3
:1084A0000108000000000000488402080B80000062
:1084B0000000A1BE01080300D8A40208218B010816
:1084C0000207E0A4020815CE01080207ECA4020886
:1084D000F9E3010800000000000048840208252E8E
:1084E0003646487A0A252E3646487A00425249478F
:1084F00048544E45535320253364252520001A2027
:10850000555345204C4556454C45522042555454F0
:108510004F4E201B0000000083000C9F020829BA68
:1085200001088300289F0208D1B901088202409FF8
:10853000020895D20108800000000000488402086B
:108540008501749F0208D1B901088203689F02085F
:1085500095D2010880000000000048840208252E02
:10856000335100008500549F020800000000820182
:10857000689F020895D2010880000000000048842E
:108580000208436C65617220756E6C6F636B2063CB
:108590006F646500496E636F727265637420636F08
:1085A00064652C207573652031323334000000007F
:1085B0000100609D0208049602080202689D0208FC
:1085C00045E201080204749D020845E20108020325
:1085D000809D020845E201080300BC89020851D0D1
:1085E0000108060F889D0208989D02080300A49DBB
:1085F00002088DCF01080100B89D02083C870208DF
:108600000100C49D0208148602080000000000005A
:10861000488402080300CC9D0208DD7E0108430067
:10862000D89D0208C97E01080300E49D0208E9CE36
:1086300001080617F49D0208089E02080632409EB3
:108640000208509E020802005C9E020831C8010820
:1086500001006C9E0208788602080100789E0208DC
:108660005C83020801008C9E0208E490020800006E
:1086700000000000488402080300EC9E02081D90E0
:1086800001080304F09E02081D9001080100F89EF5
:108690000208D09002080000000000004884020890
:1086A0008B7000000000E9C201088100D49F02081D
:1086B000C086020800000000000048840208000094
:1086C0008B7700000000E9C201088100D49F0208F6
:1086D000E086020800000000000048840208000054
:1086E0008B6E00000000E9C20108000000000000DD
:1086F0004884020825382E3351487A20252B342E01
:1087000031666442004C6576656C206F6620252ECC
:108710003351487A206F757470757400020180A31C
:1087200002089DD30108020084A302089DD301081A
:108730000000000000000000000000000639AC9EB0
:108740000208000000000638BC9E0208000000007D
:108750000000000000004884020800000300989C0C
:1087600002085980010803010000000045E60108E5
:108770000301A49C020811E601080301B09C020851
:1087800045C901080613BC9C0208C89C02080100E8
:10879000DC9C02081C9502080100EC9C0208449530
:1087A00002080300FC9C0208E190010801000C9DF6
:1087B0000208C8890208000000000000488402087E
:1087C00054494D45004652455155454E43590000C8
:1087D0000300887B0208A17E010803021C9A02089C
:1087E000A17E0108030340A40208A17E010803043E
:1087F00044A40208A17E01080305209A0208A17E74
:1088000001080000000000004884020883006CAAF0
:108810000208197F01088602181400208C720020BB
:10882000861A88AA02082C14002083000000000089
:1088300041BB010883000000000081BA01088300E9
:10884000000000002D8E0108861094AA0208A8AA34
:10885000020881FFB4AA0208C49102088400EC9ABD
:10886000020800000000800000000000000000007E
:10887000456E7465722061637475616C20696E70F9
:108880007574206C6576656C00496E7465726E61F6
:108890006C732061636365737320636F64650000AC
:1088A0000100F49B0208389002080200009C0208B4
:1088B000A1E5010801000C9C0208B8830208010030
:1088C000189C0208E49702080610209C0208000089
:1088D00000004300309C020881E501080100349C3F
:1088E0000208E896020803003C9C02084DE50108D6
:1088F000000000000000488402084174206C65619B
:108900007374206F6E6520656E74727900000000CC
:10891000062958A5020868A50208062A18A5020813
:108920007A920208020038A50208B5D701080000B3
:1089300000000000488402080B8000000000F1BC29
:108940000108020640A5020815CE010802064CA542
:108950000208F9E301080000000000004884020852
:10896000252E3646487A0A252E3246257300000009
:10897000030070A802081DDC01080B410000000084
:108980001DDC0108036580A8020869DB01080308F3
:108990003C9B0208098D0108020590A80208F9E332
:1089A00001080100A0A802081C94020800000000B1
:1089B0000000488402084C4F41440A0825730045D2
:1089C0004D5054592025640002010C9D020801E617
:1089D000010802009C9E020801E601080000000058
:1089E000000048840208000083004CA70208F5D06C
:1089F0000108830168A70208F5D0010881FF44A798
:108A00000208B085020880000000000048840208C7
:108A10002053494E4500205351554152452057415E
:108A2000564500204D4958455200204841524D00BE
:108A3000257325732573257325730000830008A70C
:108A40000208F5D00108830124A70208F5D0010827
:108A500081FF44A70208B0850208800000000000E2
:108A6000488402088300C0AA0208197F0108860210
:108A700018140020DCAA0208860B88AA02082C140D
:108A8000002083000000000041BB010883000000BB
:108A9000000081BA01088300000000002D8E01084B
:108AA000861094AA0208A8AA020883FFECAA02086A
:108AB000F5D001088400EC9A020800000000800054
:108AC0000000000000000000010048A40208248B00
:108AD0000208010058A40208808B0208010064A467
:108AE0000208D08B0208030174A40208B1900108A7
:108AF000030284A40208B1900108030484A40208BC
:108B0000B1900108030684A40208B190010803088B
:108B100084A40208B190010800000000000048840D
:108B200002080000030098A50208F9BB010803022F
:108B3000A4A50208F9BB01080304B0A50208F9BB0B
:108B400001080320B8A50208F9BB01080308C4A561
:108B50000208F9BB01080310D0A50208F9BB0108FF
:108B60000100E0A50208D08B02080240E8A5020837
:108B700069D40108000000000000488402080000D9
:108B8000020090A4020855D50108020198A4020829
:108B900055D501080202A0A4020855D50108020318
:108BA000ACA4020855D501080204B4A4020855D5A6
:108BB0000108000000000000488402080B81C0A4E6
:108BC000020811D4010800000000000048840208D7
:108BD0000204F0A50208118A0108020000A602089A
:108BE000118A010802010CA60208118A010802027A
:108BF00018A60208118A0108020324A60208118A95
:108C00000108030030A60208A9C801080320B8A57E
:108C10000208F9BB010803003CA60208DDE20108D6
:108C2000060D4CA6020858A602080000000000002D
:108C3000488402080B81CCA40208BDD401080000BE
:108C400000000000488402080B408CA50208D5D320
:108C50000108000000000000488402080300887B2F
:108C6000020831E801080301949F020831E8010875
:108C70000302A09F020831E801080303A89F02082D
:108C800031E801080304B49F020831E80108030534
:108C9000B89F020831E801080306C49F020831E8C2
:108CA00001080100D49F0208B88C020800000000EF
:108CB00000004884020800000307147B020831E822
:108CC00001080308DC9F020831E801080309E09F5E
:108CD000020831E80108030AE49F020831E80108AC
:108CE0004310F49F020831E801084100FC9F02088C
:108CF000508E020800000000000048840208496EFF
:108D0000636F727265637420696E70757400467269
:108D1000657175656E6379206F662066756E646136
:108D20006D656E74616C005370616E2028303D6615
:108D3000756C6C207370616E290046726571756583
:108D40006E6379206F66206C656674207369676E48
:108D5000616C005269676874207369676E616C00AA
:108D60004672657175656E6379206F6620736967F9
:108D70006E616C004672657175656E6379206F6611
:108D8000667365740042616E647769647468004D4F
:108D90006F64756C6174696F6E206672657175655C
:108DA0006E63793A20353030687A202E2E203130AB
:108DB0006B487A004D6F64756C6174696F6E2066E4
:108DC00072657175656E63793A203530487A202E68
:108DD0002E2032306B487A004672657175656E637D
:108DE0007920646576696174696F6E3A2033202E4C
:108DF0002E203530306B487A004368616E6E656CAA
:108E0000206672657175656E6379004368616E6E88
:108E1000656C207769647468004E46206F75742015
:108E20006F662072616E676500416D706C6966697E
:108E30006572204761696E20004E6F69736520631B
:108E4000656E746572206672657175656E63790012
:108E5000030B0CA0020831E80108030C20A0020853
:108E600031E80108030D30A0020831E80108030EC3
:108E700044A0020831E80108000000000000488416
:108E800002080000030460A8020865D20108030379
:108E900068A8020865D20108030268A8020865D222
:108EA0000108030168A8020865D20108030068A848
:108EB000020865D201080000000000004884020892
:108EC00093202CAA020829D30108933340AA020850
:108ED00029D30108935154AA0208D1BB010880008C
:108EE000000000000000000052657475726E0053AF
:108EF00077697463680000008500E0A7020800003D
:108F0000000083000000000055900108C301147B9D
:108F10000208559001088305DC9F0208559001085E
:108F20008619ECA70208F8A70208861F04A8020801
:108F300014A80208861E1CA8020830A80208830094
:108F400040A802089D8A0108830050A80208D1D2D7
:108F5000010880000000000048840208A8A9020857
:108F6000B0A90208B8A90208C4A90208CCA902083D
:108F7000D4A90208E0A90208456E746572206163F5
:108F80007475616C206C6576656C206F6620314766
:108F9000487A206F757470757400456E7465722020
:108FA00061637475616C206C6576656C206F6620FA
:108FB000312E3247487A206F757470757400456E93
:108FC0007465722061637475616C206C6576656C84
:108FD000206F662033304D487A206F757470757439
:108FE000000000000300A8A60208A1D801080B9108
:108FF000389F0208A1D80108000000000000488442
:10900000020800008B80BC890208F1D201088000B0
:109010000000000048840208887B020870A902084A
:1090200078A9020880A9020888A9020890A9020864
:1090300098A90208A0A902080300357D020831DAC8
:109040000108060564A6020800000000040070A6DE
:109050000208000000000000000000000000000006
:1090600053544F502025352E3351487A20252B2E2E
:10907000316664426D0053544F502053574545505C
:1090800000535441525420535745455000456E7487
:109090006572207363616C6500000000060A14A409
:1090A000020820A40208061434A4020820A402081E
:1090B0000000000000004884020852414E47453A33
:1090C0002025257300465245513A2025257300007E
:1090D0000BA0089F0208318001080000000000007A
:1090E00048840208030054A00208D1CE01080300FE
:1090F00064A00208A1CE0108030070A0020875CE8A
:109100000108030084A0020841CE01080100949FD9
:109110000208D0870208060E90A00208A0A002084C
:109120000633B8A00208C0A002080202DCA00208B0
:1091300015CE01080300ECA00208018E010803000F
:10914000F8A0020891C20108000000000000488455
:1091500002080000030004A10208C97C0108030002
:10916000309C0208A57C0108430008A10208897C04
:10917000010843000CA10208657C0108460918A1FA
:10918000020824A10208060C30A102083CA1020832
:10919000062454A1020860A1020801006CA1020883
:1091A0009C900208410078A10208848E0208010008
:1091B000D49F0208C4910208000000000000488407
:1091C00002080000062584A1020894A102080626D0
:1091D000A0A102082CA40208062198A00208B0A1B0
:1091E00002080622B8A10208C4A102080623D4A1DD
:1091F0000208D0A102080300D8A10208018B0108CF
:109200000100949F0208D08702080100D49F020841
:1092100020920208000000000000488402080000BC
:109220000300E4A102086DC001080300F0A10208D8
:1092300051C001080300FCA1020835C00108030069
:1092400008A2020819C00108030014A20208F5BF11
:109250000108063720A2020830A20208063548A2FB
:109260000208974B0208063654A20208974B0208E0
:10927000000000000000488402084C6576656C0020
:1092800041637475616C20737461727420667265D9
:109290007175656E63790041637475616C206365F7
:1092A0006E746572206672657175656E6379004DC6
:1092B0004F443A202573004D4F443A2025382E3430
:1092C00046487A20414D2025642525004D4F443ADB
:1092D0002025382E3446487A20464D2025345148E2
:1092E0007A00535055520A52454D4F56414C004D4D
:1092F0004952524F520A4D41534B494E47000000CC
:109300000600889B0208000000000601949B0208EA
:10931000000000000602A09B0208000000000603F7
:10932000AC9B0208000000000604B89B0208000085
:1093300000000300C49B0208D9BD01080100D09BB6
:109340000208E48F02080100D49B02083498020846
:109350000300D89B0208C5E601080202E49B02084C
:1093600055D50108000000000000488402080000F4
:109370000200F49A0208F9E301080205049B0208BE
:10938000F9E301080203149B0208F9E3010802044F
:10939000209B0208F9E3010802002C9B020815CE6D
:1093A000010802053C9B020815CE010802044C9BF3
:1093B000020815CE01080201589B02081DCE0108C3
:1093C0000100E49A0208D4930208000000000000A3
:1093D000488402080300649B0208E98C010803002A
:1093E000709B0208C98C01080100789B0208FC935D
:1093F00002080000000000004884020803002C9BC3
:109400000208A98C01080300589B0208898C0108F6
:109410000000000000004884020800000300A8A823
:10942000020869DB01080B410000000069DB01084C
:109430000205BCA8020815CE01080364C8A80208EA
:1094400069DB010800000000000048840208535452
:109450004F52450A0825730053544F524520256446
:1094600000507265736574206E616D6500000000C8
:109470000B400000000059DA010800000000000065
:10948000488402081B5452414345202564000000D3
:109490000B500000000099DA0108000000000000F5
:1094A0004884020853554254524143540A5452418D
:1094B00043452025640053554254524143540A4FBA
:1094C00046460000860388A702088C720020C61258
:1094D00094A70208A8A702088613B0A70208C0A78D
:1094E00002088100D0A70208309502088000000021
:1094F00000004884020853573A25332E32664D48FF
:109500007A20252B64644220252E3346730053575E
:109510004545503A204F4646000000000B6008A425
:109520000208F17E010800000000000048840208E3
:109530008B6008A40208F17E010800000000000012
:10954000488402080300449C0208D9E5010803018D
:10955000B4A30208D9E501080302BCA30208D9E5B7
:1095600001080303C4A30208D9E501080615D4A322
:109570000208E4A302080616F8A30208E4A30208FE
:109580000000000000004884020800000300B49AB4
:109590000208598001080100BC9A0208708902087B
:1095A0000100C587020800930208010024AB0208ED
:1095B000A08802080100589D02085C96020801007C
:1095C000C49A02085C8702080100CC9A0208C88A83
:1095D00002080100D49A02085C8C02080100DC9A9F
:1095E0000208709302080100E49A0208B08502089C
:1095F0000100EC9A0208C08E020800000000000082
:10960000000000000200CC9E020845E201080201B1
:10961000D89E020845E201080205E49E020845E2E0
:109620000108000000000000488402080B408CA5DF
:10963000020805DB01080000000000004884020861
:1096400044697361626C65206E6F726D616C697ADA
:109650006174696F6E2066697273740003008CA573
:10966000020821F4010803011C9D020821F40108ED
:109670000302249D020821F40108030300000000F6
:1096800021F4010803042C9D020821F401080305BC
:109690000000000021F401080100389D02087094C8
:1096A00002080306489D020821F401080201549DA6
:1096B0000208F9E3010800000000000048840208E5
:1096C00043414C430A257300456E61626C6520611D
:1096D00074206C65617374206F6E652074726163B1
:1096E00065005472616365000300357D020851E432
:1096F00001080301449C020851E4010803024C9C48
:10970000020851E4010803FE0000000065D60108CC
:109710000304549C020851E401080306609C0208FB
:1097200051E40108063E6C9C020800000000030A98
:109730007C9C020851E40108030B849C020851E45C
:109740000108000000000000488402085550004451
:109750004F574E0003FF74A5020865D601080B4061
:1097600084A5020865D601080000000000004884B6
:1097700002084C4556454C0A084D554C5449004C7E
:109780004556454C0A08252E31662573004C455632
:10979000454C0A08252E33462573004C4556454C4A
:1097A0000A08545241434520256400566973697480
:1097B0002074696E7973612E6F72672F756C747285
:1097C0006120666F7220756E6C6F636B20636F64CF
:1097D0006500556C74726120756E6C6F636B2063ED
:1097E0006F6465000300689A020805DA0108030146
:1097F0006C9A020805DA01080302749A020805DA75
:10980000010803047C9A020805DA01080305849A1A
:10981000020805DA01080306909C020805DA01082F
:1098200003038056020805DA01080000000000006A
:1098300048840208030090A602084DD801080B5185
:109840009CA602084DD801080000000000004884D2
:10985000020853494E474C450A5357454550005757
:10986000415445520A46414C4C004669727374207B
:1098700063616C6962726174652033304D487A208F
:109880006F75747075740000190032006400C800B0
:109890002201C201357D0208309A02080CA9020893
:1098A00010A9020814A9020818A902081CA9020894
:1098B00024A902082CA9020834A902080000020009
:1098C0000A001E0064002C01E803B80B7017342155
:1098D00000007FFF4001C001C001C00148014801F4
:1098E0004A894AA9CAA9DFFDC00140017FFF0000E3
:1098F00000007FFF4001C001CF8DC8894889488999
:1099000048894889C889D8F9C00140017FFF000013
:1099100000007FFF4001C081C3C1C789471D47B90F
:1099200043F947F1CF81DF01CE0140017FFF000005
:1099300000007FFF4001C001C031C0494085508513
:1099400050855081C901C601C00140017FFF000060
:1099500020204661696C207772697465202000536D
:10996000415F253036785F253036782E2573002507
:10997000732E257300252E36662C0025552C0020CD
:10998000252E3366200020252E33660025552C20F9
:10999000005344204341524420534156450053490B
:1099A000353335310048572056657273696F6E3A0A
:1099B0002573202825642920257300253038787CDC
:1099C000253038787C253038787C253038787C25EF
:1099D00034757C2534757C2539737C2531327300D0
:1099E00054696D653A203230253032642F2530328B
:1099F000642F2530326420253032643A25303264B9
:109A00003A2530326420284C532563290000000099
:109A1000FEFE7C3810000000310000003200000023
:109A200035000000313000003530000031303000AA
:109A300032303000353030004A616E0046656200D9
:109A40004D617200417072004D6179004A756E007F
:109A50004A756C0041756700536570004F63740070
:109A60004E6F76004465630064426D0064426D563B
:109A70000000000064421D560000000056726D7325
:109A80000000000056707000644200003164422FF4
:109A9000000000003264422F000000003564422FB5
:109AA00000000000313064422F0000003230644278
:109AB0002F000000504155534500000050524553BF
:109AC00045540000444953504C4159004D41524BBC
:109AD000455200004D4541535552450053544F5295
:109AE00041474500434F4E46494700004D4F4445CE
:109AF000000000004C4F41440A4341505455524528
:109B0000000000004C4F41440A53455454494E470D
:109B1000530000004C4F41440A434D4400000000F4
:109B20004C4F41440A434F4E464947005341564526
:109B30000A434150545552450000000053415645D8
:109B40000A53455454494E4753000000534156456B
:109B50000A434F4E46494700534156450A54524125
:109B6000434553004155544F204E414D45000000A0
:109B70004D487A0A43535600534420434152440A05
:109B800049434F4E0000000053544152540A0825E7
:109B90007300000053544F500A0825730000000062
:109BA00043454E5445520A08257300005350414E18
:109BB0000A082573000000005A45524F20535041B7
:109BC0004E0000004D554C54490A42414E4400009D
:109BD000524257005642570053484946540A46528B
:109BE000455100004D41524B45520A1B2043454E02
:109BF00054455200524546204C4556454C00000005
:109C00005343414C452F44495600000041545445AC
:109C10004E55415445000000554E49540000000087
:109C2000455854204741494E0A082573000000005A
:109C30004C4E410054524947474552004C495354F9
:109C4000454E00004E4F524D414C000053494E4787
:109C50004C450000454447450A08257300000000B4
:109C6000545249474745520A08257300494E544506
:109C70005256414C0A082573730000004245455076
:109C8000000000004155544F20534156450000004C
:109C9000576174740000000050415553450A5357F2
:109CA000454550004249470A4E554D424552000035
:109CB000445241570A4C494E450000005357454510
:109CC000500A54494D450000302E2E363030732C4A
:109CD00020303D64697361626C65000053574545EF
:109CE000500A504F494E5453000000005357454509
:109CF000500A41434355524143590000524F544189
:109D000054450A444953504C415900004C4F434B71
:109D10000A444953504C415900000000454E41420D
:109D20004C450000465245455A4500004E4F524DA5
:109D3000414C495A4500000054524143450A1B54C6
:109D4000524143450000000054524143450A1B5311
:109D50004400000053441B0A545241434500000094
:109D6000544F55434800000053454C46205445533A
:109D7000540000004C4556454C2043414C00000027
:109D800056455253494F4E0053414D504C45205279
:109D900045500A0825730000312E2E313030303006
:109DA000000000004252494748544E4553530A2090
:109DB0000825642525000000444154450A54494DB6
:109DC000450000001B4D4F524500000050554C53BC
:109DD000450A4849474800004C4F204F55545055BC
:109DE00054000000454E41424C450A554C545241E6
:109DF000000000004D494E494D554D0A4752494417
:109E00004C494E4553000000456E746572206D69E3
:109E10006E696D756D20686F72697A6F6E74616CB2
:109E20002067726964206469766973696F6E732C48
:109E3000203020697320616C7761797320313000A4
:109E40004A4F4720535445500A082573000000002C
:109E500030203D204155544F00000000434C454107
:109E6000520A434F4E46494700000000434F4E4EB2
:109E7000454354494F4E00004C4556454C0A434F0C
:109E80005252454354494F4E00000000455850453A
:109E900052540A434F4E464947000000554E4C4F1E
:109EA000434B0A444953504C4159000053455420F8
:109EB00054494D450A0825730000000053455420BD
:109EC000444154450A08257300000000544F55438F
:109ED000482043414C000000544F5543482054450E
:109EE00053540000445241575041440055534200DE
:109EF00053455249414C000053455249414C0A5385
:109F000050454544000000002575000043414C4980
:109F10004252415445203130306B487A20746F20D2
:109F20002573487A0000000043414C494252415495
:109F3000452061626F7665202573487A0000000035
:109F400052455345542043414C4942524154494F94
:109F50004E000000436F6E6E6563742043414C20D9
:109F6000616E64205246000043414C4942524154C4
:109F700045000000436F6E6E656374202573487A58
:109F8000206174202D353020746F202D31306442D3
:109F90006D0000004841524D4F4E49430000000003
:109FA0004F4950330000000050484153450A4E4F7E
:109FB00049534500534E52002D3364420A574944D9
:109FC000544800004F434355504945440A574944BB
:109FD000544800001B204D4F52450000464D0000E4
:109FE000544844004348414E4E454C0A504F574553
:109FF000520000004C494E45415200004E4F49531B
:10A00000450A464947555245000000004D45415319
:10A010005552450A54494E595341204E46000000BE
:10A0200053544F52450A54494E595341204E46000D
:10A0300056414C49444154450A54494E59534120D4
:10A040004E4600004D4541535552450A414D502062
:10A050004E46000050524F47524553530A42415218
:10A06000000000004449524543540A4D4F44450006
:10A070004C494E4541520A415645524147494E4787
:10A0800000000000415544494F0A41474300000089
:10A090004652455120434F52520A08257300000092
:10A0A000456E7465722070706220636F72726563B2
:10A0B00074696F6E000000004E460A0825730000A8
:10A0C000456E7465722074696E795341206E6F69B4
:10A0D00073652066696775726500000044554D50D0
:10A0E0000A4649524D5741524500000048414D0A29
:10A0F00042414E4453000000494E5445524E414C9B
:10A1000053000000414743004250460042454C4F37
:10A110005720494600000000494620465245510A52
:10A1200008257300303D6175746F204946000000BA
:10A1300044454341590A082573000000302E2E3152
:10A140003030303030306D73206F7220737765653A
:10A150007073000041545441434B0A0825730000BA
:10A16000302E2E3130303030306D73005343414E3D
:10A170000A535045454400004D495845520A44523F
:10A1800049564500554C54524153544152540A08C3
:10A19000257300003130473D6175746F0000000089
:10A1A0004841524D2053544152540A08257300002F
:10A1B00053657420520000004D4F44554C4F0A081F
:10A1C00025730000536574204D4F44554C4F0000DB
:10A1D0005365742043500000534C4545500A574185
:10A1E0004954000044454255470A46524551000033
:10A1F00044454255470A41564F494400444542555B
:10A20000470A53505552000044454255470A4C45B1
:10A2100056454C00484944450A32314D487A0000C1
:10A220004F564552434C4F434B0A082573000000DC
:10A23000456E746572206F766572636C6F636B2018
:10A24000616D6F756E7400004453544152540A0896
:10A25000257300004453544F500A08257300000032
:10A26000494E5055540A4C4556454C00456E746550
:10A27000722061637475616C206C6576656C207505
:10A280006E646572206D61726B6572004F5554503B
:10A2900055540A4C4556454C00000000494E505557
:10A2A000540A435552564553000000004F55545030
:10A2B00055540A4355525645530000004F55540A11
:10A2C00043555256450000004F5554204449520A08
:10A2D00043555256450000004F5554204144460A0C
:10A2E00043555256450000004F5554204D4958459E
:10A2F000520A435552564500494E0A435552564557
:10A3000000000000494E204C4E410A43555256452C
:10A3100000000000494E20554C5452410A4355520A
:10A3200056450000494E20554C5452410A4C4E416E
:10A330002043555256450000494E2044495245435A
:10A34000540A435552564500494E2044495245430C
:10A35000540A4C4E4120435552564500494E204820
:10A3600041524D0A4355525645000000494E20487F
:10A3700041524D0A4C4E4120435552564500000073
:10A380004F4B000043414E43454C000033304D4895
:10A390007A0A4C4556454C003147487A0A4C455696
:10A3A000454C0000312E3247487A0A4C4556454C00
:10A3B0000000000050524543495345004641535464
:10A3C000000000004E4F4953450A534F5552434534
:10A3D000000000004E535045454455500A0825736F
:10A3E00000000000322E2E32302C20303D64697384
:10A3F00061626C650000000057535045454455505C
:10A400000A0825730000000025336420706F696E10
:10A41000740000005344454C41590A08257300005C
:10A420003235302E2E31303030302C20303D6175B9
:10A43000746F00004F44454C41590A0825730000D1
:10A4400033000000340000004D4F444946590A4D86
:10A4500041524B45525300004D41524B45520A4F19
:10A46000505300005345415243480A4D41524B4519
:10A470005200000052455345540A4D41524B45523B
:10A48000530000002564204D41524B4552530000BB
:10A490001B205354415254001B2053544F50000072
:10A4A0001B2043454E544552000000001B205350D2
:10A4B000414E00001B20524546204C4556454C005D
:10A4C0001B4D41524B455220256400004D41524BDB
:10A4D0004552202564000000414C5445524E000076
:10A4E00042414E44531B0A534400000053441B0A8C
:10A4F00042414E44530000005374617274000000E6
:10A5000053746F700000000043656E746572000044
:10A510005370616E000000004C4556454C0A0825FA
:10A52000730000004E414D450A08257300000000ED
:10A530004E616D650000000044495341424C4500A6
:10A540005441424C451B0A534400000053441B0A2B
:10A550005441424C450000004652455155454E433A
:10A56000590A0825730000004672657175656E63AF
:10A5700079000000545249474745520A4C45564518
:10A580004C000000545249474745520A5452414337
:10A5900045202564000000004D41524B45522025C6
:10A5A0007300000044454C54412025730000000016
:10A5B0004E4F495345000000545241434B494E47CA
:10A5C0000000000054524143452025730000000064
:10A5D00054524143450A4156455241474500000007
:10A5E000534541524348000044454C455445000002
:10A5F0005045414B0A20534541524348000000005A
:10A600004D494E0A1A204C45465400004D494E0A09
:10A610001B205249474854004D41580A1A204C45C6
:10A62000465400004D41580A1B20524947485400E7
:10A63000454E5445520A2573000000004A4F4720FA
:10A640004A554D500A4D4158000000005045414BBD
:10A650000A08257300000000322E2E3132302064AB
:10A66000420000004D414E55414C0A082573000040
:10A670001A204241434B000030202D2033306442E9
:10A680000000000032322E35202D2034306442008C
:10A6900020202020204155544F00000025622E32FA
:10A6A000662052425700000020204155544F0000C0
:10A6B0004D494E0A484F4C44000000004D41580A95
:10A6C000484F4C44000000004D41580A4445434166
:10A6D0005900000041564552203400004156455271
:10A6E000203136004156455200000000515541537B
:10A6F000490A5045414B00005441424C451B0A5405
:10A700005241434500000000436C65616E657374FF
:10A71000207369676E616C2C206D617820362E3352
:10A7200047487A0048696768657374206163637598
:10A73000726163792C206D617820372E3347487A17
:10A74000000000001B436F6E66696700436C656123
:10A750006E657374207369676E616C2C206D61780F
:10A7600020342E3447487A0048696768657374203E
:10A7700061636375726163792C206D617820352E79
:10A780003447487A000000005350414E3A20257368
:10A79000000000004C4556454C204348414E47457B
:10A7A0003A202573000000002D39302E2E3930005C
:10A7B00053574545502054494D453A2025730000D4
:10A7C000302E2E363030207365636F6E6473000058
:10A7D000535745455020504F494E545300000000F8
:10A7E0004D4F44554C4154494F4E0000465245513F
:10A7F0003A2025730000000031487A2E2E332E3582
:10A800006B487A00414D2044455054483A20257306
:10A8100025250000302E2E3130300000464D2044DA
:10A820004556494154494F4E3A20257300000000D7
:10A83000316B487A2E2E3330306B487A000000009E
:10A840004354435353202B2031206B487A0000009F
:10A850004C6576656C20696E206442755600000078
:10A860004175746F00000000252B6464426D000088
:10A870004C4F41440A53544152545550000000007B
:10A880004C4F41440A44454641554C545300000046
:10A890004C4F41442046524F4D0A20534400000083
:10A8A00053544F524500000053544F5245204153DA
:10A8B0000A535441525455500000000053544F5213
:10A8C000450A1B5344000000464143544F52590A65
:10A8D00044454641554C545300000000626D7000E1
:10A8E0006373760062696E00636D6400636667007F
:10A8F0007072730074626C00626E640050524500A6
:10A90000504F5354000000004D494400316B00008B
:10A91000336B000031306B0033306B003130306B03
:10A92000000000003330306B000000003630306B28
:10A93000000000003835306B000000004D494E48E3
:10A94000000000004D415848000000004D415844AF
:10A9500000000000204156455234000041313600CD
:10A9600051554153490000004445434F4E560000A5
:10A9700033304D487A00000031354D487A000000F0
:10A9800031304D487A000000344D487A0000000014
:10A99000334D487A00000000324D487A0000000034
:10A9A000314D487A000000004E6F6E6500000000D7
:10A9B000414D203330250000464D20322E356B4866
:10A9C0007A000000464D20336B487A00464D203512
:10A9D0006B487A00464D2037356B487A00000000FE
:10A9E00045787465726E616C00000000504E000086
:10A9F00050415353000000005749445448000000A0
:10AA00004E462054000000004E4620530000000037
:10AA10004E462056000000004E4620410000000037
:10AA20004445434F4E4600004C494E005370656309
:10AA30007472756D20416E616C797A6572000000E8
:10AA40005369676E616C2047656E657261746F72E1
:10AA50000000000043616C6962726174696F6E206E
:10AA60004F75747075743A20257300004849474843
:10AA7000204F5554505554202020202020202020A5
:10AA800020202573000000004C4556454C3A2025F7
:10AA90007300000045585445524E414C20474149EF
:10AAA0004E3A2025730000002D3130302E2E2B31F0
:10AAB000303000001B2053657474696E67730000AA
:10AAC0004C4F57204F5554505554202020202020C3
:10AAD00020202020202025730000000031306B480A
:10AAE0007A2E2E3835304D487A0000004F5554509C
:10AAF00055543A202573000053544152540000002D
:10AB000053544F500000000043454E54455200003E
:10AB10005350414E000000004652455100000000D5
:10AB20005245460A4C4556454C0000005343414CA3
:10AB30004500000041435455414C0A504F5745527F
:10AB4000000000004946000053414D504C450A4466
:10AB5000454C4159000000004E4F4953450A4C45B1
:10AB600056454C005050420053414D504C450A52FE
:10AB700045504541540000004558540A4741494E4C
:10AB8000000000004C4556454C0A535745455000BF
:10AB900053574545500A5345434F4E445300000018
:10ABA0004F46465345540A44454C41590000000065
:10ABB0004E4152524F570A5350454544555000009C
:10ABC000574944450A53504545445550000000003C
:10ABD0004D41524B45520A46524551004D4F445546
:10ABE0004C4154494F4E0A4652455100434F520A78
:10ABF000414D0000434F520A57464D00434F520A01
:10AC00004E464D00444556494154494F4E000000C0
:10AC100044455054482500004946320041545441AF
:10AC2000434B0000554C5452410A53544152540076
:10AC30004841524D0A535441525400004558504F18
:10AC40004E454E5449414C0A415645524147494EA2
:10AC50004700000053544152540A465245510000E7
:10AC600053544F500A4652455100000043454E543C
:10AC700045520A46524551005350414E0A465245EC
:10AC8000510000004E414D45000000004D41524B27
:10AC900045520A54494D45004A4F470A53544550BE
:10ACA000000000004449524543540A535441525451
:10ACB000000000004449524543540A53544F500089
:10ACC0004F564552434C4F434B00000053455420D0
:10ACD000444154450A2059594D4D44440000000058
:10ACE0005345542054494D450A2048484D4D53532F
:10ACF0000000000053455420494E54455256414CE3
:10AD00000A2048484D4D535300000000434F44452E
:10AD100000000000494E54455256414C00000000CE
:10AD2000080049002A000800F78008002A004900AE
:10AD300008005550504552204C454654004C4F5742
:10AD4000455220524947485400544F5543482050DB
:10AD5000414E454C2C2044524157204C494E4553BE
:10AD60002C20505245535320425554544F4E20549A
:10AD70004F2046494E4953480053544154453A20C8
:10AD8000252034642000544F5543482050414E45FF
:10AD90004C20544F20445241572C2050524553537D
:10ADA000204A4F4720425554544F4E20544F204381
:10ADB0004C4541522C205245535441525420544F3B
:10ADC0002045584954000000689A02086C9A02080D
:10ADD000749A0208805602087C9A0208849A020833
:10ADE000A4A60208889A0208889A0208889A02088B
:10ADF000805602087C9A0208849A0208A4A60208D7
:10AE0000004B00000096000000E1000000C20100BD
:10AE1000008403000008070000100E0000201C0042
:10AE200080841E00C0C62D00000064001E000A00C1
:10AE30000300010001002800B00100B1010AB401C3
:10AE400002B60302023BB701C6C0021715C1014199
:10AE5000C5030012803601283A01555101FFF7045D
:10AE6000A9512C82110029000000FFFF0203FF04FA
:10AE700010808080091A0001000D0000000002B15E
:10AE8000A0092A0001000D0000000002128002113A
:10AE900080020306000000000FF03FFC7FFE7C3EB6
:10AEA000F81FF00FF00FF00FF00FF00FF00FF00F92
:10AEB000F00FF00FF00FF00FF00FF81F7C3E7FFE49
:10AEC0003FFC0FF000F001F003F007F00FF00FF07F
:10AED0000EF00CF000F000F000F000F000F000F0D8
:10AEE00000F000F000F000F000F003FC03FC03FCB5
:10AEF0000FF03FFC7FFE7C3EF81FF00FF00F001FAD
:10AF0000003F007E00FC01F803F007E00FC01F8047
:10AF10003F007E00FC00FFFFFFFFFFFF0FF03FFC44
:10AF20007FFE7C3EF81FF00FF00F001E003E01FC7C
:10AF300001F801FC007E001F000FF00FF00FF81F5A
:10AF40007C3E7FFE3FFC0FF001F801F803F803F8A8
:10AF500007F807F80FF80F781F781E783E783C78CE
:10AF60007C787878F878FFFFFFFFFFFF00780078A3
:10AF700000780078FFFFFFFFFFFFF000F000F00017
:10AF8000F000F7F0FFFCFFFEFC3EF81F000F000F83
:10AF9000000F000FF00FF81F7C3E7FFE3FFC0FF00C
:10AFA0000FF03FFC7FFE7C3EF81FF00FF000F0003A
:10AFB000F7F0FFFCFFFEFC3EF81FF00FF00FF00F64
:10AFC000F00FF81F7C3E7FFE3FFC0FF0FFFFFFFFFE
:10AFD000FFFF001F003E007C00F801F001E003E0ED
:10AFE00003C007C0078007800F800F000F000F000D
:10AFF0000F000F000F000F0007E01FF83FFC7C3E22
:10B00000781E781E781E3C3C1FF80FF03FFC7C3EFB
:10B01000781EF00FF00FF00FF00FF81F7C3E7FFE50
:10B020003FFC0FF00FF03FFC7FFE7C3EF81FF00F5F
:10B03000F00FF00FF00FF81F7C3F7FFF3FFF0FFF77
:10B04000000F000FF00FF81F7C3E7FFE3FFC0FF05B
:10B0500000000000000000000000000000000000F0
:10B0600000000000000000000000000000000000E0
:10B070000000038007C007C003800000000000003C
:10B0800000000000000000000000000000000000C0
:10B090003FFC3FFC3FFC3FFC0000000000000000C4
:10B0A000000000000000000000030007000F001F68
:10B0B000003F007F000F000F000F60CFF1EF7BCF4C
:10B0C0003F8F1F0F1F0F3F8F7BCFF1EF60CF000F20
:10B0D000000F000FF000F000F000F000F000F000B2
:10B0E000F03EF07CF0F8F1F0F3E0F7C0FF80FF00F5
:10B0F000FF00FF80F7C0F3E0F1F0F0F8F07CF03EE5
:10B10000F00FF00FF81FF81FFC3FFC3FFE7FFE7FA3
:10B11000FFFFFFFFFFFFFFFFF7EFF7EFF3CFF3CFE7
:10B12000F18FF18FF00FF00FF00FF00F0FF03FFCE9
:10B130007FFE7C3EF81FF00FF00FF00FF000F000E4
:10B14000F000F000F03FF03FF03FF007F00FF81F85
:10B150007C3F7FFF3FF70FE700000000004000C08A
:10B1600001C003C007C00FFF1FFF3FFF7FFFFFFFAE
:10B170007FFF3FFF1FFF0FFF07C003C001C000C0DC
:10B1800000400000000000000000000000001E3C25
:10B190003F7E73E661C3E1C3C183C183C183C183C1
:10B1A000C387C38667CE7EFC3C78000000000000A9
:10B1B000000000000000077C077E0366036603664C
:10B1C000036603663B7C7F7EE767C363C363C36339
:10B1D000C363C363C363E7677F7E3B7C00000000FB
:10B1E00003800380038003803FF83FF83FF803802B
:10B1F000038003800380000000003FF83FF83FF821
:10B20000000000000000000000007BDE7BDE7BDE33
:10B210007BDE00007BDE7BDE7BDE7BDE00007BDE18
:10B220007BDE7BDE7BDE00007BDE7BDE7BDE7BDEAF
:10B23000000000000000000000000000000000000E
:10B2400000000000EE1CFF3EFFFFFFFFF3CFF3CF37
:10B25000F3CFF3CFF3CFF3CFF3CFF3CFF3CFF3CFDE
:10B26000000000000000000000000000F01EF01EC2
:10B27000F01EF01EF01EF01EF01EF01EF83EFC7ECA
:10B28000FFFEFFFFF7CFF387F000F00000000000A3
:10B29000000000000000000000000000F1F0F7FCDA
:10B2A000FFFEFE3EFC1FF80FF00FF00FF00FF00F47
:10B2B000F00FF00FF00FF00F000000000000000092
:10B2C00000000000F3F0F7FCFFFEFE1FFC0FF80784
:10B2D000F807F807FC0FFE1FFFFEF7FCF3F0F00085
:10B2E000F000F000F45F8644F54484C4F4440000A8
:10B2F0000000000F000F000F000F000F000F000FE5
:10B30000180F380F7FFFFFFFFFFF7FFF3800180087
:10B3100000060646FEFE40022020505088F884C0F9
:10B32000E0F0E0C080006CB2929A6C00022040F81D
:10B33000402000022010F810200002F85050505019
:10B340009802008888D8A880728888885050D8636E
:10B3500090906000000004000000000000454040A4
:10B3600040400040505050000000005250F850F84B
:10B3700050502278A07028F020C2C81020409818A1
:10B3800002205060A89068644080000000002440C3
:10B390008080804020844020202040800220A870AF
:10B3A000A82000022020F820200005000000C04056
:10B3B00080030000F00000000500000000C0C02471
:10B3C0002040404080806390909090906023602067
:10B3D00020202070639010204080F0639010601057
:10B3E000906093909090F01010F380E010109060B7
:10B3F000639080E0909060F3102020404040639084
:10B4000090609090606390907010906004C0C00055
:10B41000C0C0000460600060408003204080402085
:10B42000000300F000F00000038040204080006333
:10B430009010204000406390B0B080807063909086
:10B4400090F09090E39090E09090E0639080808006
:10B450009060E39090909090E0F38080E08080F0A6
:10B46000F38080E0808080639080B09090709390B3
:10B4700090F0909090E44040404040E073101010F5
:10B48000109060939090E090909083808080808076
:10B49000F08AD8A8A8A888889390D0B0909090639C
:10B4A000909090909060E39090E080808063909086
:10B4B0009090A050E39090E0909090639080601006
:10B4C0009060FA20202020202093909090909070FF
:10B4D000939090909060608A8888A8A8A8508A88E5
:10B4E00050205088888A888850202020F3102040DF
:10B4F0008080F0E48080808080E084804040402034
:10B5000020E42020202020E044A0000000000003D0
:10B510000000000000F8C44020000000000300709C
:10B520009090B0508380A0D09090E0030070808015
:10B530008070131050B090907003006090F0807095
:10B54000235040E0404040030070907010608380C2
:10B55000A0D09090904400C0404040E024002020C3
:10B5600020A040838090A0C0A090C44040404040B4
:10B57000E00200F0A8A8A8A80300A0D09090900333
:10B580000060909090600300E09090E08003007075
:10B59000909070100300A0D08080800300708060C5
:10B5A00010E04340E0404040300300909090B050A5
:10B5B0000300909090606002008888A8A850030063
:10B5C0009090609090030090907010E00300F02045
:10B5D0004080F02440408040402024202020202033
:10B5E0002084404020404080030050A00000000024
:10B5F000000000700070007000700070007010702B
:10B6000030707FF0FFF07FF0300010000000060087
:10B6100006000F000F000F001B801B8031C031C0DF
:10B6200060E060E060E0FFF000058000C000E00046
:10B63000F000F800FC00FE00FC00F800F000E00064
:10B64000C00080000000000039C07FE0EE70CE3006
:10B65000C630C730E7707FE039C00000000000004E
:10B660000004000000000000100030007000FF0027
:10B67000FF00700030001000000000000004000017
:10B680000000000008000C000E00FF00FF000E008C
:10B690000C00080000000000000100000000000095
:10B6A0007FE0FFE0B18031803180318031803180B6
:10B6B000E1F0E1E0000000000000000071C071C096
:10B6C00071C071C071C073D07EE06000E000E00026
:10B6D0000F003FC070E0E070E070E070E070E0707C
:10B6E000E07070E039C09990F9F0F9F01C043E0068
:10B6F0006300630063003E001C00000000000000C7
:10B700000000000000000000000700000000000032
:10B710000000000000000000000000000000000029
:10B7200000000000300730007800780078007800D2
:10B730003000300030003000000030007800300071
:10B740006605660066006600440000000000000018
:10B7500000000000000000000000000000023300B4
:10B7600033003300FFC0FFC033003300FFC0FFC011
:10B7700033003300330000003E036B00C900C900F2
:10B78000E80078003C000E000B0009808980898069
:10B79000CB007E0070108830886088C0898073007C
:10B7A00006000CE0191031106110C11080E000009B
:10B7B0001E0031003100310032001CF018602C40B6
:10B7C0004E80C700C300C390E5F0786038073800AA
:10B7D00038003800000000000000000000000000F9
:10B7E000000000000000000000070000180030000A
:10B7F0006000C000C000C000C000C0006000300099
:10B800001800000000070000C000600030001800B1
:10B81000180018001800180030006000C000000078
:10B820000004000000001000D600D6003800D6004A
:10B83000D60010000000000000000000000400001E
:10B840000000180018001800FF00FF001800180082
:10B8500018000000000000000007000000000000C9
:10B860000000000000000000000000006000F00088
:10B870007000E00000040000000000000000000074
:10B88000FF00FF00000000000000000000000000BA
:10B8900000070000000000000000000000000000A1
:10B8A0000000000000006000F000600000040000E4
:10B8B00000000100030006001800180030006000BE
:10B8C000C0008000000000003F027F80F3C0E1C0A4
:10B8D000E1C0E1C0E1C0E1C0E1C0E1C0E1C0F3C04E
:10B8E0007F803F0038057800F800F8003800380005
:10B8F000380038003800380038003800FE00FE00FC
:10B900003F027F80F3C0E1C001C003C007800F0089
:10B910003C007800F000F000FFC0FFC03F027F80D5
:10B92000F3C0E1C001C003C01F801F8003C001C07D
:10B93000E1C0F3C07F803F00E382E380E380E380E7
:10B94000E380E380E380E380E380FFC0FFC0038007
:10B9500003800380FFC2FFC0E000E000E000FF00C2
:10B96000FF80E3C001C001C0E1C0F3C07F803F00A1
:10B970003F027F80F3C0E1C0E000EF00FF80F3C032
:10B98000E1C0E1C0E1C0F3C07F803F00FFC2FFC063
:10B99000E1C001C001C003C007800F001E001C00F1
:10B9A0001C001C001C001C003F027F80F3C0E1C093
:10B9B000E1C0F3C07F807F80F3C0E1C0E1C0F3C08D
:10B9C0007F803F003F027F80F3C0E1C0E1C0E1C063
:10B9D000F3C07FC03DC001C0E1C0F3C07F803F0025
:10B9E000000700006000F0006000000000000000A0
:10B9F00000006000F0006000000000000007000090
:10BA00006000F00060000000000000000000600026
:10BA1000F0003000600000000002000000C0038061
:10BA20000E003800E000E00038000E00038000C087
:10BA3000000000000002000000000000FFC0FFC086
:10BA400000000000FFC0FFC0000000000000000078
:10BA500000020000C00070001C00070001C001C00F
:10BA600007001C007000C000000000003F027F8043
:10BA7000F3C0E1C001C001C0038007000E001C003C
:10BA80001C0000001C001C000F0030C040208690ED
:10BA900089909090909090909090899086E040004E
:10BAA00030000F000C021E003F007F80F3C0E1C099
:10BAB000E1C0E1C0FFC0FFC0E1C0E1C0E1C0E1C042
:10BAC000FF02FF80E3C0E1C0E1C0E3C0FF80FF8070
:10BAD000E3C0E1C0E1C0E3C0FF80FF003F027F8020
:10BAE000F3C0E1C0E000E000E000E000E000E000C2
:10BAF000E1C0F3C07F803F00FF02FF80E3C0E1C0F0
:10BB0000E1C0E1C0E1C0E1C0E1C0E1C0E1C0E3C02B
:10BB1000FF80FF00FFC2FFC0E000E000E000E000A7
:10BB2000FF00FF00E000E000E000E000FFC0FFC019
:10BB3000FFC2FFC0E000E000E000E000FF00FF0007
:10BB4000E000E000E000E000E000E0003F027F8075
:10BB5000F3C0E1C0E000E000E7C0E7C0E1C0E1C041
:10BB6000E3C0F7C07EC03CC0E1C2E1C0E1C0E1C0BB
:10BB7000E1C0E1C0FFC0FFC0E1C0E1C0E1C0E1C081
:10BB8000E1C0E1C0FE053800380038003800380058
:10BB90003800380038003800380038003800FE001F
:10BBA0001FC21FC0038003800380038003800380C3
:10BBB0000380E380E380F7807F003E00E0E1E1E086
:10BBC000E3C0E780EF00FE00FC00FC00FE00EF0099
:10BBD000E780E3C0E1E0E0E0E002E000E000E00058
:10BBE000E000E000E000E000E000E000E000E00055
:10BBF000FFC0FFC0E0E1E0E0F1E0FBE0FFE0FFE0DC
:10BC0000FFE0EEE0EEE0E4E0E0E0E0E0E0E0E0E0F5
:10BC1000E1C2E1C0E1C0F1C0F9C0FDC0FFC0EFC0AA
:10BC2000E7C0E3C0E1C0E1C0E1C0E1C03F027F8006
:10BC3000F3C0E1C0E1C0E1C0E1C0E1C0E1C0E1C0EA
:10BC4000E1C0F3C07F803F00FF02FF80E3C0E1C09E
:10BC5000E1C0E3C0FF80FF00E000E000E000E000A2
:10BC6000E000E0003F817FC0F1E0E0E0E0E0E0E004
:10BC7000E0E0E0E0EEE0EFE0E780F3C07FE03EE010
:10BC8000FF02FF80E3C0E1C0E1C0E3C0FF80FF002E
:10BC9000FF80E3C0E1C0E1C0E1C0E1C03F027F80BE
:10BCA000F3C0E1C0E000F0007F003F8003C001C0AE
:10BCB000E1C0F3C07F803F00FFE1FFE08E200E0077
:10BCC0000E000E000E000E000E000E000E000E0004
:10BCD0000E000E00E1C2E1C0E1C0E1C0E1C0E1C080
:10BCE000E1C0E1C0E1C0E1C0E1C0F3C07F803F003E
:10BCF000E1C2E1C0E1C0E1C0E1C0E1C0E1C0E1C03A
:10BD0000E1C0F3C07F803F001E000C00E0E1E0E0F6
:10BD1000E0E0E0E0E0E0EEE0EEE0EEE0EEE0EEE0DD
:10BD2000FFE0FFE07BC03180E0E1E0E0E0E0F1E057
:10BD30007BC03F801F001F003F807BC0F1E0E0E040
:10BD4000E0E0E0E0E0E1E0E0E0E0F1E07BC03F8067
:10BD50001F000E000E000E000E000E000E000E0062
:10BD6000FFE1FFE000E001E003C007800F001E00DC
:10BD70003C007800F000E000FFE0FFE0F807F8008A
:10BD8000E000E000E000E000E000E000E000E000B3
:10BD9000E000E000F800F80000040000000080006F
:10BDA000C0006000600018000C00060003000100E5
:10BDB00000000000F807F8003800380038003800AC
:10BDC000380038003800380038003800F800F80033
:10BDD00008031C0036006300C18000000000000062
:10BDE0000000000000000000000000000001000052
:10BDF0000000000000000000000000000000000043
:10BE000000000000FFE0FFE06007300018000000C5
:10BE10000000000000000000000000000000000022
:10BE20000000000000010000000000007F80FFC053
:10BE3000E1C001C07FC0FFC0E1C0E1C0FFE07F60A2
:10BE4000E002E000E000E000EF00FF80F3C0E1C0AE
:10BE5000E1C0E1C0E1C0F3C0FF80DF0000020000EC
:10BE6000000000003F007F80F3C0E1C0E000E00080
:10BE7000E1C0F3C07F803F0001C201C001C001C02A
:10BE80003DC07FC0F3C0E1C0E1C0E1C0E1C0F1C08E
:10BE90007FC03EC000020000000000003F007F8025
:10BEA000F3C0E1C0FFC0FFC0E000F0C07FC03F8032
:10BEB0000FC21FC01C001C00FF80FF801C001C0064
:10BEC0001C001C001C001C001C001C0000020000C8
:10BED000000000003EC07FC0F1C0E1C0E1C0F3C07F
:10BEE0007FC03FC001C07F80E002E000E000E000D2
:10BEF000EF00FF80F3C0E1C0E1C0E1C0E1C0E1C0FC
:10BF0000E1C0E1C03805380000000000F80038004A
:10BF10003800380038003800380038003800FE009B
:10BF200007040700000000001F00070007000700CB
:10BF30000700070007000700E7007E00E001E000BF
:10BF4000E000E000E0E0E1E0E3C0E780FF00FF00A8
:10BF5000E780E3C0E1E0E0E0F805380038003800B1
:10BF60003800380038003800380038003800380011
:10BF70003800FE000001000000000000DB80FFC070
:10BF8000FFE0EEE0EEE0EEE0EEE0EEE0EEE0EEE030
:10BF90000002000000000000DF00FF80F3C0E1C0ED
:10BFA000E1C0E1C0E1C0E1C0E1C0E1C000020000C9
:10BFB000000000003F007F80F3C0E1C0E1C0E1C0AD
:10BFC000E1C0F3C07F803F000002000000000000DD
:10BFD000DF80FFC0E1C0E1C0E1C0E1C0E1C0FFC05F
:10BFE000FF80E00000010000000000003EE07FC094
:10BFF000E1C0E1C0E1C0E1C0E1C07FC03FC001C01D
:10C000000002000000000000DF80FFC0F1C0E1C0BE
:10C01000E000E000E000E000E000E00000020000DE
:10C02000000000007F80FFC0E1C0E000FF807FC013
:10C0300001C0E1C0FFC07F801C021C001C001C006E
:10C04000FF80FF801C001C001C001C001C001DC089
:10C050001FC00F800002000000000000E1C0E1C02E
:10C06000E1C0E1C0E1C0E1C0E1C0F3C07FC03EC0BB
:10C070000002000000000000E1C0E1C0E1C0E1C03A
:10C08000E1C0F3C07F803F001E000C0000010000F3
:10C0900000000000E0E0E0E0EEE0EEE0EEE0EEE0E8
:10C0A000EEE0FFE07FC03B800001000000000000E8
:10C0B000E0E0F1E07BC03F801F001F003F807BC0BD
:10C0C000F1E0E0E00002000000000000E1C0E1C09B
:10C0D000E1C0E1C0F1C07FC01DC001C0E1C07F80F0
:10C0E0000002000000000000FFC0FFC00380070046
:10C0F0000E001C0038007000FFC0FFC000070000E9
:10C1000038006000600060006000C00060006000F7
:10C110006000600038000000300730003000300060
:10C12000300030003000300030003000300030008F
:10C130003000300000070000E00030003000300028
:10C14000300018003000300030003000E000000007
:10C15000000300000000000038C06D80C700000030
:10C16000000000000000000000000000DCC1020828
:10C170000A0002000700000014C302080F000A00B2
:10C18000020000004CC402080A001E000200000069
:10C19000ACC202080E00640005000000E4C30208FF
:10C1A00000002C010500000044C202080000E80362
:10C1B000060000007CC302080000B80B0700000066
:10C1C000B4C4020805007017050000001CC5020871
:10C1D0000800342109000000090000001011200CA3
:10C1E000000A0007000FA001C9C380000D10112034
:10C1F0000C1801800903C000F06074B500490E11ED
:10C20000200A450300000100000003104010112126
:10C210000C00A2A0978A7966523F2E1F140B1011B2
:10C22000210C0C060200000000A2A0978A7966107B
:10C2300011210C18523F2E1F140B060200000000A3
:10C24000000000001011200C000A00071B774001BD
:10C25000C9C38000281011200C1801800903C000F8
:10C26000002000B500530E11200A45030000010014
:10C2700000000310401011210C00A2A0978A7966DB
:10C28000523F2E1F140B1011210C0C06020000004F
:10C2900000A2A0978A79661011210C18523F2E1F18
:10C2A000140B060200000000000000001011200C1A
:10C2B000000A000702E63001C9C380000D101120FA
:10C2C0000C1801800903C000305000B500420E1167
:10C2D000200A450300000100000003104010112156
:10C2E0000C00C6C1B29C8063472F1B0E05001011C5
:10C2F000210C0CFFFE0000000FC6C1B29C80631031
:10C3000011210C18472F1B0E0500FFFE0000000F27
:10C31000000000001011200C000A0007004E200150
:10C32000C9C380000D1011200C1801800903C00042
:10C33000F0500CB5004E0E11200A4503000001001C
:10C3400000000310401011210C00A2A0978A79660A
:10C35000523F2E1F140B1011210C0C06020000007E
:10C3600000A2A0978A79661011210C18523F2E1F47
:10C37000140B060200000000000000001011200C49
:10C38000000A00074C4B4001C9C38000281011204F
:10C390000C1801800903C000003000B5003C0E11EC
:10C3A000200A450300000100000003104010112185
:10C3B0000C00E7DFCAAA845D3A1E0AFEF9F91011E3
:10C3C000210C0CFAFD0000FC0FE7DFCAAA845D1007
:10C3D00011210C183A1E0AFEF9F9FAFD0000FC0FB3
:10C3E000000000001011200C000A000708D9A0016D
:10C3F000C9C380000D1011200C1801800903C00072
:10C40000202000B500410E11200A45030000010064
:10C4100000000310401011210C00C6C1B29C8063C3
:10C42000472F1B0E05001011210C0CFFFE00000011
:10C430000FC6C1B29C80631011210C18472F1B0E30
:10C440000500FFFE0000000F000000001011200C8E
:10C45000000A000700EA6001C9C38000281011200B
:10C460000C1801800903C000B0600CB5004E0E111D
:10C47000200A4503000001000000031040101121B4
:10C480000C00A2A0978A7966523F2E1F140B101140
:10C49000210C0C060200000000A2A0978A79661009
:10C4A00011210C18523F2E1F140B06020000000031
:10C4B000000000001011200C000200072DC6C00172
:10C4C000C9C38000141011200C1801000903C0001A
:10C4D000003000B500640E11200A45030000010081
:10C4E00000000310401011210C007E641BBA580B91
:10C4F000DDCED6E6F6001011210C0C030315F03F3B
:10C50000007E641BBA580B1011210C18DDCED6E644
:10C51000F600030315F03F00000000001011200C8E
:10C52000000A00074C4B4001C9C3800028101120AD
:10C530000C1801800903C000003000B5003C0E114A
:10C54000200A4503000001000000031040101121E3
:10C550000C00FFBA0F51CFA9C9FC1B1E0F0110110F
:10C56000210C0CFCFD15FF000FFFBA0F51CFA910D5
:10C5700011210C18C9FC1B1E0F01FCFD15FF000F3B
:10C58000005349343436382052657365742066612F
:10C59000696C0053493434363820436F6E666967DE
:10C5A000757265206661696C0053493434363820F1
:10C5B0005374617274206661696C000007020101A6
:10C5C00001C9C3800813070800000000000511001E
:10C5D00001000005110001032005111001042110C4
:10C5E00011200C000B000702710005C9C380000078
:10C5F000051120010C231011200C1801000903C0A3
:10C6000000B0100CB5004E1011200C24068DB9009E
:10C610000000D0080012001107112003300166A0AD
:10C620000511200135F11011200C38111111801A5B
:10C63000200000280CA42309112005458300850152
:10C6400000081120044B061B1040061120025094D4
:10C650000806112002548307051120015700091113
:10C6600020055B61040478201011210C007E641BFE
:10C67000BA580BDDCED6E6F6001011210C0C0303E0
:10C6800015F03F007E641BBA580B1011210C18DD09
:10C69000CED6E6F600030315F03F00051122010394
:10C6A0001D0B112307002C0E0B040C73030C1140FF
:10C6B000080041088000222220FF0832000000000C
:10C6C00000000005175610FAF005171310FAF005D0
:10C6D00011000101000511000103200511010100F5
:10C6E0000008110204000A000000051110010114E5
:10C6F0000511120106401011200C000A00074C4BD6
:10C700004001C9C3800028051120010CF61011203A
:10C710000C1801800903C000003000B5003C101166
:10C72000200C24088889044400C300543481550730
:10C730001120033012C68005112001350010112090
:10C740000C38110707801C4CCD00270C84230E11D8
:10C75000200A458F027F0100FF081B1A40061120A6
:10C7600002509408061120025488A7051120025790
:10C770000000091120055B61441378201011210C81
:10C7800000FFBA0F51CFA9C9FC1B1E0F01101121C8
:10C790000C0CFCFD15FF000FFFBA0F51CFA91011B3
:10C7A000210C18C9FC1B1E0F01FCFD15FF000F0515
:10C7B000112201035D0B1123070014070B021073F4
:10C7C000030C1140080040091111222220FF000033
:10C7D000FFE1C6AF9A88786A5D52484038322C270C
:10C7E000221E1A171512100E0C0B0A080707060551
:10C7F00005000000112001020300000003030303F1
:10C8000000020000C06080400080000000060606B4
:10C810002666FEFE60200000101038386C6CC6C61C
:10C82000FE000280C0E0F0F8F0E0C0800000006E82
:10C83000DB919989DB7600000000103060FEFE601D
:10C84000301000000010180CFEFE0C181000010043
:10C850000000FC6C6C6CECCC0000000000C6C6C68E
:10C86000C6EED6C0007CC6C6C6C6C66C6CEE00025C
:10C8700070D8D87000000000000004000000000024
:10C8800000000000000460606060606000606000A4
:10C8900002D8D8D800000000000000025050F8F87C
:10C8A00050F8F850500000307CB0B0783434F83094
:10C8B000006092966C18306CD2920C000070D8D840
:10C8C0007072DCCCDC720003E0E060C000000000AD
:10C8D000000003306060C0C0C06060300003C06012
:10C8E000603030306060C00001000020A870A820D7
:10C8F0000000000100003030FCFC3030000004007B
:10C90000000000000040E060C00100000000FCFCEE
:10C91000000000000400000000000040E0400001B2
:10C920000C0C1818306060C0C0000178CCCCCCCCA6
:10C93000CCCCCC7800013070B03030303030FC00DE
:10C940000178CCCC0C3860C0C0FC000178CCCC0C99
:10C95000380CCCCC7800010C1C3C6CCCCCFC0C0C06
:10C960000001FCC0C0F8CC0C0CCC78000178CCC025
:10C97000C0F8CCCCCC780001FC0C0C18183030601E
:10C9800060000178CCCCCC78CCCCCC78000178CCD1
:10C99000CCCC7C0C0CCC7800040040E0400040E0A3
:10C9A000400000040040E0400040E0408000010CF6
:10C9B000183060C06030180C0001000000FC00005E
:10C9C000FC00000001C06030180C183060C000018D
:10C9D00078CCCC0C18300030300001788C8CBCAC9A
:10C9E000B8808C78000178CCCCCCFCCCCCCCCC0002
:10C9F00001F8CCCCCCF8CCCCCCF8000178CCCCC0B5
:10CA0000C0C0CCCC780001F8CCCCCCCCCCCCCCF811
:10CA10000001FCC0C0C0F8C0C0C0FC0001FCC0C028
:10CA2000C0F8C0C0C0C0000178CCCCC0C0DCCCDC39
:10CA30006C0001CCCCCCCCFCCCCCCCCC0003F060DA
:10CA4000606060606060F000010C0C0C0C0C0C0C61
:10CA5000CC780001CCCCCCD8F0D8CCCCCC0001C068
:10CA6000C0C0C0C0C0C0C0FC0000C6C6EEEED6D676
:10CA7000D6C6C60001CCCCECECFCDCDCCCCC000196
:10CA800078CCCCCCCCCCCCCC780001F8CCCCCCF8CD
:10CA9000C0C0C0C0000178CCCCCCCCCCECDC780CD5
:10CAA00001F8CCCCCCF8D8CCCCCC000178CCCC6084
:10CAB0003018CCCC780001FCB4303030303030301D
:10CAC0000001CCCCCCCCCCCCCCCC780000C6C6C63B
:10CAD0006C6C6C3838100000C6C6C6D6D6D6D6FEEA
:10CAE0006C0001CCCCCC483048CCCCCC0001CCCCB8
:10CAF000CCCC78303030300001FC0C0C183060C0E9
:10CB0000C0FC0003F0C0C0C0C0C0C0C0F00001C085
:10CB1000C060603018180C0C0003F030303030303A
:10CB20003030F000013078CC8400000000000001BB
:10CB30000000000000000000FCFC03C060300000AA
:10CB4000000000000001000000780C7CCCCC7C00D0
:10CB500001C0C0C0D8ECCCCCECD8000100000078FB
:10CB6000CCC0C0CC7800010C0C0C6CDCCCCCDC6CE8
:10CB7000000100000078CCFCC0CC780001386C606B
:10CB800060F060606060000100000074CCCCCC7C80
:10CB90000C7801C0C0C0D8ECCCCCCCCC0003606019
:10CBA00000E060606060F000010C0C000C0C0C0CEC
:10CBB0000CCC7801C0C0C0CCD8F0F0D8CC0001704B
:10CBC00030303030303030FC0000000000ECFED659
:10CBD000D6D6D60001000000D8ECCCCCCCCC0001DD
:10CBE00000000078CCCCCCCC780001000000D8EC60
:10CBF000CCCCF8C0C0010000006CDCCCCC7C0C0CB0
:10CC000001000000D8ECC0C0C0C0000100000078E6
:10CC1000CC6018CC780001006060F86060606C380F
:10CC20000001000000CCCCCCCCDC6C00010000008A
:10CC3000CCCC484830300000000000C6C6D6D6FE36
:10CC40006C0001000000CC48303048CC00010000EE
:10CC500000CCCCCC7C0CCC7801000000FC0C186023
:10CC6000C0FC000238606060C06060603800036033
:10CC700060606060606060600002E03030301830FA
:10CC80003030E0000164FC9800000000000000006B
:10CC900065787066000000006C6F67660000000039
:10CCA0000000003F000000BF8071313F807131BF44
:08CCB000D1F71737D1F717B7D0
:08CCB800C441FD7F01000000F2
:10CCC00000403800000008000000010000000000E3
:10CCD000000000000000000000000000007E0000D6
:10CCE00000000000C0000000000000000000000084
:10CCF00000000000AF3CFFFFFFFFFFFF6E4E4F4301
:10CD0000000000000000FFFF8410E73C0000D69AFE
:10CD1000FFE047E8F81FFA081F00F800001FFFFFB8
:10CD2000841007E084100000FFFF001FFC1007E0E4
:10CD30008C71DEFB2945C638FFFF07E007FFFFE0E7
:10CD400000000000BC01CB02E00DAB0D00C20100F1
:10CD500082072C010000000000000000000000001D
:10CD600000000000000000000000000000000000C3
:10CD700000000000000000000000000000000000B3
:10CD80000000003F000040400000000000000000E4
:10CD9000000000000000C0BF000000BF0000000055
:10CDA0000000000000000000000000000000000083
:10CDB000000000000000A04033334341713DF240C9
:10CDC00052B88E4048E10A40EC51B83EEC51B8BE32
:10CDD000000000003D0A57BF14AEC7BE0000003F70
:10CDE0000000803E0000803F0AD7A33D8FC2F53E81
:10CDF000A470BD3E0AD7C33F52B83E4014AE974020
:10CE00000000C84014AE0B4100003041D7A30841D8
:10CE1000713DCA4052B88E401F854B405C8F823FA7
:10CE2000D7A3303FCDCC4C3EF628DCBE85EBD1BE3F
:10CE3000E17A143FC3F5283F0AD7A3BDE17A143F36
:10CE4000B81E453F9A99D93F5C8FE23F3333634028
:10CE5000EC51B04014AEFF4000000000E17A143FF6
:10CE60009A99D93FC3F5904052B88E4052B84E407F
:10CE7000E17A9440AE47C940A470B540C3F5E040A4
:10CE8000E17A0C41AE47E1400000044152B836411E
:10CE90007B143A41D7A354417B144641AE474941E4
:10CEA00000007C4148E17E410000000048E1FA3E7C
:10CEB000B81E053FAE47A13FEC5148401F852B40AF
:10CEC0001F852B40CDCC5C40666696406666C640AA
:10CED0000AD70741D7A33841F6285841B81E7D41EB
:10CEE000B81E7D41AE479541AE479B41CDCCB44184
:10CEF0006666B641CDCCE041E17A0C4248E1084299
:10CF0000D7A301420000F0419A99AD41AE47A34139
:10CF10009A9983415C8F7E418FC26D41A4706541B7
:10CF20007B143A41295C2B417B140E410000A03F49
:10CF3000AE47213F9A99B93F3D0A173FCDCC0C40EF
:10CF40005C8F7240C3F5C84033330942713D0542DE
:10CF50001F85FD410000F041CDCC9E4166669241A7
:10CF60003D0A81415C8F7241CDCC10413D0AD740D2
:10CF7000333333BFEC5178BFCDCC4CBFC3F5A8BF22
:10CF80003333B3BE0000403F14AEE73F7B14CE3FC7
:10CF9000A470FD3FCDCC8440000000401F8595412A
:10CFA0001F85AD411F85AD411F85A5411F85A54149
:10CFB000CDCCB8411F85C9419A99ED411F85D54116
:10CFC0001F85D1411F85DD418FC206428FC21442A9
:10CFD0008FC222428FC236428FC2404285EB454209
:10CFE000CDCC3E42CDCC4242333333400000B2413F
:10CFF0000000BA410000CE410000EE4100000142B5
:10D0000000000942000005420000114200002B42CE
:10D0100000002F42CDCC3242CDCC2A420000294222
:10D0200000002F420000494200005F4200007542AC
:10D030000080824200809142A470954014AE873FE8
:10D04000CDCC4CBF85EB21C0EC5180C0B81E85C053
:10D05000713D92C0A47095C0E17A64C048E15AC0A5
:10D06000CDCC3CC0AE4761C09A9959C0A4703DC0B8
:10D070003D0A07C0CDCC8CBF0AD7A33C8FC2753FF9
:10D080003D0A37400AD79B40CDCCECC0EC5168C07C
:10D09000AE4761C0666656C07B144EC0666646C029
:10D0A000295C3FC09A9939C05C8F32C014AE27C04A
:10D0B000D7A320C07B141EC085EB91BF5C8F82BFBD
:10D0C00052B85EBFB81E45BF5C8FC2BEAE4761BEE0
:10D0D0000AD7233DAE47613E666686BF9A9999BEE0
:10D0E00085EB11403D0AD7403D0A07411F850F419E
:10D0F000295C0F4100000841EC51004114AEF7409B
:10D1000014AE0741295CF7403D0AC7405C8FAA4036
:10D11000EC5158403D0A474014AE4740CDCCA440A6
:10D120000000184185EB3141295C5FC0C3F5E8BFC1
:10D13000A4703D3FD7A3303F713D0AC052B80EC026
:10D14000295C4F3F8FC2753DCDCCCCBD85EB513FA7
:10D150006666263F85EBF13F85EBD13F295C0F40AA
:10D16000C3F5A83F295CCF3F5C8F423F5C8FE23F15
:10D17000713DF2403333EB40102700000000000007
:10D1800050C3000000000000400D0300000000003C
:10D19000801A060000000000A0BB0D000000000087
:10D1A000002D31010000000080C3C9010000000013
:10D1B00000E1F5050000000000688909000000009A
:10D1C0008085B50D00000000800C491100000000B2
:10D1D0000084D717000000000092FE1E000000002F
:10D1E0000046C3230000000000CD562700000000C9
:10D1F00000811B2C000000008071162F0000000031
:10D20000809E4730000000000035E0300000000044
:10D2100080CB7831000000001027000000000000E3
:10D2200030750000000000008038010000000000A0
:10D23000E093040000000000801A060000000000D7
:10D2400000350C000000000040420F00000000000C
:10D250008096980000000000008793030000000003
:10D26000000E27070000000080DF171000000000FC
:10D2700000B10819000000008055C820000000001F
:10D280000046C3230000000000FA872800000000C9
:10D290008017B42C000000008044E52D0000000041
:10D2A0000008AF2F000000000035E0300000000053
:10D2B00080CB78310000000080C3C901000000006D
:10D2C0000027B92900000000009D693A0000000015
:10D2D00000A8D455000000008079C55E0000000061
:10D2E00000B33F710000000080327DA70000000005
:10D2F000005B14C700000000804B0FCA0000000054
:10D30000800A3FEA0000000080AD20FC0000000021
:10D3100000CB4C00010000000025AF02010000001E
:10D3200080C6B21E01000000800F322E01000000F6
:10D3300080699430010000000095E73B0100000087
:10D3400080ED6B480100000080EAAF5C0100000046
:10D3500000BCA0650100000080C3C90100000000FE
:10D360000027B929000000008044E52D00000000DE
:10D370008033023B00000000804F50490000000055
:10D380008081748E00000000009CE4A60000000074
:10D3900080327DA700000000802FC1BB000000008C
:10D3A00080B654BF0000000080FC17E300000000BE
:10D3B00000AFFEF10000000000BD25F900000000F4
:10D3C00080AD20FC0000000000CB4C0001000000FC
:10D3D00000AC42060100000080F69F0B0100000037
:10D3E0000098A32701000000800F322E01000000EA
:10D3F00000BCA06501000000003B580800000000D0
:10D4000080D1F008000000000068890900000000D9
:10D410000095BA0A000000000076B010000000007D
:10D4200000A3E111000000000057A6160000000054
:10D4300080ED3E1700000000801A70180000000008
:10D440008047A1190000000080CE341D00000000BC
:10D450000092FE1E0000000000EC602100000000B1
:10D4600080CB783100000000006211320000000023
:10D47000008F4233000000008025DB3300000000F5
:10D4800000703839000000000024FD3D000000005D
:10D49000806E5A4300000000003B58080000000066
:10D4A00080D1F0080000000080FE210A000000008A
:10D4B0000095BA0A000000000076B01000000000DD
:10D4C00000A3E1110000000000FD43140000000073
:10D4D000002A7515000000000065CD1D0000000049
:10D4E00000EC60210000000080CB783100000000DB
:10D4F0000062113200000000008F42330000000083
:10D500008025DB330000000080D99F380000000038
:10D510008060333C00000000808D643D000000000E
:10D520000024FD3D0000000080BA953E0000000090
:10D53000806E5A430000000080C3C9010000000053
:10D5400000286BEE00000000EFD142120100000045
:10D550003641BB2F0100000030CFAD3B0100000081
:10D560002B5DA04701000000CD25F259010000000D
:10D5700014956A7701000000B0EBAE950100000041
:10D580005020C8AC01000000F2E819BF0100000003
:10D59000EC760CCB01000000395892DC0100000051
:10D5A000DB20E4EE0100000022905C0C0200000091
:10D5B000C458AE1E02000000BEE6A02A0200000011
:10D5C000B9749336020000000656194802000000A4
:10D5D00000E40B540200000080C3C90100000000F9
:10D5E00000286BEE00000000537BFEF300000000FB
:10D5F000FAB55DFA000000004D09F1FF00000000DF
:10D60000F543500601000000EFD142120100000076
:10D6100030CFAD3B010000001F79855F01000000A5
:10D62000BCCFC97D010000000E235D830100000016
:10D63000B0EBAE9501000000FDCC34A70100000066
:10D64000443CADC4010000003FCA9FD0010000006F
:10D65000E192F1E201000000D5AED6FA010000002F
:10D660001D1E4F18020000000BC8263C02000000DF
:10D6700000E40B54020000003075000000000000C0
:10D68000A086010000000000400D03000000000023
:10D69000C027090000000000404B4C0000000000C3
:10D6A000809698000000000080778E060000000041
:10D6B000000E270700000000001C4E0E00000000B6
:10D6C00000A3E111000000000084D7170000000053
:10D6D00080CE341D000000008036BE260000000011
:10D6E00080902029000000008017B42C000000006A
:10D6F00000DB7D2E000000000008AF2F00000000BE
:10D70000809E473000000000C0FB0D31000000008B
:10D7100080CB7831000000000065CD1D00000000C6
:10D72000C0FB0D310000000080CB7831000000000C
:10D7300080F8A93200000000008F42330000000092
:10D740008025DB330000000000BC733400000000C3
:10D7500080520C350000000000E9A43500000000F4
:10D76000807F3D36000000000016D6360000000025
:10D7700080AC6E3700000000808D643D000000002A
:10D780000024FD3D0000000080BA953E000000002E
:10D7900000512E3F00000000007E5F4000000000AE
:10D7A00000AB90410000000000D8C1420000000022
:10D7B000806E5A43000000000065CD1D000000008F
:10D7C000806E5A430000000000E6E84900000000B7
:10D7D000004E725300000000002F68590000000046
:10D7E00000B6FB5C0000000080A6F65F00000000B1
:10D7F00080C2446E0000000080D06B750000000005
:10D8000080ECB983000000008027128C000000002B
:10D8100000DAF89A00000000009CE4A60000000076
:10D8200080327DA70000000000D73CAF0000000060
:10D83000005ED0B2000000008010B7C10000000000
:10D8400000966CCF00000000802949E40000000031
:10D8500000AC420601000000C0FB0D3100000000DA
:10D86000806E5A430000000080B7D95200000000CB
:10D8700000E32C5E0000000080A33A74000000006A
:10D8800080ECB98300000000009CE4A600000000CA
:10D8900080327DA70000000000319FB10000000031
:10D8A000003FC6B8000000000020BCBE0000000021
:10D8B000008845C80000000000B576C900000000DF
:10D8C00000A493D60000000000B2BADD0000000002
:10D8D0000093B0E3000000008091D2ED0000000052
:10D8E000001788FB0000000080889E2A01000000CD
:10D8F0000076DD4101000000005ED0B200000000B3
:10D9000006000000C0F0413A0000000000000000E6
:10D910000000000000E40B540200000000000000C2
:10D920000000000040BB84390000000040E8B53A28
:10D9300000000000000000000000000000000020C7
:10D940000000000046000000000081003333534017
:10D9500000000000AE000000000000000000000019
:10D9600000000000FFFFFFFF8033023B00000000CB
:10D9700001000100BC4F0208FFFFFFFF974B0208A8
:10D9800080841E000000000080841E000000000053
:10D99000008C86470000000000752B7D0000000011
:10D9A0000000000000000000000000000000000077
:10D9B0000000000000000000FFFFFFFF010000006A
:10D9C0000092FE1E0000000012000000080000008F
:10D9D000000016C300000200650000000100000006
:10D9E000801A060064000000000000000000000033
:10D9F0000000000001000000000000000000000026
:10DA00000000000000000000000000000000000016
:10DA10000000000000000000000000000000000006
:10DA20000000000001000000C0F0413A00000000CA
:10DA3000FFFF000064000000D05002083800000022
:10DA400001000100000016C301001F00C201000018
:10DA50000473002036010000465245513A202573D8
:10DA60000000000000000000000000002D37362EEE
:10DA70002E2D360000000000220000008C950208C8
:10DA80000000000000000000000000000000000096
:10DA90000000000000000000FCA8020800A9020825
:10DAA00008A90208389A02083C9A0208409A02081B
:10DAB000449A0208489A02084C9A0208509A0208AE
:10DAC000549A0208589A02085C9A0208609A02085E
:10DAD000649A0208FF01000075FF010801000100BF
:10DAE000DC050000DC05000000F10100FFFFFFFF86
:10DAF0002000000064000100010001000600000099
:10DB0000070800000300C80002000000FFFFFFFF3D
:10DB100002000000020000000000C8C20200000075
:10DB2000FFFFFFFF01000000EC14002000000000D8
:10DB300000000000000000000000000000000000E5
:10DB400000000000000000000000000000000000D5
:10DB500000000000000000000000000000000000C5
:10DB600000000000000000000000000000000000B5
:10DB700000000000000000000000000000000000A5
:0CDB800000000000000000000000000099
:04000005080001A14D
:00000001FF
