:020000040800F2
:1000000000010020C10000082D1B000891C7000856
:100010007915000879150008791500087915000888
:100020007915000879150008791500087915000878
:100030007915000879150008791500087915000868
:1000400079150008F93000082D31000879150008ED
:1000500079150008B52F0008F12F00082D30000891
:1000600079150008AD2D0008692B0008DD2B00086C
:100070006946000879150008791500081D2E00084A
:100080008534000879150008791500089D340008AA
:100090007915000879150008791500087915000808
:1000A0007915000879150008791500082D35000824
:1000B000791500087915000879150008013A00083B
:1000C00072B6224880F30988022080F31488BFF3B7
:1000D0006F8F01F033FA03F06BFD1D481D491E4A76
:1000E000914202DA08600431FAE71C49174A91424A
:1000F00002DA08600431FAE719491A4A1A4B9A429F
:1001000004DA0868106004310432F8E70020174967
:10011000174A914202DA08600431FAE701F014FA52
:1001200001F00EFA134C144DAC4203DA21688847F3
:100130000434F9E70CF0A8F9104C114DAC4203DA85
:10014000216888470434F9E70E4908472003002056
:1001500055555555000000200001002000010020E9
:10016000ECA8010820030020B4050020B8050020F9
:10017000743B0020C0000008C0000008C000000858
:10018000C000000845150008F0B544464D465646E7
:100190005F46F0B46B46CB60C3689D46F0BCA0469A
:1001A000A946B246BB46F0BD62B6281CA047002057
:1001B00001F06CFC01F0CCFB014A024B1360FEE73E
:1001C00004ED00E00000008002B4714649084900D7
:1001D000095649008E4402BC7047C04602B47146BD
:1001E00049084900095C49008E4402BC7047C0467A
:1001F00003B47146490840004900095A49008E4439
:1002000003BC7047002243088B4274D303098B421E
:100210005FD3030A8B4244D3030B8B4228D3030CD6
:100220008B420DD3FF22090212BA030C8B4202D378
:100230001212090265D0030B8B4219D300E0090AA0
:10024000C30B8B4201D3CB03C01A5241830B8B42A9
:1002500001D38B03C01A5241430B8B4201D34B0392
:10026000C01A5241030B8B4201D30B03C01A5241F7
:10027000C30A8B4201D3CB02C01A5241830A8B427C
:1002800001D38B02C01A5241430A8B4201D34B0265
:10029000C01A5241030A8B4201D30B02C01A5241C9
:1002A000CDD2C3098B4201D3CB01C01A524183097D
:1002B0008B4201D38B01C01A524143098B4201D3B7
:1002C0004B01C01A524103098B4201D30B01C01AE2
:1002D0005241C3088B4201D3CB00C01A524183085C
:1002E0008B4201D38B00C01A524143088B4201D389
:1002F0004B00C01A5241411A00D2014652411046E9
:100300007047FFE701B5002000F0F0F802BDC046DD
:100310000029F7D076E7704703460B437FD40022CD
:1003200043088B4274D303098B425FD3030A8B4289
:1003300044D3030B8B4228D3030C8B420DD3FF22F3
:10034000090212BA030C8B4202D31212090265D0C1
:10035000030B8B4219D300E0090AC30B8B4201D374
:10036000CB03C01A5241830B8B4201D38B03C01ABB
:100370005241430B8B4201D34B03C01A5241030B32
:100380008B4201D30B03C01A5241C30A8B4201D3E3
:10039000CB02C01A5241830A8B4201D38B02C01A8E
:1003A0005241430A8B4201D34B02C01A5241030A05
:1003B0008B4201D30B02C01A5241CDD2C3098B42EA
:1003C00001D3CB01C01A524183098B4201D38B0167
:1003D000C01A524143098B4201D34B01C01A52410A
:1003E00003098B4201D30B01C01A5241C3088B424F
:1003F00001D3CB00C01A524183088B4201D38B003A
:10040000C01A524143088B4201D34B00C01A5241DB
:10041000411A00D201465241104670475DE0CA0FB2
:1004200000D04942031000D34042534000229C4672
:1004300003098B422DD3030A8B4212D3FC2289017C
:1004400012BA030A8B420CD3890192118B4208D352
:10045000890192118B4204D389013AD0921100E0B4
:100460008909C3098B4201D3CB01C01A52418309C8
:100470008B4201D38B01C01A524143098B4201D3F5
:100480004B01C01A524103098B4201D30B01C01A20
:100490005241C3088B4201D3CB00C01A524183089A
:1004A0008B4201D38B00C01A5241D9D243088B42F0
:1004B00001D34B00C01A5241411A00D20146634693
:1004C00052415B10104601D34042002B00D54942F7
:1004D000704763465B1000D3404201B5002000F036
:1004E00005F802BD0029F8D016E770477047C046EE
:1004F0008446081C6146FFE71FB500F055FB002845
:1005000001D40021C8421FBD10B500F0D7FA404207
:10051000013010BD10B500F047FB002801DB0020C2
:1005200010BD012010BDC04610B500F03DFB0028F5
:1005300001DD002010BD012010BDC04610B500F047
:10054000E5FA002801DC002010BD012010BDC046E6
:1005500010B500F0DBFA002801DA002010BD012000
:1005600010BDC0469E2110B5C905041CFFF7F0FF61
:10057000002803D1201C00F037FE10BD9E21201C56
:10058000C90500F075FC00F02FFE80231B069C4679
:100590006044F2E7F8B54C02640A4746A0464C00B6
:1005A000C90FCE4689464146430246005B0A360ED5
:1005B000240E80B5C50F9C463200D800C900371BF9
:1005C0004D4560D0002F48DD002C00D17CE0FF2E8F
:1005D00000D183E08023DB04194301231B2F07DCB8
:1005E0000B002022FB40D71BB9404A1E91410B4310
:1005F000C31A5A0100D4A8E09B019C09200000F016
:1006000077FF05388440864200DDADE0861B22007E
:1006100020200136F240861BB44023005C1EA3411B
:10062000002613435A0704D00F221A40042A00D090
:1006300004335A0100D48BE00136F2B2FF2E00D110
:100640008FE09B015B0A5B02D205580AED0710435D
:1006500028430CBC90469946F8BD002F49D1FE2492
:10066000771C3C4200D086E0002E00D0DEE000285F
:1006700000D1D1E00029E6D0431A5C0100D4F1E0BA
:100680000B1A4D46CEE7002F4ADD002C3FD0FF2E3F
:1006900024D08023DB04194301231B2F07DC0B002C
:1006A0002022FB40D71BB9404A1E91410B431B1827
:1006B0005A014AD50136FF2E53D0012271491A4002
:1006C0005B080B401343ADE7002943D0013F431AB9
:1006D000002F00D18DE7FF2E00D07EE76346002B70
:1006E0003FD080236246DB0313435B025B0AFF2299
:1006F000A9E7A21B002E60D1002878D0013A002A79
:1007000000D1B5E0FF2C5DD14D46C446E6E7002997
:1007100020D0013F4318002FCAD0FF2EBCD1DDE707
:10072000002F32D1FE24013634427AD1002A62D120
:10073000002800D1A0E0002900D184E7431800265A
:100740005A0102D5504A013613405A0700D06BE7D0
:10075000DB089C46FF2EC1D063465B025B0AF2B207
:1007600071E7FF2200236EE7474B361A23405A07F2
:1007700000D059E7ECE7441A630161D4002C00D0A3
:100780003CE70025002200235DE7A21B002E28D1B4
:1007900000282DD0013A002A70D0FF2CB5D00123BB
:1007A0001B2A07DC03002026D340B21A9040421EC9
:1007B000904103435B1826007AE7FF2CA4D08023E6
:1007C000DB04184301231B2A07DC03002025D34048
:1007D000AA1A9040421E90410343CB1A4D46260070
:1007E00007E7FF2C91D08023DB041843D7E74D4661
:1007F000C4462600AEE7002887D0002900D16DE767
:1008000080236246DB031A4200D167E742461A4260
:1008100000D063E7C44661E7002926D04D46434631
:1008200011E7FF2E9DD043185B088EE700280AD100
:10083000002900D068E780230025DB03FF2202E7C0
:100840000C1A4D46DAE6002900D147E780236246BC
:10085000DB031A4200D141E742461A4200D03DE78D
:100860004D4652E7002B00D06FE700250023EAE653
:100870000B1A4D462600BCE64346E4E64318260024
:1008800016E7C046FFFFFF7DFFFFFFFBF0B54F46B9
:100890004646D64644024500C0B5640A0F1C2D0EDC
:1008A000C60F002D4FD0FF2D55D08023E400DB0470
:1008B0001C43002399469A467F3D7B0278005B0AE1
:1008C0009846000EFF0F002831D0FF2810D080225C
:1008D000DB00D2041A43904600217F382D1A4B4684
:1008E00032000B4371489B00C3587A40D2B29F46F6
:1008F000FF3D002B54D102234946194332000B001F
:100900007A40033BD2B20C2B04D869499B00CB58E8
:100910009F463A00002000246402C305600AD20703
:10092000184310431CBC90469946A246F0BD002BCC
:100930002BD101234946320019438B005D497A408F
:10094000CB58D2B29F46002C13D104239946033BC7
:1009500000259A46B1E7002C05D108239946063BAD
:10096000FF259A46A9E70C239946093BFF259A469D
:10097000A3E7200000F0BCFD7625431F9C40002328
:100980006D422D1A99469A4697E7180000F0B0FD7F
:100990004246431F9A402D189046763500219EE727
:1009A00003219CE717003A00FF200024B4E78024CD
:1009B0000022E403FF20AFE732005346022BF1D0C0
:1009C000032B6CD0012BA5D028007F30002846DDFA
:1009D000630704D00F232340042B00D004342301E9
:1009E00003D52800344B80301C40FE28DCDCA401F9
:1009F000640AC0B290E78023DB031C4227D0424642
:100A00001A4224D144461C436402640A3A00FF207F
:100A100082E73A0044468A46CFE7414663014C01EB
:100A2000A34235D21B200021013D01271E004900B1
:100A30005B00002E01DB9C4201D81B1B39430138AF
:100A40000028F3D11C00631E9C410C43BCE78023AB
:100A5000DB031C436402640A3200FF205CE70123CD
:100A6000181A1B2800DD55E79E352300AC40C34013
:100A7000611E8C411C43630704D00F232340042BC9
:100A800000D00434630107D4A401640A002043E7C2
:100A90001B1B1A200121C8E7012000243CE780230A
:100AA000DB031C436402640AFF2035E7584C01084D
:100AB000984C0108CC4C0108FFFFFFF770B54200CD
:100AC0004E024C0045026D0A120EC30F760A240E28
:100AD000C90FFF2A0FD0FF2C11D00120A24200D055
:100AE00070BDB542FCD18B420DD0002AF8D1280050
:100AF000451EA841F4E70120002DF1D1EBE70120CC
:100B0000002EEDD1E9E70020EAE7C04670B54A00C3
:100B10004E02450244006D0A240EC30F760A120EDF
:100B2000C90FFF2C15D0FF2A0ED0002C15D1002A9A
:100B300001D1002E1CD0002D14D08B4227D00220D2
:100B4000013B1840013870BD002EEED0022040421B
:100B5000F9E7002DFAD1FF2A0ED0002A0ED1002E7F
:100B6000EDD00BE001230139994308000130EAE799
:100B70000020002DE7D0E2E7002EE7D18B42DED146
:100B8000944205DD0221581E08400138DBE70024AD
:100B9000A24204DCB542D2D80020B542D3D2581EBE
:100BA000012398430130CEE730B5420044024D02A4
:100BB000C30F4800640A120E6D0A000EC90FFF2A07
:100BC00017D0FF2808D0002A17D1002808D1002DFF
:100BD00006D1002C23D007E0002DF4D002201EE027
:100BE000002C17D08B421FD00220013B1840013847
:100BF00015E0002CF2D1FF2812D0002801D1002DE1
:100C0000F2D08B42F0D182420FDD0221581E084003
:100C1000013804E00123013999430800013030BD57
:100C2000002DEED00220FAE70022904204DCAC4214
:100C3000DAD80020AC42F2D2581E0123984301308A
:100C4000EDE7C046F0B54F464646D646440245005D
:100C5000C0B58846640A2D0EC70F002D49D0FF2D60
:100C60004FD08023E400DB041C43002399469A46BE
:100C70007F3D434642465E02D20F5B00760A1B0E62
:100C8000904646D0FF2B12D080220020F600D204DE
:100C90007F3B1643ED186A1C434694464A467B4008
:100CA0000F2A00D974E0704992008A589746FF35A0
:100CB000002E54D14A4602231A4391460220EAE705
:100CC0004346340082465246022A2AD0032A00D1E3
:100CD000C3E0012A00D082E0002200246402D20591
:100CE000600ADB07104318431CBC90469946A24695
:100CF000F0BD002C27D104239946033B00259A46DA
:100D0000B7E7002C19D108239946063BFF259A46E0
:100D1000AFE7002E08D14A4601231A43914601202D
:100D2000B9E7FF220024D9E7300000F0E1FB431FC0
:100D30002D1A9E40763D0020ADE70C239946093BD5
:100D4000FF259A4695E7200000F0D2FB7625431F49
:100D50009C4000236D422D1A99469A4689E74A46DF
:100D600003231A439146032095E73B00ABE7802419
:100D70000023E403FF22B1E78023DB031C4245D0BC
:100D80001E4243D133435C02640A4346FF22A5E777
:100D9000200C2404210C0F00320C3604360C77434F
:100DA00051434643504389193A0C5218964203D98D
:100DB00080214902884640443F0411043F0CC91970
:100DC0008C01661EB441890E2143140C2418A40121
:100DD0000C4322013CD50122610814400C436046BB
:100DE0007F3000281ADD620704D00F222240042A37
:100DF00000D00434220103D560461C4A80301440E0
:100E0000FE288EDCA401640AC2B267E78020C0031A
:100E100004436402640A3B00FF225FE70122101AC8
:100E20001B2800DD58E762469E3221009440C140F5
:100E3000621E94410C43620704D00F222240042A10
:100E400000D00434620105D4A401640A002245E7FD
:100E5000AC46C4E70122002440E78022D2031443B9
:100E60006402640AFF2239E7044D0108FFFFFFF71F
:100E7000F8B543025B0ADA00DE4693464A02520A9C
:100E8000454690464E4657464446E0B54A00470020
:100E90003F0EE400120EA1469C463E00C50FC90F4E
:100EA000BC1AFF2A00D177E001208246504641401B
:100EB0008D4200D180E0002C51DD002A00D073E08B
:100EC0004B46002B00D1DDE0013C002C0FD0FF2F62
:100ED00000D1A5E001231B2C09DC20224946121B6E
:100EE00091404B460A00E340511E8A4113435A4643
:100EF000D31A5A0100D4C0E09B019C09200000F0E5
:100F0000F7FA230005388340864200DDC4E0861BE3
:100F10001A0020200136F240861BB3405C1EA3411C
:100F2000002613435A0704D00F221A40042A00D087
:100F300004335A0100D4A3E00136F7B2FF2E00D1EA
:100F4000A7E09B015B0A5802FF05400AED07384302
:100F500028433CBC90469946A246AB46F8BD002CBF
:100F60004FD1FE247A1C144200D09CE05A46002F38
:100F700000D003E1002A00D1F4E04A46002AE2D082
:100F80004B465A46D31A5A0100D405E14B465A46FD
:100F90000D009B1A0026C5E74846002800D183E7CC
:100FA0008D4251D0002CDADDFF2F39D080234A4604
:100FB000DB041A4391468DE7002C45DD002A3AD028
:100FC000FF2F2DD080234A46DB041A43914601238C
:100FD0001B2C09DC20224946121B91404B460A007B
:100FE000E340511E8A4113435B445A0145D5013603
:100FF000FF2E4ED001226F491A405B080B4013436D
:1010000090E7D41B0D00002F72D15B46002B00D15E
:1010100092E0013C002C00D1C5E0FF2A6FD1C4460C
:101020006346002B35D080236246DB0313435B020B
:101030005B0AFF2787E74B46002B23D0013C002C9F
:1010400077D0FF2FC3D1EBE7002C38D1FE227E1CD6
:10105000324200D08CE05A46002F70D1002A00D1D5
:10106000A6E04A46002A00D16DE75B464B440026C5
:101070005A0102D5504A013613405A0700D053E7AF
:10108000DB089C46FF2ECBD063465B025B0AF7B2BF
:1010900059E7FF27002356E7474A361A13405A07F5
:1010A00000D041E7ECE74B465A46D41A63016FD4AF
:1010B000002C00D022E700250027002343E7D11BA6
:1010C000002F2CD0FF2AAAD080235846DB041843D7
:1010D000834601231B2908DC5B4620245846CB406D
:1010E000611A8840411E884103434B4416007CE747
:1010F000FF2A94D080235946DB0419438B460123F1
:101100001B2C08DC20215B465846E3400C1BA0400A
:10111000411E8841034349461600CB1AE9E65B4667
:10112000002B09D001390029DFD0FF2AD1D1C446D4
:1011300076E75B464B4458E7C4461600A2E7002A10
:1011400000D16CE74A46002A00D169E78022D20329
:10115000134200D164E74346134200D060E70D001C
:10116000C4465DE74B46002B1AD00D004346EAE625
:10117000FF2E8ED05B464B445B087EE7002AE1D110
:101180004B46002BEBD180230025DB03FF27DAE65B
:101190004B460D009C1AB1E60026002B00D06CE7F0
:1011A00000250023CFE64B46594616005B1AA0E601
:1011B0004346C8E6FFFFFF7DFFFFFFFB42024B02F5
:1011C00040004900520A5B0A090E000EFF2806D0B3
:1011D0000020FF2902D11800431E98417047FE38B5
:1011E000002AFBD1F4E7C04641024200C30F490A7E
:1011F000120E00207E2A03D99D2A02D9094A981886
:101200007047802000040143952A07DC9620821A4B
:10121000D1404842002BF3D10800F1E7963A9140C3
:10122000F7E7C046FFFFFF7F70B5002812D0C31755
:10123000C5185D40C40F280000F05AF99E22121A0A
:10124000962A11DCD2B2082833DD083885406802BE
:10125000400A02E00024002200204002D205400A99
:10126000E4071043204370BD992A0BDD05232900B4
:101270001B1AD94003001B339D402B005D1EAB4160
:1012800019430D00052801DD431F9D402B000A492D
:101290000B406E0709D00F263540042D05D00433CE
:1012A0005D0102D59F220B40121A9B01580AD2B24F
:1012B000D3E76802400AD0E7FFFFFFFB70B5041ECA
:1012C0000DD000F015F99E22121A962A0EDCD2B229
:1012D00008282EDD083884406002400A01E0002220
:1012E00000204002D205400A104370BD992A09DD52
:1012F000030021001B3399404B1E994105231B1A03
:10130000DC400C43052801DD431F9C4023000A49B3
:101310000B40650709D00F252C40042C05D0043361
:101320005C0102D59F220B40121A9B01580AD2B2CF
:10133000D7E76002400AD4E7FFFFFFFB70B541002A
:101340004602C40FFE20090E4B1C750A184214D029
:10135000E0239B006D07360BCB1800210A0D2800F7
:1013600012051C4D32435B052A405B0813435B00AA
:10137000E4075B082343190070BD002914D1002D38
:101380001ED0280000F0B4F80A281CDC0B232A0029
:101390001B1ADA40030015339D400F4B12031B1A32
:1013A0005B05160B5B0DD8E7002D06D0320B8026AF
:1013B00036036D071643094BCFE7084B0026CCE7F1
:1013C00000230026C9E703002A000B3B9A400025B2
:1013D000E3E7C046FFFF0F8089030000FF0700001E
:1013E0004A00F0B50B03520D3D4D5B0A470F561CEA
:1013F000C90F1F43C4002E4228D03A4BD518FE2DEA
:1014000008DDFF2200204002D205400AC907104330
:101410000843F0BD002D2DDD80010200501E8241E9
:10142000FB00640F134323435A0757D00F221A407F
:10143000042A00D004338022D2041A404ED0013551
:10144000EAB2FF2DDDD09B01580ADCE73C43002ABD
:1014500006D1002C0BD005239B01580AD2B2D2E74B
:10146000002CCED08020C0033843FF22CBE70022DF
:101470000020C8E72B00173322DB80231E261B0425
:101480003B43761B1F2E1DDD02204042451B1800EA
:10149000E8400500202E04D013488446624493405F
:1014A0001C4323005C1EA3412B4300255A07BDD1DA
:1014B0008020C00418400122A842C4D10200CBE71A
:1014C0000022C8E709481018220084402500834004
:1014D0006C1EA541F2402B431343E6E72A00BBE70D
:1014E000FE07000080FCFFFFA2FCFFFF82FCFFFF65
:1014F0001C2101231B04984201D3000C10391B0A44
:10150000984201D3000A08391B09984201D3000907
:10151000043902A2105C40187047C046040302025E
:101520000101010100000000000000000023C25C76
:101530000133002AFBD1581E704700007047C04697
:101540007047C046FEE7C046094A08E0002102C3D2
:10155000D1689942FAD81032064B9A4207D21168E4
:10156000536890689842F3D901C901C3F9E77047FD
:10157000444D0108C44D0108FEE7C046FEE7C046E1
:1015800010B500F0F5F800F063F80B4C80220B4921
:10159000200000F0FFF9303CA061094BC36120231B
:1015A0000122C254074A136A07490B40136262B60C
:1015B000064800F01FFA10BDA8060020FC4D0108E7
:1015C0000001002000ED00E0FFFF00FFC44D010816
:1015D00072B6014BD862FEE77806002070B51B4B4F
:1015E000DC698023DB055A6A08E062B62069A847F7
:1015F00072B6164BDC698023DB055A6AA36813496F
:10160000886A111A8B4211D8104A1B1893622168FC
:1016100013001C334B602168D161E5680021E16053
:10162000D2699A42E1D100F0D1FADEE70749CC69EC
:101630001C318C4206D01818801A012803D91018C2
:1016400000F0CAFA70BD0220F9E7C0467806002013
:10165000054B1A001C32DA611A62012252425A62A8
:1016600000229A627047C0467806002070B50500D7
:101670000361C2608023DB05586A012913D91A4B24
:10168000DA691C339A4210D00818174B9C6A041B65
:101690009368A34217D8144BDB699A68A24215D20B
:1016A000A41A1B68F9E70221E9E70F4B9862DD6194
:1016B0001D621A001C322A606A60A960986A40188C
:1016C00000F07CFA0FE000F087FAE4E72B605A683C
:1016D0006A6015605D60AC609A68141B9C60024B88
:1016E000012252425A6270BD7806002010B51E4B8E
:1016F000DB69834211D0436802681A60036842685C
:101700005A600023C3600368184A934204D0826879
:1017100099688C4662449A6010BD0168124BD96189
:101720001A001C324A600021C160DB69934216D066
:10173000826899688C4662449A608023DB05586A07
:10174000094A936AC11AD26992688A42E4D91B1A7B
:101750009B18012B06D9181800F03EFADCE700F0C0
:1017600035FAD9E70223F6E7780600209406002030
:10177000034B1B605B6000229A601B615B617047DA
:101780007806002020230022C254064B1B689A686A
:1017900081688A42FAD203605A68426010605860D9
:1017A0007047C0467806002010B572B62023C35C8F
:1017B000032B0CD0042B0ED0002B06D001235B4250
:1017C0004362FFF7DFFF62B610BD62B6FCE7436A13
:1017D00000221A60F2E742680368136042685A60A8
:1017E000ECE7C04620230022C254064B1B689A68CF
:1017F00081688A42FAD803605A6842601060586073
:101800007047C0467806002010B50D4B9C6920211A
:1018100060541A681068186043609A610123535439
:10182000EFF30983243BE269934205D3044B9869A3
:101830002100FEF7A9FC10BD0248FFF7C9FEF5E73D
:1018400078060020E44D010810B586B004004B1C5A
:1018500013D00B4B9B690B4A01A8FFF707FF200031
:10186000FFF7D2FF049B002B02D001A8FFF73EFF39
:10187000034B9B69586A06B010BDFFF7C5FFF7E739
:1018800078060020A917000870B50400104B98696D
:101890006162A3688268934203D82000FFF772FF59
:1018A00070BDFFF76FFF0500094B9C6120230122EB
:1018B000E254EFF30983243BC269934204D3290025
:1018C0002000FEF761FCEBE70248FFF781FEF6E738
:1018D00078060020E44D0108044B1A6892689B6961
:1018E00098689042804140427047C0467806002088
:1018F00010B50E4B98691A68116819604B609A61AF
:1019000020230121D154FFF76DFF0400EFF3098379
:10191000243BC269934205D3044B98692100FEF72A
:1019200033FC10BD0248FFF753FEF5E778060020B0
:10193000E44D010810B5054B1A6892689B699B68D5
:101940009A4200D810BDFFF7D3FFFBE778060020CE
:1019500010B50E4B98691A68116819604B609A614E
:1019600020230121D154FFF73DFF0400EFF3098349
:10197000243BC269934205D3044B98692100FEF7CA
:1019800003FC10BD0248FFF723FEF5E778060020B0
:10199000E44D0108826020230222C2540133002258
:1019A000C25401330132C2548161034B03615A694D
:1019B000426110615861704778060020884202D267
:1019C00002700130FAE7704710B501008368180013
:1019D00028384A68C2614C3BC3600A691A614A6987
:1019E0005A61034A1A62CA680968FFF7D3FF10BD3B
:1019F000A901000810B50400552281684068FFF76E
:101A0000DDFF72B62000FFF7DFFF04000021FFF7C3
:101A10003BFF62B6200010BDF8B506000C001500B3
:101A20001F0041185522FFF7C9FF72B62000283861
:101A30003018C6610300243BC3601F61069A5A61D7
:101A4000064A1A622A000649FFF7A4FF0400002193
:101A5000FFF71AFF62B62000F8BDC046A9010008D2
:101A6000F44D010810B5084B9B69586222229A5C1C
:101A7000002A05D15A69196911611A695B695361B4
:101A80000F20FFF7C1FE10BD7806002010B572B61A
:101A9000FFF7E8FF10BDC04610B5010072B6082080
:101AA000FFF7D2FE62B610BD10B500290AD0074B71
:101AB0009B69186042685A60136043600420FFF716
:101AC000C3FE10BD01204042FBE7C046780600205F
:101AD00010B50368984206D01A68026050605962D7
:101AE0001800FFF74FFE10BD70B504000D00206810
:101AF000844206D0036823605C604562FFF742FEC3
:101B0000F5E770BD72B6024B186962B67047C04601
:101B10007806002072B60069034B984201D062B685
:101B200070470020FBE7C0467806002080B500AF74
:101B3000EFF30983203383F3098862B6BD4680BD85
:101B4000B0B500AF0F3010D072B6EFF309842300A8
:101B5000203B83F3098880225204DA61FFF7BCFE40
:101B6000002804D0203C044BA361BD46B0BD203CFE
:101B7000024BA361F9E7C046B5010008B8010008AF
:101B800010B501F095F80A4801F026FB00F0FAFACA
:101B900000F00CFB00F054FB00F034FE00F014FCED
:101BA00000F096FF02F020F800F004F810BDC046E7
:101BB000784F010810B501F045F910BD8023DB0511
:101BC000586300221A610232DA6070478023DB0515
:101BD0000022DA607047C0468023DB0558637047F7
:101BE0008368013B836003698269944663440361AF
:101BF0004269934201D3036A03617047C368196065
:101C0000836801338360C368826994466344C36018
:101C10004269934201D3036AC360704710B5836879
:101C2000002B01D0002010BDFFF73EFFFBE7C046B0
:101C300010B5C3680269934204D00023002B06D17B
:101C4000002010BD8368002BF8D00123F6E7FFF7D2
:101C50002BFFF6E730B5006040600024846001612E
:101C6000C16004321D0055434D1945618261C36155
:101C7000016244628462039BC362049B036330BDC0
:101C800010B500238360026A0261C260436283620E
:101C900002214942FFF728FF10BDC04610B50400DD
:101CA000FFF7ACFF00212000FFF712FF10BDC04678
:101CB00010B50400FFF7B2FF002805D12269131DFB
:101CC000636212689B18A36210BDC04610B5040081
:101CD000FFF786FF00236362E36A002B01D0200038
:101CE000984710BD70B5040072B6436A002B09D046
:101CF000636A1D7801336362A26A934208D262B6B6
:101D0000280070BDFFF7D4FF051EF1D062B6F7E7DB
:101D10002000FFF7DBFFF2E7C3680269934204D0BB
:101D20000022002A06D1181D70478268002AF8D0C8
:101D30000122F6E70020F7E78368002B05D003694E
:101D40001B680B600069043070470020FCE7C04648
:101D500010B50400FFF744FF00212000FFF7B8FE94
:101D600010BDC04610B50400FFF762FF002806D181
:101D7000E3681A1D6262A26994466344A36210BDBF
:101D800010B50400FFF73AFF00236362E36A002BFB
:101D900001D02000984710BDF8B5CE46474680B523
:101DA0000400884691461F0072B600261EE0434696
:101DB000002B0BD008992000FFF7D4FF002818D083
:101DC00062B630000CBC90469946F8BD08992000D8
:101DD000FFF76EFFF2E72A000100484612F00CFF01
:101DE00016E02000FFF772FFB742E9D9636A002BC3
:101DF000DDD0606AA36A1B1ABD1B9D4200D31D0083
:101E00004346002BE7D04B4699192A0012F0F4FE06
:101E1000636A5B1963627619A26A9342E4D343460C
:101E2000002BDED0A369191F2000FFF7A9FFDBE715
:101E300000B583B0009313000A000021FFF7ACFF48
:101E400003B000BD70B504000D0072B6436A002BEC
:101E50000AD0636A1D70636A01336362A26A9342A7
:101E600009D262B6002070BD1100FFF77BFF002889
:101E7000EFD062B6F7E7A369191F2000FFF780FFD4
:101E8000EFE7C04600B583B0009313000A000121BC
:101E9000FFF782FF03B000BD10B504008368002B7C
:101EA0000FD1416A00290ED0C368C91A043900292C
:101EB00001D1002006E0FFF7A1FE002363620120AC
:101EC00000E0002010BD0020FCE7C04603000269CE
:101ED000013A0261C1694A1CC261C068405C59692B
:101EE0008A4201D30022DA617047C0460369013398
:101EF000036183695A1C8261C268D1548369426953
:101F0000934201D3002383617047C04610B5036933
:101F1000002B01D0002010BDFFF7C6FDFBE7C04637
:101F200010B503694269934201D2002010BDFFF74A
:101F3000BBFDFBE7F0B5C64600B582B005000191D8
:101F40000469944200D31400002C13D0012C16D045
:101F50006F69EE69BB1B98469C4216D2EB689919D3
:101F60002200019812F048FEEB691B19EB612B6906
:101F70001B1B2B61200002B004BC9046F0BD280062
:101F8000FFF7A4FF019B1870F4E7EB68991942462C
:101F9000019812F031FE019B43441800F61BA21970
:101FA000E96812F029FEEE61DEE7C046F0B5CE46E4
:101FB00000B582B00500019147690369FC1A94429B
:101FC00000D31400002C12D0012C15D0AE69BB1B1D
:101FD00099469C4216D2EB6898192200019912F09A
:101FE0000BFEAB691B19AB612B691B192B61200020
:101FF00002B004BC9146F0BD019B19782800FFF7A0
:1020000075FFF4E7EB6898194A46019912F0F4FD60
:10201000019B4B441900F61BA219E86812F0ECFD75
:10202000AE61DEE710B50060406000240461C1606D
:10203000C46184614261836010BDC04610B5002355
:10204000C3618361036102214942FFF74DFD10BD69
:1020500010B5040003694269934207D2FFF746FFB7
:1020600000212000FFF734FD002010BD0120404278
:10207000FBE7C04670B5050072B6FFF747FF041EC8
:1020800002D062B6200070BD2800FFF71FFF0400D9
:10209000AB68002BF5D028009847F2E7F0B5CE46A4
:1020A00000B582B006000D001700019372B600243F
:1020B00002E04C44A74211D901993000FFF726FFF6
:1020C00000280BD13A1B29193000FFF733FF814656
:1020D000B368002BEDD030009847EAE762B62000E5
:1020E00002B004BC9146F0BD70B505000E0072B69A
:1020F0001100FFF715FF041E02D062B6200070BD6C
:1021000031002800FFF7F2FEAB68002BF5D0280065
:102110009847F2E770B504000369002B08D0FFF779
:10212000D5FE050000212000FFF7D2FC280070BD7D
:1021300001256D42FAE7C046F0B5CE4600B582B043
:1021400006000D001700019372B6002402E04C4413
:10215000A74211D901993000FFF7E2FE00280BD108
:102160003A1B29193000FFF721FF8146B368002B85
:10217000EDD030009847EAE762B6200002B004BC18
:102180009146F0BD10B500F081FE10BD0123037033
:10219000002343607047C04610B5040072B641602A
:1021A00000F0ECFE0223237062B610BD10B501F002
:1021B000BFF810BD01230370002343607047C04681
:1021C00010B5040072B6416001F0C6F80223237016
:1021D00062B610BD10B50323037001F00DF910BDF8
:1021E00010B572B6FFF7F6FF62B610BD10B5040069
:1021F0000423037001F024F90223237010BDC046AC
:1022000010B5012108304942FFF734FF10BDC04628
:1022100010B5012228305242FFF766FF10BDC046BC
:1022200010B5012308305B42FFF738FF10BDC046F0
:1022300010B5012328305B42FFF77EFF10BDC0467A
:1022400010B501F07FF910BD70B504000B0015004A
:10225000094A0260012202710830210048310F3220
:10226000FFF7E0FE20002830210058312B0010221B
:10227000FFF7D8FE70BDC046144E010810B504002B
:1022800072B601F09BF90223237162B610BDC046FD
:1022900010B5040072B601F0ADF9012323712000DE
:1022A0002830FFF7CBFE20000830FFF7C7FEFFF70E
:1022B00041FB62B610BDC04610B582B0046B9023DE
:1022C000DB00E3581A681178042908D12179022922
:1022D00005D11289197901238B40134201D002B034
:1022E00010BD20003C3001A9FFF726FD021EF6D0EC
:1022F0009023DB00E35819791868019B00F0E4FA99
:10230000EDE7C04610B504009023DB00C3581A68FF
:10231000117804291AD10179022919D152895979E0
:1023200001238B40134201D0012010E00830FFF759
:10233000F3FC021E0ED09023DB00E058802341798D
:1023400000685B0000F0ACFA002000E0012010BD46
:102350000120FCE70120FAE710B5006BFFF7D2FF80
:1023600010BDC04610B5012108304942FFF7BAFC44
:1023700010BDC04610B59023DB00C3581B681B7806
:10238000042B05D101223C305242FFF75BFD10BD0A
:1023900002204042FBE7C04610B5012308305B42F3
:1023A000FFF746FD10BDC04610B59023DB00C358B3
:1023B0001B681B78042B01D0002010BD033B3C3070
:1023C0005B42FFF75FFDF8E77047C04630B583B06A
:1023D00004000F4B036001230371083021007031AA
:1023E00080256D0001940B4B009302232A00FFF718
:1023F00031FC20003C309E239B00E1180194064BE9
:10240000009302232A00FFF725FC03B030BDC0462D
:10241000344E010859230008B92200080A6872B630
:102420000B7909339B00D31858604B7911339B000B
:1024300098508B79002B03D009339B00D218506041
:102440009023DB00C1500223037162B67047C0467F
:1024500010B504000830FFF713FC20003C30FFF7F4
:102460000FFC10BD10B504000830FFF709FC200078
:102470003C30FFF705FC2000FFF744FF10BDC046CD
:102480007423C25C143B1340202B01D00020704702
:102490005533C35C212B05D0222B0FD0202B07D026
:1024A0000020F4E7084B83660723C3660120EEE7AC
:1024B000054B83660723C3660120E8E70023836694
:1024C000C3660120E3E7C0462003002030B583B097
:1024D00004009023DB00C3581A681178042908D13E
:1024E0000179022905D11289197901238B40134200
:1024F00001D003B030BD05003C352800FFF7CCFC0F
:102500000028F6D001A92800FFF716FC020090234E
:10251000DB00E35819791868019B00F0D5F9E8E76A
:1025200070B582B004000D000B0009339B00C31886
:102530005E68002E16D072B68B1C9B00C3185B68B9
:102540005B691B68002B0FD130003C3001A9FFF7FD
:10255000F3FB00280DD0019B02002900200000F0B1
:10256000B3F962B602B070BD30003C30FFF7F0FB4B
:10257000EAE7AB1C9B00E3185B685A6912681B8A88
:102580009A42EED1002300222900200000F09CF99D
:10259000E7E7C04610B5113189000C58002C11D066
:1025A00072B69023DB00E3581A685B7902339B0014
:1025B000D3185B689B695968002904D12000FFF794
:1025C000A1FE62B610BD20000830FFF767FBF5E7FB
:1025D0007047C04670B50400092956D88B002D4AB3
:1025E000D3589F4603007C3383660223C3660120D1
:1025F00070BD7623C35A012B01D00020F8E77C225E
:10260000835A02208343A352032904D00023A366E4
:10261000E3660120ECE7022213437C22A352F5E794
:1026200000238366C3661C4B03670120E0E7436811
:102630005D687623C15A0233C35ACAB2090AA84751
:10264000002824D04368A3660368E3660120CFE72F
:1026500003007F3383660123C3660120C8E7762326
:10266000C35C7F228354002B0DD004232370636846
:102670001B68002B02D00221200098470023A3668C
:10268000E3660120B4E70323F0E70020B0E7002071
:10269000AEE7C046544E0108DD260008002905D1EA
:1026A000034B83660223C366012000E000207047CD
:1026B000BC4E010810B50400002101F0F3F900211F
:1026C000200001F0DDF963681B68002B02D00521B2
:1026D0002000984764230622E25410BD10B5040080
:1026E0007623C25A0833C25401F014F863681B6899
:1026F000002B02D00121200098470323237010BD36
:1027000010B504007823C05A693B03408022024080
:10271000012928D0002909D0032924D00C2946D129
:10272000264BA3660223E366012041E0002A09D07C
:10273000D9B2200001F084F8012808D002280CD07A
:10274000002035E0D9B2200001F066F8F4E71C4B18
:10275000A3660223E36601202AE01A4BA366022344
:10276000E366012024E07620205A002821D1002BA6
:1027700021D001290AD0002A14D0D9B2200001F0BA
:1027800091F90023A366E366012011E0002A04D03A
:10279000D9B2200001F0B2F9F3E7D9B2200001F07C
:1027A00093F9EEE7D9B2200001F06AF9E9E70020D9
:1027B00010BD0020FCE70020FAE7C046BC4E01082F
:1027C000B84E0108B44E010810B57423C25C143B26
:1027D000134214D11533C15C563B1340012B08D072
:1027E000002B03D0022B07D0002009E0FFF7F2FEF8
:1027F00006E0FFF753FF03E0FFF782FF00E0002051
:1028000010BDC04610B500F059FF10BD0123037084
:10281000002343600022062A0BD813000A339B00D2
:10282000C31800215960130012339B001950013264
:10283000F1E70023038143817047C04610B50400CF
:1028400072B64160002205E0931C9B00E318002152
:1028500059600132072AF7D9200000F037FF022320
:10286000237062B610BDC04670B504000D0016009E
:102870008B1C9B00C3185A605069002803D00C229F
:10288000002112F0C3F9B069002803D00C22002106
:1028900012F0BCF92900200000F046FF70BDC046D0
:1028A00070B501248C40A4B245892C4344818C1C12
:1028B000A40004196468A469A26023600023636013
:1028C00000F0E6FF70BDC04670B501248C40A4B294
:1028D00005892C4304818C1CA40004196468646974
:1028E000A26023600023636000F0E4FF70BDC04677
:1028F00010B504000223037000237C2283520021C0
:10290000023281540132815403814381002205E067
:10291000931C9B00E318002159600132072AF7D964
:1029200064230022E254200000F054FF63681B6817
:10293000002B02D000212000984710BD10B50523C0
:10294000037043681B68002B01D00321984710BD1A
:1029500010B50423037043681B68002B01D00421C9
:10296000984710BD70B5040000256423C5540200CB
:10297000743200F075FF256763689B68002B03D0F5
:1029800020009847002804D12000FFF71DFF0028F1
:1029900017D07A23E35AE26E9A4200D9E36672B600
:1029A0007423E356002B10DBE36E002B23D0A26EC2
:1029B00000212000FFF774FF64230422E25462B672
:1029C00070BD2000FFF776FEFAE7E36E002B08D01B
:1029D000A26E00212000FFF777FF64230122E2545A
:1029E000EDE70023002200212000FFF759FF6423B8
:1029F0000322E254E3E70023002200212000FFF736
:102A000063FF64230522E254D9E7C04610B50400F1
:102A10006423C35C062B19D89B00184AD3589F46E1
:102A2000C06E7A23E35A984205D2E368198AFDF70B
:102A30006FFC00290BD072B6002300220021200079
:102A4000FFF72EFF62B664230322E25410BD72B674
:102A5000002300222000FFF737FF62B66423022222
:102A6000E254F3E7036F002B00D098476423002261
:102A7000E254EBE7FFF71EFEE8E7C0467C4E010894
:102A800010B504006423C35C062B0DD89B000F4ACD
:102A9000D3589F4672B6002300220021FFF714FF8F
:102AA00062B664230522E25410BDC3689B695B686B
:102AB000002BF9D1036F002B00D09847642300222C
:102AC000E254F1E7FFF7F6FDEEE7C046984E010845
:102AD00010B501F02BF810BD70B583080C4DC03354
:102AE0009B005C5903220240D200FF269640B4436B
:102AF000890191400C435C511F220240400901238F
:102B0000934002006032920053518000435170BDE7
:102B100000E100E0124A116880235B000B43136060
:102B2000104B1B6AC02292001340013AFF3A9342B5
:102B300005D00C4B802252021A6200221A62094B05
:102B40001B6A1B040AD4074B196A802292000A43AD
:102B50001A62196A802212020A431A627047C0463A
:102B6000007000400010024070B57446194B2522D9
:102B70009E5C5A6911682420185CC1400F252940C9
:102B80000CD00B0083405360F200134BD558002D3E
:102B900004D01300104AD3185868A8470D4B3922A7
:102BA0009E5C9A6A11683820185CC1400F25294044
:102BB0000CD00B0083405360F200074BD558002D1A
:102BC00004D01300044AD3185868A8472000FEF721
:102BD000B7FF70BDC04E0108D006002070B5744626
:102BE000314B4D229E5CDA6B11684C20185CC14061
:102BF0000F2529400CD00B0083405360F2002B4B73
:102C0000D558002D04D01300284AD3185868A84777
:102C1000254B61229E5C1A6D11686020185CC140D2
:102C20000F2529400CD00B0083405360F2001F4B4E
:102C3000D558002D04D013001C4AD3185868A84753
:102C4000194B75229E5C5A6E11687420185CC14045
:102C50000F2529400CD00B0083405360F200134B2A
:102C6000D558002D04D01300104AD3185868A8472F
:102C70000D4B89229E5C9A6F11688820185CC140B8
:102C80000F2529400CD00B0083405360F200074B06
:102C9000D558002D04D01300044AD3185868A8470B
:102CA0002000FEF74DFF70BDC04E0108D006002089
:102CB00010B50C4B9A6A01214942996200229A622E
:102CC000186919611A61D86807490143D960DA6047
:102CD000D969802252050A43DA61FFF71BFF00F031
:102CE0007DF810BD00100240FFFFBFFF2D4A1368A2
:102CF00001210B4313602B4B1B689B07FBD5294B12
:102D00005A6803218A435A605A685A60254B5B68A7
:102D10000C221A42FAD1234B1968ED320A401A608C
:102D200000225A605A6B01210A435A631D4B5B6BA8
:102D30009B07FBD51B4A516B80235B020B435363FC
:102D4000184B5B6B9B03FBD5164A536A01210B435F
:102D50005362144B5B6A9B07FBD5124BE522D204EE
:102D60005A600022DA6210321A6319688022520413
:102D70000A431A600B4B1B689B01FBD50A4B1122BF
:102D80001A60084A536802210B435360054B5A6886
:102D90000C231340082BF9D1024A936901210B43FC
:102DA00093617047001002400020024010B5744645
:102DB000084B1B680F21194008D0064B5960064B81
:102DC0001B68002B02D0044A506898472000FEF789
:102DD000B7FE10BD00000240D00600200B4B0022C1
:102DE0001A600023062B0CDC9A00D2189100084AC6
:102DF0005218516800220A60D80006494250013337
:102E0000F0E7054B012252425A6070470807002044
:102E1000C04E0108D00600200000024010B57446E4
:102E20008023DB051B699B0703D42000FEF788FE87
:102E300010BD8023DB0500221A6172B6FEF7CEFBBF
:102E400062B6F2E710B50E49CB6901221343CB619C
:102E50000C498B6813438B608023DB050A49996218
:102E600001214942D962002199615963D9605960B1
:102E70005A611A6002310F20FFF72EFE10BDC046C6
:102E80000010024000580140BF12000010B5024877
:102E9000FFF77CF910BDC0460C070020F0B583B0E9
:102EA0001F220A40012393400F2915D88A08019256
:102EB00003250D40AD000F242600AE40CF00426830
:102EC000BF583F093C40AC401E4F019A023292006D
:102ED000D559B5432C43D4511B4A13421ED1CA00C5
:102EE00044681259D2071BD5184CA2681A43A26035
:102EF000CA0044681259920717D5144CE2681A4365
:102F0000E2604268C90051184A68002A12D00F4A8C
:102F100011681943116051689943516003B0F0BDC5
:102F20000A4CA2689A43A260E2E7084CE2689A431E
:102F3000E260E6E7054A5168194351601168994318
:102F40001160EBE7000001400000847F00040140B5
:102F50001F230B4001229A40074B1868D1430840B9
:102F60001860586808405860986808409860D868A9
:102F70000140D9605A6170470004014070B50500F6
:102F80000378012B01D0002407E000F0FBF8FAE7FA
:102F900021002800FFF7DCFF01341F2C09D8E300D3
:102FA0006A689B585B07F3D521002800FFF776FF7E
:102FB000F2E770BD70B575460B4A54690323234090
:102FC0005361E30704D5094843685B6800219847CB
:102FD000A30704D505484368DB680121984728000A
:102FE000FEF7AEFD70BDC046000401400C07002096
:102FF00070B575460B4A54690C232340536163072F
:1030000004D5094843685B6902219847230704D522
:1030100005484368DB69032198472800FEF790FDC7
:1030200070BDC046000401400C07002070B5754615
:103030002E4A54692E4B23405361E30604D52D4894
:1030400043685B6A04219847A30604D5294843686E
:10305000DB6A05219847630604D5264843685B6B05
:1030600006219847230604D522484368DB6B0721D5
:103070009847E30504D51F4843685B6C08219847CF
:10308000A30504D51B484368DB6C092198476305F9
:1030900004D5184843685B6D0A219847230504D579
:1030A00014484368DB6D0B219847E30404D51148AD
:1030B00043685B6E0C219847A30404D50D48436810
:1030C000DB6E0D219847630404D50A4843685B6FA3
:1030D0000E219847230404D506484368DB6F0F216F
:1030E00098472800FEF72CFD70BDC0460004014043
:1030F000F0FF00000C07002010B57446094A506923
:103100001368802149020B40034053610B4205D0F4
:10311000054884234268D358102198472000FEF7C1
:103120000FFD10BD000401400C07002070B575466E
:10313000124B5A691C68D02149030C4014405C6151
:10314000A30305D50E488C234268D3581121984714
:10315000230305D50A489C234268D3581321984776
:1031600080235B031C4205D00548A4234268D35842
:10317000142198472800FEF7E3FC70BD00040140CD
:103180000C07002010B503210520FFF7A5FC032143
:103190000620FFF7A1FC03210720FFF79DFC032178
:1031A0000120FFF799FC03210C20FFF795FC032178
:1031B0000220FFF791FC10BD4B6843608B68836071
:1031C000CB68C3600B6943614B6903628B694362DF
:1031D0000B6803607047C04610B50400124A51697D
:1031E000FC23DB030B43536190202100C005FFF754
:1031F000E3FF21001C310D48FFF7DEFF21003831CD
:103200000B48FFF7D9FF210054310A48FFF7D4FFDC
:10321000210070310848FFF7CFFF21008C310748AB
:10322000FFF7CAFF10BDC04600100240000400486E
:1032300000080048000C0048001000480014004836
:10324000F0B5DE4657464E464546E0B583B013001E
:1032500003273E001640920801241440A446DA08D1
:103260003A4001925C092740DB090F241C40A1462B
:10327000002416E0072C46D8056A5246954342467C
:103280001543056205682B4033430360490848D065
:1032900063465B009C46019B9B000193BF00B60008
:1032A0000134CB07F2D507252540AD004B46AB4096
:1032B00098460123A3409B4663009A460323524647
:1032C00093400F22AA40924645685A46954362466B
:1032D000154345608568DB431D40019A15438560B1
:1032E000C5681D403D43C560022EC3D005682B4014
:1032F00033430360072C0DD8036A5246934342467A
:1033000013430362C2E7456A52469543424615435A
:103310004562B7E7436A52469343424613434362CA
:10332000B4E703B03CBC90469946A246AB46F0BD1C
:1033300010B50548054BC360FEF73CFF0448054B3C
:10334000C360FEF737FF10BD2407002000040040D3
:10335000140700200020004010B504000378012B62
:1033600019D063681968A068FCF74CFF80B2013877
:1033700080B2E268002313606168E2688968516086
:10338000E2689062E26813616368DB68E268FF21CB
:103390008B43D36010BD144B984214D0134B9C4206
:1033A000DFD1134BD969802252001143D9611969C9
:1033B0000A431A6100221A6102211320FFF78CFBD5
:1033C0000C4BA360CDE70A4BD96902200143D961B8
:1033D0001A6902431A6100221A6102210E30FFF7B6
:1033E0007BFB044BA360D9E72407002014070020CF
:1033F00000100240006CDC02C3680139D962C36866
:1034000001225A61C26800235362C2681361436893
:103410005B68002B04D0C268D36801210B43D360E2
:10342000C36805221A607047C26800231360C2682F
:103430001361C268D368FF218B43D3607047C046D5
:10344000C3680139D962C36801225A61C3680C326A
:103450001A60C3681A69D207FBD500221A61704747
:1034600010B50400C36800221A610378042B04D04D
:1034700063685B682000984710BD023B0370FFF74C
:10348000D3FFF5E710B574460348FFF7E9FF2000C6
:10349000FEF756FB10BDC0462407002010B5744649
:1034A0000348FFF7DDFF2000FEF74AFB10BDC046D2
:1034B0001407002000230360436083607047C04608
:1034C000024A136880210B431360704700380140A3
:1034D000F8B50600846E2768E569256272B6AB060A
:1034E00007D530000830A18CC9B2FEF7B1FDE569FF
:1034F000F5E73B060DD47B0604D56B0602D54023C9
:103500009F43276062B6F8BD80233A009A43226049
:10351000F1E72B06EFD530002830FEF7FBFD002841
:10352000F2DB80B22085E569F3E7C04610B574464A
:103530000348FFF7CDFF2000FEF702FB10BDC04699
:103540003407002010B5074C074A00212000FEF781
:103550007BFE064BA366064BE36603211B20FFF7A9
:10356000BBFA10BD34070020C13400080038014008
:10357000006CDC0270B5846E23680125AB432360C8
:10358000C06EFCF73FFEE06023682B43236070BDF4
:1035900010B5846E40238A68134363600123CA68B0
:1035A0001343A3602E23FF334A6813432360096843
:1035B000FFF7E0FF01235B42236210BD10B5002935
:1035C00005D00379012B04D0FFF7E2FF10BD0649B7
:1035D000F7E7064B9842F7D1054A94698023DB014F
:1035E00023439361F0E7C0464C4F010834070020A5
:1035F0000010024010B504000379022B00D010BD6A
:10360000806EFFF757FF044B9C42F8D1034A936941
:1036100003490B409361F2E7340700200010024099
:10362000FFBFFFFF80234022C250704710B58022A9
:10363000835801310124A143C9188150180010BDDD
:1036400070B50E4B1B6DC00018180D4B9C466044A6
:1036500085886544C688B6B2B005800D002342084F
:103660009A4204D95A00AC5A8C520133F7E7F20758
:1036700002D55B00EA5CCA5470BDC046005C0040E5
:103680000060004030B50B4B1B6DC00018180A4B92
:103690009C4660440588654493B243800020531CD7
:1036A0005B08834204D94300CC5AEC520130F6E760
:1036B00030BDC046005C00400060004010B50248CC
:1036C000FFF7A4F810BDC046A407002070B50400A1
:1036D0000378012B00D070BD0B4B984203D0200023
:1036E000FFF706F9F7E7094AD16980231B040B436A
:1036F000D361074D01232B6403211F20FFF7ECF951
:1037000000232B64EBE7C046A40700200010024012
:10371000005C00407E23C25CFE3B1343DBB2014AE7
:10372000D3647047005C0040F0B583B001900C009A
:103730008B1C9B00844663445F6803233A681340F4
:103740003BD0022B3CD9032B02D1C025ED0001E078
:103750008025AD001D4B1E6DE300F6181C4B9C46EA
:1037600066447B69002B09D000237380398A019855
:10377000FFF75CFF80B2308020231D43BB69002B24
:1037800013D07B8A3E2B1DD9013B5B1120221343B2
:103790009BB29B029BB2F380798A0198FFF746FFA8
:1037A00080B2B08080239B011D43084BA200D158FA
:1037B000D1502543D55003B0F0BD8025AD00C9E7F9
:1037C0000025C7E701335B08E3E7C046005C004023
:1037D0000060004010B504000D4B00221A655A64C9
:1037E0008032DA644368DB68002B0DD09E2212021F
:1037F000074B1A642000FFF715FF064BE36000211A
:103800002000FFF791FF10BD9C221202F0E7C04696
:10381000005C00405C4F01088900084BCB58C02277
:103820009201134005D080225201934203D002201E
:1038300070470020FCE70120FAE7C046005C00402A
:103840008900064BCA583023134003D0102B03D0F5
:10385000022070470020FCE70120FAE7005C0040EE
:1038600010B5094B1B6DC9005B1808498C466344B1
:103870009C886444002303E05900605A505201338D
:10388000032BF9D910BDC046005C00400060004029
:10389000054889000A58054B1A40C0239B015A402D
:1038A000034B13430B507047005C00408FB7FFFF82
:1038B0008080000070B50C008B1C9B00C018426813
:1038C000556969682B685B1A168A9E4200D31E00F0
:1038D000AB689C46614432002000FFF7D3FE6B6862
:1038E0009C4666446E600549A4006358044A134030
:1038F00030225340034A1343635070BD005C0040C4
:10390000BF87FFFF80800000F0B583B005000F2463
:103910000C40A200364BD258A31C9B00C3185E6813
:10392000CB0622D43249A0004358324A1A408023A1
:103930001B021343435073695A681B689A420FD3A2
:103940000122A2402B8993432B81A31C9B00EB18DF
:103950005B689B68002B1AD0E1B22800984716E0FC
:10396000E1B22800FFF7A6FF11E02149A00043586B
:10397000204F3B4080273B434350130509D5A31CF0
:103980009B00EB185B685B68E1B22800984703B0C6
:10399000F0BDB769E0B20190BB687A6894466344B1
:1039A0001900FFF74DFE7B68C3187B603A689342AD
:1039B00002D2738A83420FD90122A2406B899343BA
:1039C0006B810234A4002C196368DB68002BDED005
:1039D000019928009847DAE70549A4006258064B88
:1039E0001A40C0239B015A40044B13436350CEE757
:1039F000005C00400F07FFFF8FB7FFFF80800000D3
:103A000070B575461C4B5C6CE2435A64630519D46F
:103A100023051BD4E30403D5174B9B6C1B041ED555
:103A2000A30506D5154B5B68DB68002B01D0134856
:103A3000984723041CD521001048FFF765FF0E4B63
:103A40005C6CF6E70D48FEF753FFE1E70A4A136C9A
:103A500008210B4313640948FEF770FFDAE7064AB2
:103A6000136C08218B4313640448FEF771FFD7E7FA
:103A70002800FEF765F870BD005C0040A407002038
:103A8000054889000A58054B1A4080235B015A40BB
:103A9000034B13430B507047005C00408FB7FFFF90
:103AA00080800000054889000B58054A1340102209
:103AB0005340044A13430B507047C046005C00401B
:103AC000BF87FFFF808000008A00094BD358C022C7
:103AD0009201134093420AD0054889000A58054BC9
:103AE0001A4080239B015A40034B13430B507047ED
:103AF000005C00408FB7FFFF808000008A00084B09
:103B0000D25830231340302B09D0054889000B5878
:103B1000044A134020225340034A13430B5070477A
:103B2000005C0040BF87FFFF80800000024B012245
:103B30001A70024A9A607047340800200030004032
:103B4000144B1A68144B9A4221D0144A5169FC2331
:103B5000DB030B4353619023DB0500225A601049BD
:103B600099601049D960104959611A621132FF32C7
:103B70005A620E4A1A601B695B0701D40020704725
:103B80009023DB051B695B07FAD40120F7E70120CE
:103B9000F5E7C046F03F0020EFBEADDE001002406A
:103BA000000CFFFFA80401A8FFF9000003F32A6836
:103BB00080B500AFFFF7C4FF00280AD062B6074BFC
:103BC00000221A60064B83F30888064B1B6898474F
:103BD000FEE7FFF78BF8BD4680BDC046F03F0020F2
:103BE0005022002004C8FF1F7047C046F0B5CE46E3
:103BF00000B582B00700009101921E000B23994688
:103C000081444C4604E030210FE0009B002B15D08E
:103C100001990098FCF77CFBCDB201990098FCF764
:103C2000F1FA0090092DEED93721013C4D1925708C
:103C3000002EEAD0013E002EEAD1E6E74B461B1BE0
:103C4000781C22783A70013B07000134002BF7D131
:103C500002B004BC9146F0BDF0B5DE4657464E4674
:103C60004546E0B583B08146080001929A46002B94
:103C700013D1042201231A43904653460F2B01D936
:103C80000F239A460F239C46CC4463460093674615
:103C90009226760000239B4603E00222EAE71F00FB
:103CA00076080A210500FCF733FBCCB20A21280074
:103CB000FCF7A8FA7B1E30341C70092D08D9F207D6
:103CC000EDD5023F20233B701F3B9C46E344E7E7D2
:103CD000274A5946575C3800009AD21A01990029A0
:103CE0001AD08A4218D90A0016E04546ED0706D5D3
:103CF000012341469943884623002E2111E0454681
:103D0000AD0703D55978013A02330AE0230008E0F1
:103D1000013A002A13D0A1465C1C19782029E4D06E
:103D200023004C4601344D4629704646F607EFD431
:103D30005646013E5546002D01D0B246E8E72E29F1
:103D400000D0A14643465B0707D5202805D0202395
:103D50004A4613701F3B9C46E1444B46581C1F705B
:103D600003B03CBC90469946A246AB46F0BDC04667
:103D7000F4500108F0B583B001900E1C1400092A1C
:103D800000D90924A300194A9F58301CFCF7EAFB0C
:103D90000500FDF793FA011C301CFDF769F8061CBD
:103DA0003800FDF78BFA311CFCF74CFFFC2189052C
:103DB000FCF7F0FBFCF7D6FB0600874201D8C61BD8
:103DC000013500230A2229000198FFF70FFF002C7C
:103DD00001D103B0F0BD451C2E23037023000A223D
:103DE00031002800FFF702FFF3E7C0460851010841
:103DF000F8B506000C1C17003249201CFCF79EFB8E
:103E0000002808D1FE218905201CFCF783FB00282F
:103E10002CD1002516E02C4D01352B78002B0CD031
:103E20002849201CFCF78AFB002806D02549201CC5
:103E3000FCF72CFD041C0135EFE7013D2D78002D2A
:103E400000D0013F201CFCF78DFB63282BD9023FDB
:103E5000002F2CDB3A00211C3000FFF78BFF002FD6
:103E600028D1002D01D005700130F8BD174D2B78F9
:103E7000002B0DD0FE218905201CFCF74BFB0028F0
:103E800006D01049201CFCF7DDFE041C0135EEE7CE
:103E90000F49201CFCF752FB002802D0013D2D7871
:103EA000CDE70025CBE70928D2D9013FD0E700278D
:103EB000D0E70138431E1B78302BFAD02E2BD0D1FF
:103EC0000138CEE700007A44F4500108305101086F
:103ED0006F12833AF8B5CE46474680B580460C1C33
:103EE00016000021201CFCF70FFB00280DD1002537
:103EF0003249201CFCF70EFB002812D02F49201C51
:103F0000FCF7A0FE041C013DF2E74346581C302399
:103F10004246137049E02949201CFCF7B7FC041CF9
:103F200001352649201CFCF709FB0028F3D1201C91
:103F3000FDF75AF93030434618702049201CFCF731
:103F400081FE011C43469F1C2E2342465370002EC7
:103F500015D0741E002E14D00E1C081CFDF744F959
:103F60000A21FCF7BFFA7B1C99463031397013499E
:103F7000301CFCF767FE011C26004F46E9E70626C9
:103F8000E7E765233B70002D13DBBC1C2B237B7004
:103F90000A212800FCF7C0F9303020700A212800DF
:103FA000FCF7A0FAA01C303161700CBC9046994619
:103FB000F8BDBC1C383B7B706D42E9E70000204136
:103FC0000389012B06D943685A1C42601970038982
:103FD000013B038100207047F0B5DE4657464E4650
:103FE0004546E0B58DB0804601910392002720231D
:103FF0000293BFE1002502E02B3B1D4301363378DD
:104000002D2BF9D02B2B08D0302B09D0202B0AD008
:10401000622B0AD11E331D43F0E7273B1D43EDE71A
:10402000203B1D43EAE71D43E8E7002404E0A2002B
:1040300014196200D418019E731C019333789B46B7
:10404000303BDBB2092BF2D95B462A2B04D1039B10
:104050001A1D03921B78EAE72E2B12D040231D4332
:1040600000239A465B466C2B27D04C2B25D05B4611
:10407000443BDAB2342A00D934E19300C54AD3581C
:104080009F4600239A4606E0524692005244500052
:1040900082469A440191019B591C1B789B46303BF8
:1040A000DBB2092BF0D95B462A2B04D1039B1A1DE6
:1040B00003921B78E8E70191D4E7019A1378002B6B
:1040C000D5D0013201929B46D1E70822F3E01023BC
:1040D0009D43039B1A1D03921B78002B00D10BE11B
:1040E00005AA137091460D2302AA944663449B4689
:1040F000EEE010232A009A43039B191D03911B68CD
:104100009946002B03D06B0612D4CB4605E0A24B98
:104110009946F8E701239C46E3445B461B78002B55
:1041200000D1EDE05346013B9A46F3D51500CFE0B0
:104130009A4B9A46E9E7039B1A1D03921B680B935F
:104140000B9B002B09DB6B071CD505AB2B221A70D0
:104150000D2002AB9C4660440BE008231D4305ABD9
:104160002D221A700B9B5B420B930D2002AB9C46D9
:1041700060440B9900230A22FFF738FD834605AB04
:104180009946A5E0AB0607D505AB20221A700D2095
:1041900002AB9C466044ECE705A8EAE7039B1A1DC6
:1041A00003921B680B936B0601D50F239A460B995C
:1041B0005346220005A8FFF74FFD834605AB9946FD
:1041C00086E02B0615D5039B1A1D03921B680B93E3
:1041D0000B980021FCF79EF9002817D16B0735D505
:1041E00005AB2B221A700D2302AA9446634499460C
:1041F0001CE0039B0733072293431A000832039203
:1042000018685968FDF7ECF80B90E1E708231D43A7
:1042100005AB2D221A700B9B802212069446634434
:104220000B930D2302AA9446634499460B98FF21F1
:10423000C905FCF769F9002816D001234B449B46B9
:1042400019234A46137005AB994641E0AB0608D5E1
:1042500005AB20221A700D2302AA944663449946A6
:10426000E4E705AB9946E1E75B46462B0CD0652BAE
:1042700013D00B996B0619D452464846FFF77AFDC6
:10428000834605AB994623E00B9952464846FFF713
:10429000AFFD834605AB99461AE00B995246484656
:1042A000FFF718FE834605AB994611E00922E4E7C3
:1042B0000A2200E01022039B191D03911B680B9337
:1042C0000B99002305A8FFF791FC834605AB99469F
:1042D0005B464A469B1AE41A14D4EB0625D53023D4
:1042E000029310E005AB5A461A7099460D2302AAB4
:1042F000944663449B46EBE705AB99469B46E7E74C
:104300001500E5E70024AB0727D42C232B4217D058
:10431000EB0615D543461B689B684A46551C117829
:10432000404698470137A9460AE020230293EAE76E
:1043300043461B689B680299404698470137013CF9
:10434000002CF5D109E043461B689B684A46551C82
:104350001178404698470137A946CB45F3D807E086
:1043600043461B689B680299404698470137013CC9
:10437000002CF5D1019B5E1C1978002910D025294D
:1043800000D137E643461B689B6840469847013793
:104390000196EFE72050010800510108FF7F00005F
:1043A00038000DB03CBC90469946A246AB46F0BDE5
:1043B000024B0360426001817047C0463C510108D6
:1043C0000CB410B584B00C1E10DD02006846FFF777
:1043D000EFFF07AA039206996846FFF7FDFD019BD0
:1043E00000221A70844202DC601E00E0002004B04B
:1043F00010BC08BC02B0184702290BD0032903D017
:10440000012909D000207047032A07D8D2000448A8
:104410008018F8E70348F6E70348F4E70020F2E7DE
:10442000385201089C510108E851010810B572B6D4
:104430000248FEF74BF862B610BDC04640080020A7
:1044400010B50400022902D003290FD010BD72B6A6
:10445000094A0121FEF708FA084A02212000FEF766
:1044600003FA0748FDF7FEFF62B6EFE772B60448AD
:10447000FDF7EEFF62B6E9E74C510108685101080B
:10448000400800201C4A916980239B000B439361E4
:104490001A4B00225A601A490A609B68DB0705D54F
:1044A000164A916803235B420B439360134B9B684E
:1044B000DB07FBD4114BDA6801218A43DA60996883
:1044C000802212060A439A600C4B9B68002BFBDB90
:1044D0000A4B1B68DB0704D5084A136801210B430C
:1044E0001360064A936801210B439360034B1B68DA
:1044F000DB07FBD57047C046001002400024014096
:10450000082701400A4B1A681A6000225A601A6292
:1045100007215961DA6098629A6803390A439A6000
:10452000034B9B685B07FBD4014B186C80B2704750
:1045300000240140084B1A681A6080225A60FA2150
:10454000C9041962002159619A62044ADA609A68C2
:1045500004310A439A60704700240140C00480007F
:10456000084B9B68DB070CD5064B9B685B0708D59F
:10457000044A936810210B439360024B9B68DB064F
:10458000FBD4704700240140F8B58023DB055A6A4C
:10459000264B1B68D31A26498B4236D9234B1A6007
:1045A000244B9B685B0718D40027234A1168A0237B
:1045B0005B040B4313600024002600250F2C10D849
:1045C00080208002FFF79EFF2D188020C002FFF799
:1045D00099FF36180134A4B2F0E7FFF7C1FF0127B5
:1045E000E3E736092D09144A136814490B40136098
:1045F000002F15D112487043000B124B1E887043D8
:104600002900FBF7FFFD104B18800F4B00229B5E2B
:10461000632B08DD0D495622885AC01800B2F8BD38
:10462000FFF788FFE6E701204042F8E72803002073
:104630004FC300000024014008270140FFFFBFFED8
:10464000C8190000BAF7FF1FE80C00202C03002057
:1046500010B5044A136813601B0600D410BD0EF099
:10466000B5FCFBE70024014010B57446FFF7F0FFEE
:104670002000FDF765FA10BD0121024A13788B4333
:1046800013707047D4040020002330B504000A786A
:104690007C2A00D100222578954204D1002A0CD032
:1046A00001340131F3E70A78002A04D001317C2A71
:1046B000F9D10133EAE701235B42180030BD000065
:1046C00030B5037800212D2B01D101300131037861
:1046D0000A252B3B5A425341C31800201A78013354
:1046E0001400303C092C07D94D2A0FD06B2A06D074
:1046F000472A07D1064B04E068430019EEE7FA2386
:104700009B005843002900D0404230BD014BF8E7E0
:1047100000CA9A3B40420F0070470000194BF0B5A9
:10472000D6469A46184B46464F469946174B24257F
:104730009846C0B5164E534684215859C905FCF712
:1047400081FAFCF751FD2C0037003060243C4B46C9
:1047500084211859C905FCF775FAFCF745FD434655
:10476000786004CF1B19801A04345860AC42EED133
:104770002834283625009C2CDDD11CBC9046994657
:10478000A246F0BD78030020A0030020601C00209A
:10479000D81C002070470000086810B5FFF790FF94
:1047A0000122034B2E331870024B1A7010BDC04605
:1047B000501D0020B00400207047000010B50868AC
:1047C000FFF77EFF10BD000010B50868FFF778FF07
:1047D00010BD000010B5094C0522230030331A70BB
:1047E0000868FFF76DFF86239B009C4608226444FF
:1047F000034B2060C01760601A7010BD501D002070
:10480000D4040020B523064A5B00D35C01205B077B
:1048100005D4044B1878043843425841C0B270475D
:104820002C030020A4070020034AD16980239B05A4
:104830000B43D3617047C0460010024070B5FFF7CC
:104840001BFF6420FDF728F910236425044C237016
:104850002800FDF721F92378002BF9D170BDC0465F
:10486000D404002010B5FFF707FF0BF0C1FA10BD0C
:1048700070B50D0002280AD10868FFF721FF040077
:104880006868FFF71DFF01B220B20AF0FFFE0222A6
:10489000024B1A700EF09AFB70BDC0465E1C0020E1
:1048A000F7B5A027A02600240A4D7F00F6002100BE
:1048B00002233A00002000950EF056FD064B320010
:1048C00018682900036802341B689847F02CEED161
:1048D000F7BDC046682B0020C41F002010B504009F
:1048E0000AF06EFF002CFBD110BD000070B5040073
:1048F0000D000CF04FFB0022144B1A70944224D090
:104900000123134E3370944205DD2868FFF7D8FE6B
:1049100001380DF0A5FA012C05DD6868FFF7D0FE1F
:1049200001380DF09DFA022C05DDA868FFF7C8FEDE
:1049300001380DF095FA032C05DDE868FFF7C0FE9D
:1049400001380DF08DFA0023337070BDAD2A0020C0
:104950006B0E002070B50D0002280FD10868FFF71C
:10496000AFFE04006868FFF7ABFE01B220B20AF0A8
:104970008DFE0122024B1A700EF028FB70BDC0465E
:104980005E1C00200422044B02E0002204C30A0043
:10499000511E002AF9D1704750280040074B34338C
:1049A0001A7882431A70064B1A7810431870202325
:1049B000044A11880B4313807047C046501D0020E5
:1049C000520E00205C1C0020034B18780323184073
:1049D000434258417047C046D4040020034B044A68
:1049E0001880022311780B4313707047D6040020FF
:1049F000D40400200123024A11784B401370704701
:104A0000D40400200FB4074B07B51B68181E04D050
:104A100005AA04990192FFF7DFFA03B008BC04B0BD
:104A20001847C046C41F002010B5064C012804D00A
:104A300021680548FFF7E6FF10BD0868FFF740FE54
:104A40002060F9E7C40400201F59010870B5050073
:104A50000A4C012805D0292109486156FFF7D2FFE9
:104A600070BD0868FFF72CFE40B22934431C02D108
:104A700000232370F4E72570F2E7C046501D0020A4
:104A80001E56010810B5084C012804D021680748BB
:104A9000FFF7B8FF10BD0868FFF712FEC117091A2B
:104AA000C90F21600248F3E7F00C0020E35501082C
:104AB000805C0108F0B5D6464F464646C0B51C4856
:104AC00086B0FFF79FFFFDF71DF81A4B04009846CC
:104AD000194B1A4F9A460023E169CA5C552A24D023
:104AE0004646A568E01CAC46651CED7FC07FAD0066
:104AF000AD59E268A946A5690138002D00D13D00F5
:104B000004954D46039565460190009402955046E4
:104B1000FFF778FF2000FCF7FDFF041EDBD106B095
:104B20001CBC90469946A246F0BD0133D5E7C0466D
:104B3000B55A01083C620108FC5A010845610108A8
:104B4000F8B500240B4F0C4E0C4DA300D959002989
:104B500007D10B4B1B78002B02D00A48FFF752FFFE
:104B6000F8BD3200002C00D12A680748FFF74AFF41
:104B70000134EAE70061010845610108B80400203A
:104B8000680E0020945601088D56010870B50D4836
:104B9000FFF738FF0C4C0D4E0D4D6188238809043A
:104BA000194305D0E388A2881B041343B34203D101
:104BB0000848FFF727FF70BD2800FFF723FF0A34DE
:104BC000EBE7C04656560108FC5C01082595000835
:104BD000566B0108835B010810B5094C012803D10D
:104BE000086803783F2B05D1563421880548FFF724
:104BF00009FF10BDFFF764FD56342080F9E7C04679
:104C00002C030020E355010810B5FFF7BDFC01009F
:104C10000148FFF7F7FE10BD925C010870B5041E55
:104C20000ED1144D144E01CDFCF788FB0134020067
:104C30000B0030002100FFF7E5FE032CF3D170BD1F
:104C4000012813D1086803783F2B0FD0FFF738FDF8
:104C5000013802280AD8074B8000C058FCF76EFBC9
:104C600002000B000548FFF7CDFEE8E70448FFF718
:104C7000C9FEE4E72C0E00204B54010859540108EA
:104C80006154010810B5012810D1086803783F2B42
:104C90000CD0FFF715FD042808D880B20EF0E0FE16
:104CA0000423044A11880B43138010BD0248FFF708
:104CB000A9FEFAE75C1C00202659010810B5FFF791
:104CC00083FE002803D00348FFF79CFE10BD024876
:104CD000FAE7C0461D5A0108265A010870B500249B
:104CE0000B48FFF78FFE0AF0E7FC0A48FFF78AFE41
:104CF0000948FFF787FE094E094D315F280002344D
:104D0000FFF780FE082CF8D10648FFF77BFE70BD48
:104D1000235B01084F5B0108565B01087403002008
:104D2000695B0108835B010837B5FA240500E400DC
:104D3000012D00DC37BD01A968460AF0E3FC019AA9
:104D400000990348FFF75EFE2000FCF7A5FEEFE7A1
:104D5000A65A010810B50B00012804DD0A490B48CA
:104D6000FFF750FE10BD012809D107491868FFF769
:104D70008BFC0028F2DB064BC0B21870F2E704226D
:104D8000044B1A70EEE7C04690580108B053010872
:104D90006A2A0020AE2A002010B50EF015FE024847
:104DA000FFF730FE10BDC0463259010810B50B00A8
:104DB00001280BD10D491868FFF766FC002805D1C2
:104DC0000B48FFF71FFE0AF09BFD10BD0948FFF7D7
:104DD00019FE8023084A1B01D1690B43D36160226D
:104DE000064B5A609F321A60FEE7C046E958010838
:104DF000ED5801080C59010800100240002C004039
:104E000010B502490248FFF7FDFD10BD58520108D8
:104E100037540108F0B5CE464746042480B583B028
:104E2000220080460E0001A822490FF0E5FEB523BE
:104E3000214A5B00D25C214B224200D1204B214F02
:104E400000243B606B46DD1C01239946013E386817
:104E50004A46036829005B689847002815D02978DE
:104E6000082901D07F2907D1002CF0D001A8013CEE
:104E7000FFF7C8FDA4B2EAE70D290BD11248FFF7EE
:104E8000C1FD002342460120135503B00CBC9046DF
:104E90009946F0BD1F29DAD9B442D8DA386800281B
:104EA00002D003689B68984741462A78631C0A55DC
:104EB0009CB2CCE7444C01082C03002034070020AE
:104EC00040080020C41F0020835B01080FB413B505
:104ED000084C2068002809D005AB07480193FFF76C
:104EE00091FD019A04992068FFF776F816BC08BC7A
:104EF00004B01847C41F0020D069010870B506002F
:104F00000D00012807D10B681B783F2B03D11248F5
:104F1000FFF7DCFF70BD0023104C2370FFF7ACFBE4
:104F20000120864202D12868FFF7CAFB80B2FA2529
:104F3000FFF754FDAD00FFF747FD002802D12378AD
:104F4000002B05D02223064A11880B431380E1E78A
:104F50002800FCF7A1FDEEE7AB5C01086C2A0020FD
:104F60005C1C002070B5012807D10B681B783F2B13
:104F700003D11748FFF7AAFF70BD0023154C23701B
:104F8000012813D10868FFF79BFB0500002D05D110
:104F90002223114A11880B431380EDE72378002B5D
:104FA000F6D10E48FCF778FD013DEFE7FFF764FB13
:104FB000FA250120FFF712FDAD00FFF705FD0028DF
:104FC000E6D12378002BE3D12800FCF765FDF4E758
:104FD0009A5C01086C2A00205C1C0020102700004D
:104FE00070B5BC24084D6400012803D1086803781B
:104FF0003F2B04D1295F0548FFF768FF70BDFFF71D
:105000005FFB2853FAE7C0462C030020E65C01084A
:10501000F8B5012822D1086803783F2B1ED0FFF78E
:105020004FFB02281AD8912400250E4BE4001B5C8C
:105030000D4F5C430D4B0E4EE4187B8FAB4200DCF2
:10504000F8BDAB00E05807F0A5FDFCF777F90200CA
:105050000B003000FFF7D6FC0135EEE70548FFF7FF
:1050600035FFEDE768610108501D0020840E002027
:10507000E8550108ED55010810B5012803D108686D
:1050800003783F2B03D10848FFF720FF10BD0749E5
:10509000FFF7FAFA002803D00548FFF7B3FCF5E75D
:1050A0000EF07EFD0348F8E771540108AA75010867
:1050B00090540108A1540108F0B54F46D646464623
:1050C000C0B503780A272B3B5A425341C0180378D6
:1050D000302B08D143786F2B2AD0782B2AD0622B23
:1050E00001D1083F023001235B429A46213305007B
:1050F0000026012499462B782E2B1DD030225242B7
:10510000904698444246102A03D949468A43073AB2
:105110009046B84513D239005046FBF773F8B042B9
:105120000BD9631E5A1E93417E43E41A464404E0A1
:105130000827D7E71027D5E700240135DBE7012C46
:1051400000D100244D2B10D06B2B03D0472B02D164
:10515000093400E00334002C09DB002C0ED13000B0
:105160001CBC90469946A246F0BD0634F3E73000D9
:105170003900FBF747F801340600ECE77E43013CB9
:10518000EBE7000010B5064C012804D02168054863
:10519000FFF738FC10BD0868FFF78EFF2060F9E7C5
:1051A000600E0020EE53010810B5064C012804D013
:1051B00021680548FFF726FC10BD0868FFF77CFF53
:1051C0002060F9E75C0E0020A9530108431E70B56A
:1051D00006000D00012B03D8086803783F2B03D18C
:1051E0000D48FFF773FE70BDFFF76AFA0B4C230002
:1051F00030331870012E0CD06868FFF75DFF002374
:105200008622920094460822644409C4044B1A7012
:10521000E9E700200300F3E7015A0108501D0020D0
:10522000D404002010B5002805D10A4B0A4859685B
:10523000FFF7E8FB10BD012808D1086803783F2B71
:1052400004D0FFF739FF034B5860F3E70348FFF73B
:105250003DFEEFE72C030020FA550108085601082F
:10526000F0B5C6460D0000B5022822D02348FFF74E
:105270002DFEE023F8265B0100249846F827204DF8
:10528000360441462B891F48DA080A40590939403B
:105290000A43190431405B070A431B0C21001A43DF
:1052A0000134FFF7AFFB0235202CEAD104BC904655
:1052B000F0BD0868FFF704FA04001F28F6DC6868F0
:1052C000FFF7FAFEE022F821C30012021340490161
:1052D00042010A40F8211343020C0A4013430722FB
:1052E000400B10400434064A03436400A3522023B9
:1052F000054A11880B431380D8E7C04603550108BF
:105300002C030020185501085C1C002070B50D000E
:1053100090B0002829D0022827DCB523184A5B006A
:10532000D35C5B0721D4022821D14868FFF7C4FE73
:105330000A2444432E683000FCF7F8F8114D0200AF
:10534000310023002800FCF7F7FE28004025230049
:1053500002220D49FCF7F0FE0C4E2A00230069469C
:105360003000FCF79BFE021E04D110B070BDFA2481
:10537000E400DFE70648694603681B689847ECE7E6
:105380002C0300205C070020835B01083C07002001
:105390004008002010B50B4C012803D108680378A1
:1053A0003F2B05D1543421880748FFF78FFD10BDEE
:1053B000FFF782FE054B0005000D54342080586134
:1053C000F5E7C0462C030020BF55010800740040DB
:1053D00010B5012803D1086803783F2B03D1044896
:1053E000FFF774FD10BDFFF767FEFFF745F9F9E71A
:1053F0003F560108F0B5C64600B5037805002D2BD1
:1054000000D088E0012701352800FFF759F9FBF7A4
:105410000BFF041C2B781A00303AD2B2092A33D978
:105420006B2B03D04D2B01D0472B00D1013502222D
:105430002B7893432C2B08D1FE239B0598460135EE
:105440002E78303EF3B2092B20D920222B789343BB
:10545000452B0DD101352800FFF732F906008046B3
:105460004346002B24DCF343DB179E43002E29D157
:105470002B786D2B46D02CD84D2B41D06B2B30D0B8
:10548000472B33D126492DE00135C3E72549404656
:10549000FBF7FCF980463000FBF7C6FE4146FBF700
:1054A000D1FB011C201CFBF775F80135041CC7E774
:1054B000201C1C49FBF7C6FB01235B429C46041CD5
:1054C000E044CDE7201C1749FBF7E0F90136041C46
:1054D000CCE7702B1DD0752B19D06E2B06D110493F
:1054E00011E01149201CFBF7ADFB041C002F03D079
:1054F00080231B069C466444201C04BC9046F0BDDF
:105500000A49EFE70849201CFBF7C0F9EDE7074916
:10551000F9E70749F7E700272B2B00D074E772E77C
:10552000286B6E4E0000204100007A44002474492C
:10553000A5D4685370B5012816D10E4B09681D001B
:105540000A78002A11D11A702800FFF753FF0A4C7D
:1055500020602800FFF7B0FD60600AF0EFF901223B
:10556000064B1A700BF016FD70BD1A700131013335
:10557000E6E7C046802A0020342B00205F1C002074
:10558000F0B5C64600B53B4B0F6882B006000D0073
:10559000380019009846FFF777F80400012E1ED155
:1055A000002838DB3448FFF72DFA282300265C4317
:1055B000324B7034324FE4182068FBF7BFFE009086
:1055C00001913200A36F296838000136FFF71AFAFB
:1055D00004340A2EF0D102B004BC9046F0BD022E75
:1055E00017D128496868FFF74FF8002813D12823FE
:1055F00000226343214C1B1901301A6704330A2827
:10560000FAD10122204B390020481A70FFF7FAF92D
:10561000E1E7042E05D01E4A41461E48FFF756FC1E
:10562000D9E76868FFF74CF80600A868FFF744FD63
:105630000700E868FFF7DEFE0A2363439B191A00A0
:105640000E493A329200575001221C339B005850A9
:105650000D4B1A702023104A11880B431380FBF75F
:105660006DFE3A000090019131000C48FFF7CAF935
:10567000B1E7C04684530108275501082C030020D8
:105680003F5501085A550108B00400206055010833
:10569000486101087C5501085C1C0020A7550108E1
:1056A000F8B506000D0000283AD13E4DE86DFBF735
:1056B00045FE3D4C02000B0020003C49FFF7A2F9DB
:1056C000286EFBF73BFE02000B0020003849FFF775
:1056D00099F9686EFBF732FE02000B002000354995
:1056E000FFF790F9A86EFBF729FE02000B002000DF
:1056F0003149FFF787F92B00FC33986FFBF71EFE4B
:1057000002000B0020002D49FFF77CF9E86EFBF743
:1057100015FE02000B0020002949FFF773F9F8BDC0
:105720000868284F03783F2B2DD03900FEF7ACFFD7
:10573000041E28DB022E17D16868FFF75BFE021CEF
:10574000032C20D82000174BFAF748FD0207090C5C
:10575000DA6501221C4B1A70E1E71A66F9E7FC339F
:105760009A67F6E7DA66F4E7032E0CD11749686802
:10577000FEF78AFF002806D1A868FFF73BFE002C41
:1057800006D0012C0BD039001148FFF73BF9C6E7D2
:105790006A220121034BFF3258669954D9E7014B25
:1057A0009866D6E72C030020E25601087C610108C8
:1057B000F8560108FD560108085701081C57010852
:1057C0001457010854580108B00400200D5701086F
:1057D0002357010810B50400012803D00648FFF73D
:1057E00011F910BD0868FFF705FE044B0833D867B0
:1057F000034B1C70F5E7C046C4560108501D00203D
:10580000B00400209023F0B5C6461700124ADB0012
:10581000D35800B51B680E001D78042D17D10F4C0E
:10582000010023681A681800126890460E22C047CB
:1058300020683A00036831001B68984720682A00F6
:10584000036807491B68984704BC9046F0BD0022D6
:10585000044B1A70F8E7C04640080020C41F00201F
:10586000C26101082A0E002000B50B4B987C03286A
:1058700009D80A4A0A4BFAF7B1FC0207020B0021C9
:105880001160084A1A6000BD07491160074AF9E72C
:1058900005491160064AF5E7501D00201C1C002038
:1058A000BC0400208093DC14001C4E0EC02D29394E
:1058B0000070383970B51C498B7C488F023BDBB2D5
:1058C000012B02D8C823584370BD8A1DD57F012201
:1058D0000E002A400D0094369835144B36682D681A
:1058E0001B68CC8EAE420CD07F334343104901324B
:1058F00009884A435343621E42436F205043C018F5
:10590000E2E7012C0DD18025AD000A4B495999429F
:1059100007D8094953420B40E121C9008C46634432
:10592000E4E7064BE2E7C046501D00204805002092
:10593000DC0400209F86010090330000983A0000AC
:10594000054B10B5063300B2D8870EF041FD012299
:10595000024B1A7010BDC046501D0020B00400203C
:105960000B0010B50749012803D00748FFF7AEFA2E
:1059700010BD1868FEF788FE431CF9D00138FFF708
:10598000DFFFF5E7945301083C540108134B70B551
:10599000984222D8124C230090331B68002B18D158
:1059A000FBF742FC0F49FBF74DF9051C608FFBF735
:1059B00085FC011C281CFBF745F982239B00051C74
:1059C000E058FBF77BFC011C281CFAF75FFFFBF794
:1059D0000BFC0122044BA0641A7070BD40420F0002
:1059E000501D00200000FA43B0040020144B70B595
:1059F000984224D8134C230090331B68002B1AD1F3
:105A0000002818D0FBF710FC0F49FBF71BF9051C09
:105A1000608FFBF753FC011C281CFBF713F9822352
:105A20009B00051CE058FBF749FC011C281CFAF7F9
:105A30002DFFFBF7D9FB0122044BE0641A7070BD07
:105A4000204E0000501D00200000FA43B00400204A
:105A5000831E762B05D80122024B2D331870024B82
:105A60001A707047501D0020B004002010B50028A7
:105A700002D0C31E112B0AD8B223054A5B00D052B4
:105A80000DF0A2FF0122034B1A7008F0F1FC10BDCB
:105A90002C030020B0040020084B10B5C218084B9E
:105AA0009A4209D8074BFC3358660DF08DFF01224E
:105AB000054B1A7008F0DCFC10BDC046C0AB76FF89
:105AC00080841E002C030020B004002010B50128A3
:105AD00003D1086803783F2B06D1064B0648FC33F8
:105AE000596EFEF78FFF10BDFFF7E6FAFFF7D4FF00
:105AF000F9E7C0462C030020C453010801220D4BD6
:105B000070B55A7310280AD100225D8F0A4C0B49D8
:105B100095420ADC00223A211A8799875A7101229C
:105B20000533D877064B1A7070BD9600A15101322B
:105B3000EEE7C046501D00200C130020000016C3E5
:105B4000B00400200122034B2E331870024B1A7050
:105B50007047C046501D0020B00400200122034BB6
:105B60000833D867024B1A707047C046501D00209A
:105B7000B0040020054B984200D918008023044A45
:105B80009B00D0500122034B1A7070470046C3237C
:105B9000501D0020B004002010B5012803D1086872
:105BA00003783F2B10D182230C4A9B00D058FBF77F
:105BB00085FB0B49FAF76AFEFBF7C0FB02000B00FE
:105BC0000848FFF783F910BDFFF714FC0449FBF701
:105BD00039F8FAF7C7FCFFF7CDFFF4E7501D0020B6
:105BE00000247449885A010801220349CB795340A3
:105BF000CB71024B1A707047501D0020B00400207A
:105C000001220349CB7A5340CB72024B1A70704782
:105C1000501D0020B0040020044B35331A78514247
:105C20004A411A700122024B1A707047501D002021
:105C3000B004002030B501250B4A062013786B40D4
:105C400013700A4A140034342178002B07D0014322
:105C50002170557395730122054B1A7030BD814335
:105C6000217053739373F6E7500E0020501D0020EF
:105C7000B004002010B5FFF7DDFF10BD012203497D
:105C80008B7953408B71024B1A707047501D002066
:105C9000B0040020012203490B7A53400B72024BDF
:105CA0001A707047501D0020B0040020B32205492F
:105CB00052008B5A584243418B52034B663AFF3A8B
:105CC0001A7070472C030020B00400200221074BFB
:105CD0000122D87C084204D00021D974044B1A70E8
:105CE00070470028F9D1DA74F8E7C046501D00204B
:105CF000B00400200122024BD875024B1A70704785
:105D0000501D0020B0040020FE2110B58905041CA0
:105D1000FAF700FC00280CD10749201CFAF70EFC0A
:105D2000002800D0044C0122044BDC66044B1A709E
:105D300010BDFE24A405F6E700401C46501D0020BF
:105D4000B004002070B505000C00114E002804DCE2
:105D500031001048FFF7BAF870BD31002068FEF737
:105D600093FC0028F4DB0C4B8000C358002B05DBB0
:105D70000A4AD37501220A4B1A70EDE7022DE7D1CA
:105D80006068FEF79DFCFBF74FFAFFF7BDFFE3E706
:105D90000C5801087358010828580108501D0020AC
:105DA000B0040020034B421E9A4201D8024BD88611
:105DB0007047C0460F270000501D002010B5012875
:105DC00006D10868FEF77CFC80B2FFF7EBFF10BD40
:105DD0000122014BDA86FAE7501D0020064B00280D
:105DE00005D101225A720122044B1A707047002219
:105DF0005A72A0331860F6E7501D0020B00400204E
:105E000010B50D4C012803D1086803783F2B05D14C
:105E1000A03421680948FFF759F810BDFEF750FC7F
:105E2000002804D0064B074AC3189342F0D8002339
:105E30006372FFF7D3FFF0E7501D002060560108A2
:105E4000000871E68096980010B5084B3C219A7CBA
:105E500001205442624152421140002299875871F8
:105E60002A331A70024B187010BDC046501D002016
:105E7000B0040020014B18717047C046501D00202F
:105E800010B5084B9A7C084B022A08D10749586E76
:105E9000FAF7EEFFFBF7A8F9FBF7C6F910BD0449C6
:105EA000986EF5E7501D00202C030020000098425A
:105EB0000000184210B5074B9A7C074B022A04D108
:105EC0000649586EFAF7D4FF10BD0549986EFAF7E7
:105ED00061FBF9E7501D00202C0300200000E0408A
:105EE0000000104110B5FFF7E5FF041CFFF7C8FFE5
:105EF000011C201CFAF7BCFFFBF776F9FBF794F9BD
:105F000010BD0000F0B5DE46454657464E46E0B5AA
:105F10002A4C83B0231DDD6FFFF7CCFF011C281C2A
:105F2000FAF7A6FF264B80469A46FC33996F254820
:105F3000FAF79EFF80231B06061C4146C018FAF79D
:105F400007FB051E05D04046311CFAF723FB01254F
:105F5000804623002A331D70FFF7ACFF0B2201900F
:105F6000A37C9346032B01D10A339B460827164B8B
:105F7000F856FBF759F901998146FAF779FF41463E
:105F8000FAF7C8FA002812D153464846996EFAF734
:105F900001FB002D0FD0311CFAF76AFF0434E067D3
:105FA00003B03CBC90469946A246AB46F0BD5F4567
:105FB000EADA0137DBE70026EDE7C046501D002096
:105FC0002C0300200000E8414460010870B5041C67
:105FD000FFF756FF211C051CFAF7B0FA002800D085
:105FE0002C1CFFF767FF211C051CFAF793FA002809
:105FF00000D02C1C054B1A1DD4679B7C032B01D1B0
:10600000FFF780FF0122024B1A7070BD501D002067
:10601000B004002010B5012803D1086803783F2B95
:106020000DD1094CA37C022B02D10848FEF74EFF8C
:10603000A37C032B02D10648FEF748FF10BDFFF7F3
:10604000D9F9FFF7C3FFF9E7501D0020A456010856
:10605000B4560108014B0433D86F7047501D00201F
:10606000F8B5244D3C23E85EFBF7DEF8FC218905FA
:10607000FAF7E8FD2B00AA7C2A33041C1E78022ABA
:1060800023D1FFF717FF2F352B781B4A071CD0565B
:106090000338FBF7C9F8211C051C381CFAF7E8FE89
:1060A000011C281CFAF776FA0021041C002E06D0E9
:1060B000124B1348FC33996FFAF7DAFE011C201CCF
:1060C000FAF7D6FE041C201CF8BD002EFBD00B4BAB
:1060D000002A08D10B49D86EFAF75CFA011C201C83
:1060E000FAF758FAEEE7FC33996F0548FAF7C0FE65
:1060F000F4E7C046501D0020446001082C03002036
:106100000000E8410000C04170B5234D041CAE7C86
:10611000012E38D10021FAF711FA002833D02B00D4
:106120002A331E701D4B1E48FC33996FFAF7A0FEF0
:10613000011C201CFAF79CFE041C0122194B0021B3
:106140001A70201CFAF7E6F9002822D11649201C03
:10615000FAF7F4F9002800D0134C012E00D10024E6
:10616000211C201CFAF716FA041C3C23E85EFBF7FE
:106170005BF8211CFAF7C8F9002803D1201CFBF7B3
:1061800033F8A88770BD2A0000232A3213706B7180
:10619000D3E70024E1E7C046501D00202C03002077
:1061A0000000E841B00400200000FC4170B5012867
:1061B00003D10C6823783F2B09D1FFF751FFFBF780
:1061C000BDF802000B001548FEF780FE70BD1449B3
:1061D0002000FEF759FA00280BD1124B5B79002BF7
:1061E00001D1FFF731FE24230F4A11880B4313809E
:1061F000ECE72000FEF764FA0400FFF731FF051C0E
:106200002000FBF711F8041C011C281CFAF77CF98C
:106210000028E8D1201CFFF777FFE4E7CB53010803
:10622000E9530108501D00205C1C0020F0B5884295
:1062300016D09122D200130043430A4C91251B191A
:10624000094C4A43604300246D001F681E18013446
:10625000B7500433AC42F8D10122044B5B181A73D7
:10626000F0BDC046840E002078FBFFFF501D0020CB
:1062700010B5FFF7DBFF01208840C0B2FEF78EFBB0
:1062800010BD0000F0B54646D6464F46C0B50600E4
:10629000884226D09123234DDB002F180237224855
:1062A000FA7F224C8046002A20D1481CF8772F0024
:1062B00000208C3738606A7140461D00704375437A
:1062C0004B439127641980461E0015007F0043460A
:1062D000E31899592068FAF7CBFD013501C4BD4296
:1062E000F5D11CBC90469946A246F0BD1A004B431E
:1062F0009946912370435B0082460027984672437B
:10630000A41853464A46E31899582068FAF742F908
:10631000013701C44745F4D10023A8190230C377DF
:10632000DFE7C046501D002078FBFFFF840E0020F1
:10633000F8B557464E464546DE463A4CE0B526008F
:106340001F230836F35605009A462318DB7B002BE3
:1063500031D15346013309D10221FFF767FF2200F3
:1063600004213432F57713788B4313709126012280
:10637000F6006E436319DA732B4B0027F6182B4B8C
:106380005D4391231B019C4691235B009846654425
:1063900071593068FAF76CFD013701C64745F7D1EE
:1063A0000023637100238C3423603CBC90469946E3
:1063B000A246AB46F8BD912700233F01B84683466D
:1063C0001D002700FB7B002B1AD0DA4501D0AB451E
:1063D00016D1154B91269C4600239946F6006E4334
:1063E000664443463068F158FAF7D4F801239C46D6
:1063F0002233E144FF3301C69945F2D10023FB73F8
:106400000A4B01359C46E04443460137002BD9D165
:106410004746DA45C9D12300FF220833DA77A7734C
:10642000C3E7C046501D0020840E002078FBFFFF0C
:1064300070B5204B041C1B781F4D002B05D12B0081
:10644000B43300229B5E002B32D0002006F02AFCE1
:106450001A49061C201CFAF757F8002814D1201CF2
:10646000311CFAF705FD041CAB7C012B0ED1144D39
:10647000211C286EFAF78EF828660122114B1A703B
:106480000DF0A2FA201C70BD0024EDE7002BF4D122
:106490002A352B78211C0A4D002B04D0E86EFAF720
:1064A00079F8E866E9E7E86DFAF774F8E865E4E793
:1064B0000024E7E76A0E0020501D00200000C842BB
:1064C0002C030020B0040020F8B507000020141CA5
:1064D0000D0006F0E7FB011C201C0A247C43641914
:1064E000FAF7C6FC1C34094EA400A159FAF752F879
:1064F0000749051CFAF722F8002806D00549281C90
:10650000FAF708F8002800D0A551F8BD2C030020A8
:106510000000F0C10000F04110B50F4B9B7C012B37
:1065200009D10E4B0E491C6E201CF9F7EDFF002817
:1065300010D1201C10BD002B02D1084BDC6DF8E7F8
:10654000022B02D1054B5C6EF3E7032B02D1034B08
:106550009C6EEEE70024ECE7501D00202C03002089
:106560000000C84270B50DF065FE104D84B2AB7CE2
:10657000E020002B01D19138FF38241AFFF7CCFF1F
:10658000061CFFF76DFD011C301CFAF703F8A96F1C
:10659000FAF76EFC8421C905FAF754FBFAF724FEDA
:1065A000A4B2034B24181C8070BDC046501D0020AF
:1065B000460E002010B50C4B9B7C012B07D10B4BDA
:1065C0000B49186EF9F7A0FF4342584110BD002057
:1065D0008342FBD1B422054B52009A5C101EF5D0C9
:1065E0000349D86DEEE7C046501D00202C03002063
:1065F0000000C842044B9A7C002A04D10633D877A5
:10660000024B01321A707047501D0020B004002068
:10661000064B9A7C002A07D1013210000633D97F3D
:106620008843D877024B1A707047C046501D00202F
:10663000B0040020031F052B0DD9094B98420ADC3A
:10664000084B032808DC0022D876DA870233DA8781
:106650000122054B1A7070470422D887DA76F7E7D3
:1066600030750000501D0020B00400200122034BB3
:106670000233D887024B1A707047C046501D002065
:10668000B00400200C4B30B51A18927F0B4C082A2E
:1066900004D1082902D000251A1815731A18917709
:1066A00001222270002905D0072903D000221830CA
:1066B00080001A5030BDC046501D0020B00400209C
:1066C000F8B507000D00154E00280BDC0024144817
:1066D000144A0419A37F31009B009A581248FEF710
:1066E000F5FBF8BD08680378303BDBB2092B12D804
:1066F000FDF7E6FF441E022CE9D80123012FE6D066
:106700009B0031005859FDF7BFFF011EDFDB200061
:10671000FFF7B8FFE5E700231C00F1E7F853010895
:10672000501D0020306E0108235401080221074B40
:106730000122987D084204D000219975044B1A70FB
:1067400070470028F9D19A75F8E7C046501D00201F
:10675000B0040020074B5A7D910705D500225A75D9
:106760000122054B1A707047002A01D00322F6E778
:106770000122F4E7501D0020B004002070B5602411
:10678000002801D14031CCB20221094B094E9B7C3B
:106790008B43013B5D425D41735DA34207D0E9201D
:1067A000054B1D80230218430DF0A2FA745570BDED
:1067B000501D0020EC0C002042050020012370B584
:1067C0000C4D40246A7D1A4200D02034AA7D1A4222
:1067D00001D010231C43E9202302184302210DF0AD
:1067E00087FA0222AB7C9343013B5A425341024A4F
:1067F000D45470BD501D0020EC0C0020144BF7B594
:106800009867041CFFF73CFBFAF7EEFC0500FFF766
:1068100069FB071C201CFAF7E7FC2E1A040028006D
:10682000FAF702FD391CF9F7B5FEFAF7DDFC001B9B
:1068300033000090074A0C210748FDF7C1FD2023D3
:10684000064A11880B4313800122054B1A70F7BDCD
:10685000501D0020C7610108000500205C1C0020BD
:10686000B004002010B5012803D1086803783F2B3D
:1068700003D10448FEF72AFB10BDFEF7BBFDFFF76E
:10688000BDFFF9E725560108034B044AD867642386
:1068900011880B4313807047501D00205C1C0020A2
:1068A000C31F70B50400114D114E022B05D8687638
:1068B000442332881343338070BD031F012B01D85A
:1068C000A876F5E7032807D1FDF7D6FE0423328822
:1068D000134333802C76EBE70122064B1A70002815
:1068E000F8D02B00002235331A70F3E7501D00203A
:1068F0005C1C0020D404002070B5050001280BD1D9
:106900000C6823783F2B07D011492000FDF7BCFE0F
:10691000431C05D0002816D00E48FEF7D7FA11E028
:106920002000FEF767FD0C4B35331D7006F076F93D
:10693000FFF7AAFF0020FFF7B3FF2023074A1188C3
:106940000B43138070BD044B35331870F5E7C04618
:106950009A5801084A570108501D00205C1C00206D
:1069600010B5041E2CD0086803783F2B28D01A00DD
:10697000303AD2B2092A01D92D2B17D1FEF73AFDB0
:10698000124B041C1B7E002B02D10120FFF788FF55
:10699000201C06F043F9FFF777FF24230C4A1188E7
:1069A0000B43138001220B4B1A7010BD012CF4D144
:1069B0000949FDF769FE002802DBFFF771FFECE7EC
:1069C00005490648FEF71EF8EFE7C046501D0020B7
:1069D0005C1C0020450E0020405C01081D5C010885
:1069E0000122034B32331870024B1A707047C046B5
:1069F000501D0020B00400200122034B33331870D7
:106A0000024B1A707047C046501D0020B004002091
:106A1000F8B5264CE07EE38F042801D0002B08D087
:106A2000234A02341360E38F002B01D0214A136004
:106A3000F8BD220090321F4E12683360002A07D141
:106A40001B4B1A600234E38F002BF1D03360EFE769
:106A5000194A1A4917880A000D88BD4204D9013322
:106A60009BB20831082BF7D1DB00D3185A885B683A
:106A70000F4D336032237B4311492A600B6001289C
:106A800001D152002A60230032331978002903D043
:106A90002868F9F7B7FB30602300333319780029F1
:106AA000D0D02868F9F7AEFB2860CBE7501D002056
:106AB0004805002044050020040D00207C620108E8
:106AC000D0040020F8B52C4B9B7C012B13D0022B5B
:106AD00013D0032B4ED000250024AA0052195300D6
:106AE0001B193A339B00254A9958814207D2092C39
:106AF00005DC0134F1E70125EEE70225ECE7092C7E
:106B000022DC002C28D0621EAE00761973009B1880
:106B10003A339B00194E9B59C01A800AC91A890A38
:106B200020D0AF007E1973009B189B00144A9E581A
:106B30007D196B001B199B00124A9B585843F9F7AB
:106B4000EBFB301800B206E0AB005D19EA000C4B1D
:106B50009B182420185EF8BDAB005D19EB00084AB5
:106B6000D05EF8E7AB005D196B009B189B00044AF0
:106B7000D05EF0E70020EEE7501D00202C0300203F
:106B8000D81C0020601C002070B500240DF0E6FB2E
:106B90000C4A0D4B0D4D146054609460D4601C6021
:106BA0005C609C60DC602C800DF03AF901232000D1
:106BB0002B800DF0FFF80DF027FC20000DF02CFCD1
:106BC00070BDC046241C00204C1C00204205002043
:106BD000F0B5C646344F8600F35900B50C008B4221
:106BE0000DD0012835DC314B314A1880314B9846A5
:106BF000314BCB18934205D9434601349C5104BC18
:106C00009046F0BD012848D12C4BDB7E022B44D1AD
:106C100043465A682A4B881A9A4200D9401029499B
:106C2000294D4118A94216D828498000F9F774FB6C
:106C3000C022031292021B0400061340000C0343FF
:106C4000F320032118430DF053F80122204B7C6000
:106C50001A70BC51D3E7A2420FD91E4AA5189D4213
:106C600001D91D4BE51828000DF042F903211B48FE
:106C70000DF03EF843465D60EBE7194AA5189D42CA
:106C800005D9184BE518184B9D4200D91D00280066
:106C90000DF02EF903211548EAE720000DF028F940
:106CA00043469C51D5E7C046241C002042050020E5
:106CB0000054EA2A4C1C002000E4B1F1501D0020D1
:106CC000FF379C1C7F380100FD700200710200003C
:106CD000693B002080C7FEFF008FFDFFF3FF01002E
:106CE000803801000071020000703839F3000200A2
:106CF000086810B5FDF7E4FC054B01001868002892
:106D000002D1044BA0331960FFF762FF10BDC046EB
:106D1000F00C0020501D002010B5032101480CF09C
:106D2000E7FF10BD8B1F1D0010B5032101480CF0BB
:106D3000DFFF10BD8B1D1F0010B5032101480CF0B3
:106D4000D7FF10BD8B1D1F0070B5002406000DF08D
:106D500005FB414B414D1C605C60414B03211C60B5
:106D60005C600123F3202B800CF0C2FF2300032E74
:106D70001CD830003B4CF9F731FA022034572B80F5
:106D80000DF04EF823002A331B78002B0FD0FFF7AD
:106D9000C3FF01232B80E379002B0BD0FFF7BCFF4F
:106DA0002E3420780DF006F8FFF708FD70BDFFF7D0
:106DB000BBFFEEE7FFF7C0FFF2E700232B80FFF7F2
:106DC000B3FF0DF02DF801232A342B800DF028F8A5
:106DD0002378002B02D0FFF79FFFE5E7FFF7A4FF22
:106DE000E2E7237A002BE8D12B8023002A331B789B
:106DF000002B10D0FFF7A0FF23002F3318780CF0E2
:106E0000D9FF01232B80E37D042B07D1FFF784FFFB
:106E10000DF006F8CAE7FFF77FFFEDE7FFF78CFFFD
:106E20000C200CF0C7FFC1E7237A002BC5D12B80C3
:106E30000CF0F6FFFFF778FF01232B8023002E33A1
:106E40001B78072B04D8FFF777FF2E342078E8E76C
:106E5000FFF762FFF9E7C046241C0020420500202E
:106E60004C1C0020501D0020F8B5304B474698467A
:106E7000CE464246012380B52D4C1380A27C2D4D79
:106E800091469A4204D92B800CBC90469946F8BD95
:106E900023009033284E294F18683760002803D00C
:106EA0006421F9F7AFF93060A36D002B04D1E27EC5
:106EB0003368022A00D05B00214A934203D81A00AB
:106EC0001A2B00D21A222A80A21DD27FD20703D504
:106ED000BB4201D91B4B2B804A461B4B28881A808A
:106EE0000CF0F0FF230090331B6801002880002B7A
:106EF000CAD0E27E3368901EC0B2012802D9012AAE
:106F00000ED19B009942BFD2032ABDD0481EC018A3
:106F1000F9F778F980B2002804D043461880B3E727
:106F20005B00EFE7012342461380ADE7DC0400205D
:106F3000501D0020040D0020640E0020B80B00003E
:106F400070170000C409000042050020044B10B572
:106F50009865FFF789FF0122024B1A7010BDC046E9
:106F6000501D0020B004002010B5012803D10C688A
:106F700023783F2B0ED11F4B1888FAF755F91E497D
:106F8000F9F760FEFAF7DAF902000B001B48FDF78B
:106F90009DFF10BD1A492000FDF776FB002807DB96
:106FA000184B00209B6D002BF3D0FFF7CFFFF0E7CD
:106FB0002000FEF71FFA1449041CF9F7ABFA002869
:106FC000D9D11249201CF9F7B9FA0028D3D11049B8
:106FD000201CF9F737FE0B4B041C986DFAF76EF97D
:106FE000211CF9F791FA0028D3D1201CFAF7FCF8FC
:106FF000DBE7C046040D00200000C8429E5801088F
:10700000B8580108501D0020CDCC4C3E000016445D
:107010000000204170B51449144B8A7C1B7813433F
:107020000022934218D1497A0A1E15D0104A1149FC
:1070300014881A008C420FD81A210F4A0F4D12687B
:10704000861A80185A18521094006459A64205D91D
:10705000531C9942F6DA0022100070BDA04201D202
:10706000511EF6E70222F7E7501D00206C0E0020AB
:10707000040D0020B80B0000D0040020D0610108EE
:107080000F4A1368013304D10E4B1B681B0ADBB295
:1070900013601268531C11D0FF200A4B00021968BC
:1070A00012020140196019680A43F9211A601A682E
:1070B0000A401A60982219680A431A607047C0464D
:1070C000B4040020001002400F4A1368013304D1B9
:1070D0000E4B1B681B0ADBB213601268531C11D0E5
:1070E000FF200A4B0002196812020140196019685A
:1070F0000A43F9211A601A680A401A606022196866
:107100000A431A607047C046B404002000100240D1
:107110000F4A1368013304D10E4B1B681B0ADBB204
:1071200013601268531C11D0FF200A4B000219682B
:1071300012020140196019680A43F9211A601A689D
:107140000A401A60802219680A431A607047C046D4
:10715000B4040020001002400C2358432C4AF0B520
:107160001018030091254646D6464F46B3331B7888
:10717000ED005D43C0B5274BB430ED180023C45E6D
:10718000254B1B7A5BB2984601330AD0A3002D32FF
:107190005F591378013C9A4601235B429846002CC4
:1071A00005DA40461CBC90469946A246F0BDA300B5
:1071B000EE58381C311CF9F7C1F900280FD15046A0
:1071C000FAF732F8391C8146F9F7E4F9311CF9F77E
:1071D000A1F9002805D13E1C013C371CDFE7A04681
:1071E000FAE7A300EE58391C301CF9F7A7F900287C
:1071F0000BD14946381CF9F73BFE311CF9F79EF9D3
:107200000028CED1013CECD2CBE7371CA046F9E7F1
:10721000501D0020840E0020342B0020F8B50C23D4
:1072200057464E46DE46454658432D4AE0B51018AF
:1072300003009126B3331B78F6005E43294BB4302C
:10724000F6180023C45E284B1B7A5BB21F00013383
:107250000BD0A3009D59538F2D32994613780127E7
:107260009B4601347F42A14506DC38003CBC904679
:107270009946A246AB46F8BDA300F358281C191C3A
:107280009846F9F75BF900280FD15846F9F7CCFF7B
:10729000291C8246F9F77EF94146F9F73BF90028A7
:1072A00005D1A84601344546DDE72700FAE7A300EB
:1072B000F358291C181C9846F9F740F900280CD1FE
:1072C0005146281CF9F7D4FD4146F9F737F9002853
:1072D000CBD10134A145EADCC7E745462700F8E7F2
:1072E000501D0020840E0020342B00200423002198
:1072F0000220094A013BDBB2517010709170D170CD
:107300000C32002BF6D1054A902011004000B0311C
:107310002B32088013707047001E0020501D002083
:10732000F8B50C23CE464746912400264343124A23
:1073300080B5D318B3331B78E4005C430F4B3500A2
:10734000E418538F27689946A94504DC30000CBC2B
:1073500090469946F8BDAB00E058F9F745FFF9F7BC
:1073600063FF391C8046F9F7E9F8002801D0474649
:107370002E000135E8E7C046501D0020840E002095
:10738000F8B50C23434322489126C0180300B333B9
:107390001B78F6005E431F4BB430F6180023C75E1F
:1073A0001D4B1B7A5BB25A1C30D0BB001B4998594D
:1073B000F9F748FCF9F718FF05007C1E002C01DAEC
:1073C0003800F8BDA3001549F058F9F73BFCF9F770
:1073D0000BFF854204DB2B00643B834203DC280067
:1073E000013C0500EAE7A3000C49F058F9F72AFC34
:1073F000F9F7FAFEA84206DB2B0064338342DFDB99
:10740000013CF0D2DCE705002700F9E71F00D7E7D1
:10741000501D0020840E0020342B0020000020414D
:107420000C235843F0B5274F912638180300C64661
:10743000B3331B78F6005E43234B00B5B430F61827
:107440000022835E9846214B1B7A5BB25A1C36D0D1
:1074500043469B0098591E49F9F7F4FBF9F7C4FE1F
:10746000434605007F8F5C1CA74203DC404604BCFA
:107470009046F0BDA3001649F058F9F7E3FBF9F781
:10748000B3FE854204DB2B00643B834203DC28000F
:1074900001340500E8E7A3000D49F058F9F7D2FBE5
:1074A000F9F7A2FEA84207DB2B0064338342DDDB41
:1074B0000134A742EFDCD9E70500A046F8E798467B
:1074C000D4E7C046501D0020840E0020342B00203D
:1074D00000002041F0B5DE4657464E464546E0B531
:1074E0002D4B83B01B68002B2ED0192501232D1A9C
:1074F000252402279A462BB29946284E641A043E48
:107500007F427B1C9846504601330AD033681520D1
:10751000012B06D00D38032B03D0023B58425841B3
:1075200013300BF0B1FF4246142353431C4AD35C83
:107530009B46434601330ED121B21A4A484605F014
:1075400031FD5B46062B23D103B03CBC90469946E7
:10755000A246AB46F0BD5B46062B09D1124B1B6819
:10756000002BF1D021B228B2104A05F01BFDEBE749
:1075700032680F4892001258BB1C0192424690009C
:107580000C4A21B28258484600920B4A05F00AFD87
:1075900004360D344746B4E7D01F00204C200020AD
:1075A000B867010848530108B42000205B53010864
:1075B00098690108E81F002075530108F8B5CE4608
:1075C00047463A4B3A4D840080B5635114234343F8
:1075D000384E8946F318D968374B07001868F9F711
:1075E00047FC40004308494648469846F8F7D2FF12
:1075F000011C4046F8F7A2FF002805D0022318001E
:107600000CBC90469946F8BD49464046F8F796FFAF
:1076100003230028F3D1294B5A1DD27F9046284AD4
:1076200091464246052A24D11A001900D032C431AD
:10763000096812685218494652080A601900B831A0
:107640000A601A00CC320021525E1900C0310020BD
:10765000095EB4335118CA0F521852101A80194BD0
:1076600019491868F8F76AFF002802D0174B6351D0
:10767000C4E714235F43F61915497068F9F7E2FA75
:10768000F8F770FF134B144A2B514B461B688218B6
:107690009A4204D8114A94466044834202D9434630
:1076A000052BABD10E4B2B510123A8E7FE69010836
:1076B000E81F0020B86701083C1C0020501D002076
:1076C000341C0020540E0020CDCC4C3F0C6A010825
:1076D00000247449166A0108E05EF8FF20A1070043
:1076E00045610108F8B5264B454698460B004E46C5
:1076F000914642465746DE462333FF339B009B5854
:10770000E0B50C0005009A46002700264C4520DB1A
:1077100001241C495046F9F7ABFB80463800F9F7C5
:1077200083FD011C301CF9F7B1F8011C4046F8F745
:10773000F1FE002821D1012C04D00224124B134A5F
:10774000AD00EA5020003CBC90469946A246AB46AC
:10775000F8BD4246A300D358301C191C9B46F8F7CD
:1077600019FF5146061C58460137F8F7E7FE002876
:1077700001D10134CAE70224CBE70324DEE7C04687
:10778000840E00200000A040E81F0020E4690108EA
:10779000F0B557464E464546DE46324BE0B5324ED2
:1077A0008500AB51314B83B01B68814600939846EE
:1077B0002F4B5C8F2F4B1F682F4B9A46009B9C4290
:1077C0002ADC434601932C4B9846019B002B36DC68
:1077D000009F019B4A46984614235343274864213F
:1077E000C0180223C05E6043F8F796FD43460222AC
:1077F000FF1A874208DB0099019B9040C91A814219
:1078000002DC1F4B013A7351100003B03CBC9046A0
:107810009946A246AB46F0BD009B1A499B009B4689
:10782000381CF9F725FB53465A46011CD058F8F787
:1078300071FE0028C5D1009B01330093BEE7019B78
:1078400010499B009A46381CF9F712FB43465246F2
:10785000011CD058F8F75EFE0028B9D1019B013B0E
:107860000193B2E7F4690108E81F0020381C0020EA
:10787000501D00203C1C0020840E0020B867010829
:10788000456101080000704170B5074B074D840049
:10789000635106F06DFD0223002802D0044B6351B2
:1078A0000123180070BDC046EB690108E81F0020E5
:1078B00045610108F8B55746DE464E464546E0B5F7
:1078C000184B06005B8F00279B469123DB000225A7
:1078D0009A46154CBB4504DC144B154AB600F250D1
:1078E00019E02368134998465346E358181C9946F3
:1078F000F8F750FE011C4046F8F720FE002809D199
:1079000049464046F8F71AFE002800D00325013703
:107910000434DFE7012528003CBC90469946A24686
:10792000AB46F8BD501D0020840E0020E81F00204B
:10793000E46901080000A040B4220021034B52007A
:1079400099520022DA655A667047C0462C0300201F
:1079500010B515200BF098FDDC22282101480BF012
:1079600057FE10BD37530108F8B50F1C431C2CD02F
:107970000C244443154D2C192300B1331B78002BE4
:1079800023D022002021B03213788B4313706E8FE6
:10799000701EF9F749FC391CF9F754F90C49F9F74D
:1079A00051F982239B00071CE858F9F787FC011C5A
:1079B000381CF8F76BFFF9F717FC864205DD23004A
:1079C000B43318800023B8342360F8BD501D002064
:1079D0000024744910B50400084B1988084B186836
:1079E0004B086043C018F8F70DFC064B064A1B68AD
:1079F000126863439B18C01810BDC046F40C0020E9
:107A0000FC0C0020F80C0020000D0020F0B5DE4634
:107A10004E4645465746E0B55D4B8BB098465B8F6A
:107A2000C34604935B4B019300231E005A46927F8A
:107A3000082A59D101235B42994600256027424616
:107A4000DA462C00CB46B146073377437343E03226
:107A5000D71909933B78002B1BD0099B4C495B44F9
:107A60008C461A000E331B016344079313010893DD
:107A70004B46A9461D00049BA34206DDA0B2FFF7BA
:107A8000A9FFBB680593984249D32B004D46994600
:107A9000AB4601351037062DDCD14E460121D946C3
:107AA0003B48D3460300A246B14000224C46343343
:107AB00049B29A56013465D006235446944673431E
:107AC0004B440E331B01C318049AA24254DC624695
:107AD00001235C460A4334302373027020232E4A6C
:107AE00011880B4313800123012291219446C90080
:107AF000E3448C46019A013662440192032E95D1EB
:107B0000002B05D0234805F089F9012006F0A4FADE
:107B10000BB03CBC90469946A246AB46F0BD5B46D6
:107B20007E68013323D0089A079B94465B680293D2
:107B3000174B6344E8331B68C01A0393F9F7BEFB85
:107B400002990690301CF9F793F9011C0698F9F791
:107B500079F8059B039A061C981AF9F7AFFB011CEC
:107B6000301CF8F793FE0299F8F714FD061C019AF1
:107B7000A300D65001347EE7019F5A68A5007A51D0
:107B80000134A1E700205C468A4320731A70A5E700
:107B9000501D0020840E00205C1C0020F0B5C6465D
:107BA000050000B50120FFF715FF04000020FFF7D6
:107BB00011FF241A6408A8420DD8104B5E8F013EB5
:107BC000B0B2FFF707FFA84205D32B1B984600274A
:107BD0006519B74205DD01246442200004BC9046CB
:107BE000F0BDBC196410A0B2FFF7F4FE804501D9C6
:107BF000671CEEE78542F0D2661EEAE7501D0020C2
:107C0000F8B50C25CE464746454380B5314F7D1922
:107C10002B00B3331B7899462B00B43300241C5F30
:107C2000B835A6B23000FFF7D5FE80462860002C9C
:107C30004CDD7B8F013BA34248DD91234A46DB00AC
:107C400053439946244A30009144FFF7C3FE01365E
:107C50000700B0B2FFF7BEFE204B381A9C464B46D9
:107C60006444A4001E594C44A3689946C317C01825
:107C70005840F9F7D9FAFC218905F8F7E3FF49469E
:107C8000071C301CF9F7F4F8011C381CF8F7DAFF70
:107C9000071C6068011CF8F77DFC011C301CF9F71B
:107CA000E7F84946F8F776FC0D49F8F773FC011C34
:107CB000381CF8F7EBFD041C4046F9F7FFFA011CED
:107CC000201CF8F767FCF8F74DFC28600CBC9046C8
:107CD0009946F8BD501D0020840E0020FFFFFF3F95
:107CE000CCBC8C2BF0B5DE4657464E464546E0B53B
:107CF0008BB0049008001400FFF750FF002303939B
:107D0000984244DBE20F1219541052101318041B4E
:107D10000193E343514ADB171C400199538F8B4277
:107D200001DC013B01930C23002501260499A9469F
:107D30004B43D318B33319789123AA46B346A846C8
:107D4000DB004B43464906945B180293454B02996E
:107D50001D80A3005F58444B2D321F60137803959C
:107D60000593019BA3421ADA4B464546002B03D0EC
:107D70003D4B1F603B4B1D800C22049B04985A43D3
:107D8000364B9B18069AB4331A80FFF739FF0398D5
:107D90000BB03CBC90469946A246AB46F0BD029A59
:107DA000A300D558391C281C002E19D0F8F7B2FBB7
:107DB000002803D0A3B29846D9460EE00598F9F7FB
:107DC00033FA391CF8F7E6FB291CF8F7A3FB002867
:107DD00016D0A3B29846D946002601342F1CC0E71E
:107DE000F8F7ACFB0028E5D10598F9F71DFA011C5E
:107DF000381CF9F73DF8291CF8F7A0FB002802D140
:107E00003D1CEAE70136B24521D006AAB3009B58D3
:107E1000029A9B00391C9858F8F79AFB0028F1D178
:107E2000042E0ED006AA03231100043AB34210D147
:107E300042469B00CA505346032B02DC01239C465A
:107E4000E2440126A3B29846D9460396C5E75646B2
:107E5000E6E7D068013B1061E7E7C046501D00200F
:107E6000840E0020E41F0020D8040020F8B55746F7
:107E7000DE464E4645464E4BE0B583460E1E4D4F00
:107E80009A4608D088B2FFF7A5FD4B4B1A88C82345
:107E90005343984210D20023484A49491380494A23
:107EA000504613805A4612680B80012101804649D2
:107EB0003A600B60454B1A60404BB4001B885C4431
:107EC0009846002B0CD12368404D191C2868994610
:107ED000F8F72AFB002803D03B4B1E604B462B6073
:107EE0003B6825689946534600241C5F4946281C78
:107EF000002C20D0F8F70EFB002808D0314B3D6055
:107F00001E803CBC90469946A246AB46F8BD304B1D
:107F10002D331878F9F788F94946F8F73BFB291C07
:107F2000F8F7F8FA0028ECD0264B3D601E800023BD
:107F300052461380E5E7F8F701FB0028DED1244B19
:107F40002D331878F9F770F9011C4846F8F790FFBF
:107F5000291CF8F7F3FA0028D3D0A0450ADD184A07
:107F600063009B5A5A469B0049469858F8F7F0FA26
:107F7000002816D1042C0FD0114B03221900023B0C
:107F8000944210D10F4B64001B880B534346032BC4
:107F900002D80A4A013313800A4B3D601E80012338
:107FA000C6E70134D9E7D888013A1881E7E7C04627
:107FB000B2040020D8040020040D00204A0E002046
:107FC0007C0E0020E41F0020441C0020481C0020E0
:107FD000501D002010B503280FD8084C8AB2638FBB
:107FE00093420AD90C234343E4182300B433198085
:107FF0001000FFF7EFFCB834206010BD501D0020CA
:10800000F0B54F46D64646460D00C0B50700431CA6
:1080100037D00C2343431F4CE3181A00B1321278B7
:10802000002A2ED02021B0331A7801208A431A70FA
:10803000FFF7D0FC06000020FFF7CCFC638F361A58
:10804000023B9A46012399467608D14519DA4B46F8
:108050009BB218009846FFF7BDFC801B854215D3E4
:108060004046013080B2FFF7B5FC801B85420DD23F
:108070000C235F43E41923004A46B433B8341A8012
:1080800025601CBC90469946A246F0BD01239C4643
:10809000E144DAE7501D0020F0B5CE46474680B5F2
:1080A000050083B08946002822D19B4C9B4F237842
:1080B0006E1C002B13D0E31C00229B5E2800984608
:1080C000E31D1B68994604F0EDFDF9F737F94B46BF
:1080D00000900191424631003800FCF793FC0C34CB
:1080E0003500042EE3D103B00CBC90469946F0BD98
:1080F0000C6823783F2B00D1F4E00823884A200045
:1081000011880B4387491380FCF7BEFA002810D171
:10811000854BFF211A002B3211701A00B1321070FA
:108120001A00BD3210701A00D533C93210701870A1
:10813000D9E72000FCF7C4FA441E0600032C00D93E
:10814000D0E0012D1FD10C256543774F20007D190C
:108150002B00B43300229B5E2B3798462B00B8339C
:108160001B68B135994604F09DFDF9F7E7F84B46D9
:1081700000900191424631006848FCF743FC01231E
:108180003C702B70AFE74B465B6868491800984617
:10819000FCF77AFA0700072834D8F8F71FF8040E1E
:1081A0001F5997A982960C23012163435E4AD31875
:1081B000B1332B321970147095E70C2300216343FF
:1081C000594AD318B1331970130000222B339A5631
:1081D000944200D087E7FF221A7084E70C23012124
:1081E0006343514A2000D318B13319702B321470F5
:1081F000FFF796F8431C00D1002001B22000FFF7E2
:10820000E9FEA0E70C256543474E012275192B00B6
:10821000B1331A7043461B78303BDBB2092B61D86F
:108220004046FCF749FF2022B0352B7801009343EC
:108230002B7033002B331C70738F984203D92000AE
:10824000FFF7DEFE4FE701B22000FFF7C3FE4AE76B
:108250004B469868032D14D10378313BDBB2082BD1
:108260000FD8FCF729FF0C2363432F4C0138E41887
:1082700022000223B0321178B2340B431370207005
:1082800031E72B49FCF700FA002800D02BE70C233C
:1082900002226343244CE418B034237893432370C0
:1082A00021E70022032D09D14B4698680378313B22
:1082B000DBB2082B02D8FCF7FFFE421E0C236343FF
:1082C000194CE418B33422700DE71027032D00D0A9
:1082D00009E74B4616499868FCF7D6F9002809D0FB
:1082E00001280FD0124A11491248FCF78BFBFAE61D
:1082F0002027EBE70C2363430B4CE418B0342378BE
:10830000BB43CCE70C236343074CE418B034237819
:108310001F432770E7E6C046011E0020955701085D
:108320005C1C00209A580108501D0020D0570108FD
:1083300004580108A557010870B50024074E084DE0
:10834000738FA34200DC70BDA0B2FFF743FB0100B6
:108350002800FCF757FB0134F2E7C046501D00200F
:10836000AB530108144B30B51A001C0098329434FA
:1083700021681568A94201D92560116000220428EE
:1083800006D8F7F72BFF03070912030094331A6886
:10839000100030BD9833FAE71A009833943212680F
:1083A0001868520840081218F2E71A0094339832FD
:1083B00012681868121AEBE7501D0020F0B5DE466F
:1083C000454657464E46E0B5002083B0FFF7CAFF4A
:1083D00004000120FFF7C6FF334B001B598F9A465C
:1083E000324B01391C60324B89B21980F7F790FF8C
:1083F000304B01241860304B19605346903318609D
:108400002E4B00201C70FFF7ADFF00902000FFF7FF
:10841000A9FF002398462A4D01906B78002B0CD0C1
:1084200008232C781C4008D1AF68002F15D10423F5
:10843000EC5E21B24046FFF7CDFD01239C46E044AF
:1084400043460C35042BE8D106F012F803B03CBCCF
:1084500090469946A246AB46F0BD009BBB42E8D889
:1084600053465B8F9B46019BBB421AD85C46013C3E
:10847000DFE7A6B23000FFF7ADFA8146874203D3AB
:1084800001345C45F5DBD4E7013EB0B2FFF7A2FA58
:108490004B4640085B08C0188742BF417F42E41B3F
:1084A000C7E70124EDE7C046501D0020000D002065
:1084B000F40C0020F80C0020FC0C0020B00400207C
:1084C000001E002010B5094A538F83420CD0031CB4
:1084D000142800D21423912198B24900884200D96F
:1084E0000B1C5387FFF76AFF10BDC046501D0020CC
:1084F000F8B5032804D0514B1B68994200D21900EB
:108500004F4B1C6823008C4200D90B004D4A1100D0
:1085100094310E68110098310D68042800D981E06B
:108520000121F7F75BFE033A4B642600141DE08F30
:10853000884311009431E0870B609D4202D2110004
:1085400098310B60110098310968C91A490800294F
:1085500000D167E0538F5B088B4263D91300110091
:108560009833943109681B685B1801215B08194036
:108570005B180121101DC48F2143C1871100943164
:108580000B60110098310B60AE4203D080230021B4
:108590009B00D150FFF712FFF8BD141DE08F8843F8
:1085A00011009831E0870B609E4202D9110094318E
:1085B0000B60110094310968591AC7E7171DF88F2D
:1085C00001431E48F9870068A91B490847189F42C4
:1085D00000D9191A601A984200D2E11A10005C1AE8
:1085E000943004601000CB1898300360AFE7101D82
:1085F000C78F3943C18771086808081859080F4B9D
:108600001B68CB18834200D20300641A9C4200D935
:108610001C001300601A9433186013000C1998336F
:108620001C6094E7AE42B5D011001300943198332A
:1086300009681B689942ADD1A8E7C0461C1C002000
:10864000BC040020501D0020002210B50D4B293322
:108650009A56514251411970002A0ED10220FDF75D
:108660006FF909490220FFF743FF08490320FFF78C
:108670003FFF0122064B1A7010BD01204042FDF75A
:108680005FF9F6E7501D002080969800404B4C00A3
:10869000B004002010B5012817D1086803783F2BDB
:1086A00013D0FCF70DF804280FD880B20BF038FA7D
:1086B000431C02D10748FCF7A5F9FFF77FFE04230E
:1086C000054A11880B43138010BD0448FCF79AF942
:1086D000FAE7C046BF5801085C1C0020D3580108C7
:1086E00070B505000C00FFF769FE012D06D120686A
:1086F000FBF7E6FF80B2FCF771F970BD0123024A77
:1087000011780B431370F8E7D4040020F0B5464607
:10871000D6464F460400C0B58846002811D1FFF761
:1087200021FE04000120FFF71DFE314B02005B8F8C
:1087300021003048FCF766F91CBC90469946A246D9
:10874000F0BD2D4B994603284CDC0F683B783F2B3E
:1087500048D000239A46984203DD3800FCF7ACFC71
:1087600082460026012C04DD43465868FCF7A4FC31
:1087700006000025032C04D143469868FCF79CFCB6
:10878000050049463800FBF77FFF002806DB310073
:10879000FFF7AEFE0122194B1A70CDE718493800D9
:1087A000FBF772FF032802D8FDF744FFC4E7042853
:1087B00003D101220E4B9A72BEE7052802D10C4B61
:1087C0000022F8E751460020FFF792FE002E03D06A
:1087D00031000120FFF78CFE002DDBD0A8B2FFF79F
:1087E00071FED7E74A4606490648FCF76FFBA3E748
:1087F000501D0020305A010878670108B00400209D
:10880000946701083B5A010870B5084C051CA83450
:10881000011C2068F7F778FE002805D12423044ABC
:10882000256011880B43138070BDC046501D002089
:108830005C1C002070B5084C051CAC34011C206881
:10884000F7F762FE002805D12423044A2560118829
:108850000B43138070BDC046501D00205C1C0020DF
:10886000F8B557464E464546DE46E0B5244D061C53
:108870002B7D9A46032B0BD92249F7F74BFE002894
:108880003AD12149301CF7F759FE002800D01E4E7E
:108890002B0000242C331C701C4B2700994604230A
:1088A0005B424B449B46E3B298465346032B0AD99E
:1088B000042C08D05A460134A300311CD058F7F7D5
:1088C00029FE00281AD0002F03D02B0042462C335B
:1088D0001A702B0049462A002C331B7888329B00E3
:1088E000CB58301C2E671360FFF7A4FF3CBC9046AA
:1088F0009946A246AB46F8BD024EC9E70127D2E72A
:10890000501D0020CCBC8C2B003C1C46BC690108CF
:10891000FC2170B50C4C8905656F281CF8F792F99D
:10892000216FF7F737FE291CF7F7B0FF0BF084FD36
:10893000F8F75AFCF8F778FC291CF8F783F9206758
:10894000FFF778FF70BDC046501D0020F8B5404EBF
:10895000041C377D032F35D93E49F7F7DBFD00288E
:108960004AD13D49201CF7F7E9FD002800D03A4CD8
:10897000FE25AD053949201CF7F7E0FD002830D170
:10898000FE21201C8905F7F7C5FD002838D1032FEB
:1089900041D93249201CF8F755F93149F7F7FAFD6A
:1089A000F8F722FCF8F740FC2C49F7F76FFF291C79
:1089B000F8F748F97067FFF727FFFFF7A9FFF8BD41
:1089C000284CD5E72749F7F7B9FD0028F8D1264903
:1089D000201CF7F79FFD0028CAD0FE25224CAD05CC
:1089E000CEE71E49281CF8F72DF91C49051C201C50
:1089F000F7F74CFF041CBDE7FE25164CAD05BFE79D
:108A00001649281CF7F742FF1449051C201CF8F7EB
:108A100019F9041CB4E71549201CF7F78FFD00284D
:108A20000ED11349201CF7F789FD00280AD11149FE
:108A3000201CF7F783FD002806D1FE208005B6E74D
:108A40000648B4E70C48B2E78020C005AFE7C0464F
:108A5000501D0020132EE1299AF97944000020418D
:108A6000E5F2FF3E0000A041CDCCCC3DD200A040BD
:108A7000A30100404703803F0000A040F8B5002557
:108A8000704C0600A074A57205F0AEFD6577E57226
:108A9000FCF7EAFE6C4B6D4A1D6023009C331D60A1
:108AA000012311786A480B43137023002C331D7087
:108AB000FE222300920588331A6027002575FFF7F0
:108AC00045FF6448FFF7CCFE00200837F867A27C1A
:108AD000A5870D23032A00D0023B22002F321370FA
:108AE0000023220019002A3213705B4AA365E38336
:108AF0002362E3602382551C11701174E9772F35CE
:108B0000297429700133103529746032032BF2D196
:108B10002200524934320978137800294AD00121C1
:108B2000617349180B431370220000233532137010
:108B300022008C3210602200FF210832D1772200FF
:108B4000F2392E3211700731A16421000520220074
:108B50002D3108702000022129321370404A414D06
:108B6000A030E266A21C0560D38720000122E174D8
:108B7000E1823D493D4DA1612100A430E286E264DD
:108B8000626002220560032031310B70E387E365E8
:108B9000638637492387A3842365364BFF3260758C
:108BA000E16722816365864219D83000F7F716FB2A
:108BB0000538284306218B43B5E72F4B0020196861
:108BC000FFF796FC2D4B01201968FFF791FC3C2321
:108BD000A3873B3B6371802300229B00E250FDF79B
:108BE00069F9231DD867FEF781FB912000232B3400
:108BF00040002370FFF766FC0122214B1A70F8BD7C
:108C000020490220FFF774FC00210320FFF770FCCD
:108C100080231D4A9B00E250FF3BFF3BE376DEE7EB
:108C2000154B00201968FFF763FC144B01201968ED
:108C3000FFF75EFCCFE7230008222E331A7013499A
:108C4000DFE7C046501D0020580E0020D40400204D
:108C500000002041000020C1301E00206C0E0020CA
:108C600000007A444043DB190009040000E1F505E7
:108C7000000016C3A08601001C1C0020BC040020BC
:108C8000B00400208096980080841E0000A3E111AB
:108C9000912370B5144C5B0063872300134AA833FB
:108CA0001A6023000022AC331A6021002300012245
:108CB0000025B03134331A700A000D4BA58343CB25
:108CC00043C243CB43C243CB43C243CB43C29022B4
:108CD0002900520007480BF099FF2B34280025701B
:108CE000FFF7CCFE70BDC046501D002000002041A3
:108CF00014600108301E0020012210B5044B1A70C8
:108D0000044B9B7C834201D0FFF7B8FE10BDC046E8
:108D1000B0040020501D0020F0B5904C002321002D
:108D20004E4657464546DE4622002931E0B5BD3263
:108D30000B7021001370220007002A310B70C9321A
:108D40002100137001226371A387A38414337B4332
:108D5000834D8448EB18844E5B78A03185B06273F4
:108D60000860627232709946072B23D81800F7F713
:108D700035FA2304886C2AA4B1B10120FFF7BCFFA7
:108D800001204042FCF7DCFD0123637313337B4376
:108D9000EB18D968608F002380468C46734A98454B
:108DA0000CDC002333704B46042B00D19BE0072BD7
:108DB00000D19DE0002098E00020DFE760469900A8
:108DC00050500133EBE70020FFF796FF0020FCF73F
:108DD000B7FD1426012364217E436373638FAE19AC
:108DE00001935B089B460222B35E019A49425A43B3
:108DF00010009246F7F790FA0023BC465B4A5844AD
:108E0000984249DC8046642150466746F7F784FA69
:108E100000238344062F00D1554B029314235E4652
:108E2000BA467B43EB180393019BB34239DC5746A8
:108E3000142341465E467B43EB18DA684B4BB14244
:108E4000B1DA88001A500131F9E70020FFF754FF2A
:108E50002300012229331A70002363722300454A3C
:108E6000A03302201A60FCF76BFD22008123BC3284
:108E70005B0013802200C83213800522631DDA775D
:108E8000A7E70020FFF738FF0220FCF759FD012378
:108E9000E376A21DD3779CE73769990057500133D9
:108EA000AEE7324BB7009C46039B029918696744B2
:108EB000F7F7DEFF01363860B6E70020FFF71CFF4A
:108EC0002D4B2E4A00201A60FCF73AFD01232C4A54
:108ED0001370DEE70120FFF70FFF0020FCF730FDE5
:108EE000A31D0122CBE78420C005FDF70DF906E0A4
:108EF0000020FDF709F9230001222A331A7022000D
:108F00000226343213781F493343137001236373ED
:108F100013335F43ED19E868F7F73CFBFFF7A0FC5C
:108F200019496868F7F78EFEF7F71CFB010030005F
:108F3000FFF7DEFA1449A868F7F784FEF7F712FB8B
:108F400001000320FFF7D4FA06F052FF05B03CBC45
:108F500090469946A246AB46F0BDC046501D002043
:108F6000B86701084043DB196C0E00200C13002089
:108F7000000040409077DE19BC0400200094357753
:108F8000B00400200000204100247449F8B50C0012
:108F90001A4E1B4F022805D0320039001948FBF742
:108FA00031FDF8BD39002068FBF76EFB310005008C
:108FB0006068FBF769FB0400002DEDDB0028EBDBAC
:108FC00008F01CFA600040190328EAD8F7F706F900
:108FD00002080A100020FFF78FFE07F0DBFFE0E732
:108FE0000120F8E70220FFF787FE07F0C3FFD8E76C
:108FF0000320FFF781FE07F0C5FFD2E78056010886
:109000008C5701084058010810B5012803D10868A1
:1090100003783F2B03D10A48FBF758FF10BDFCF73C
:109020004BF884B2042CF6D820000AF079FD431CDA
:10903000F4D1002CF2D1034B987CFFF71FFDEDE734
:109040005D570108501D0020F8B52C4C0500237D0C
:1090500083423DD0206F03F0E1FD071C606F03F0F9
:10906000DDFD061C381C257503F094FD051C301C25
:1090700003F090FD237D032B2DD92149281CF7F700
:1090800049FA002825D11F49281CF7F757FA00286C
:1090900000D01C4D1C49281CF7F7F8FBFFF756FCC5
:1090A0001949606FF7F7CEFDFFF7DAFB637D9B0789
:1090B00001D503236375A37D9B0701D50223A37507
:1090C000124803F0ABFE2023114A11880B43138092
:1090D000F8BD0B4DDEE70F49281CF7F7B3FD0A4931
:1090E000F7F7D4FB0BF0EAF90749F7F7ABFDFFF709
:1090F000B7FB0548FFF72AFCD8E7C046501D002003
:10910000CCBC8C2B003C1C4600002041840E00206F
:109110005C1C00209A99993F002370B5114C051CE6
:109120002371237D032B1AD90F49606FF7F78AFD4E
:10913000291CF7F703FA002811D00B49281CF7F770
:10914000A5FBFFF703FC0849606FF7F77BFDFFF70E
:1091500087FB2023054A11880B43138070BD281C10
:10916000F5E7C046501D0020000020415C1C002097
:1091700070B50F4C237D032B01D900232371FFF71A
:10918000E5FB237D032B0DD90A49606FF7F75AFDE4
:10919000051C011C206FF7F7BDF9002802D0281C20
:1091A000FFF75EFB2023044A11880B43138070BD38
:1091B000501D0020000020415C1C0020F0B54E46F0
:1091C000DE4657464546E0B5040087B00E0001284C
:1091D0000AD10B681B783F2B43D1854B854A8649C2
:1091E0008648FBF70FFC35E000283AD1804634234F
:1091F0009946834DA9444B461B78012223411342D3
:1092000022D02B7D7F4A9B009B589B46631C9A462D
:109210002B00AC331868F8F791F82B00A833060040
:1092200018680F00F8F78AF8774B1A5D774B002A19
:1092300000D1774B029003910493009601975A4610
:1092400051467448FBF7DEFB4346002B02D1013444
:10925000032CD0D107B03CBC90469946A246AB4601
:10926000F0BD30680378303BDBB2092B0BD8FBF73D
:1092700027FA451E022DB0D8013C002C31DC012319
:109280002C009846B3E7012C00D095E05A49FBF733
:10929000FBF9002849DBFFF7D7FE04235E4A11885B
:1092A0000B431380D6E774685C492000FBF7ECF9A8
:1092B000002803D10122524B1A71EEE72000FCF77F
:1092C00099F8FFF755FFE8E7746854492000FBF769
:1092D000DBF90028EED02000FCF78CF8FFF71CFF2C
:1092E000DBE701239C4274D19B004D499859FBF761
:1092F000CBF9041ED1D19126F6006E43494B4A4F5B
:10930000F6183F4B0135984643465B8FA342C4DDB8
:10931000A300F058F8F712F82200009001912900FC
:109320003800FBF76FFB0134EEE700231D00DBE79D
:10933000012CB2DD4BE06068FBF7C2F9411E28004A
:10934000FCF796FFA9E760683849FBF79DF92C4BBD
:1093500001385D19434243412B739EE76068FBF778
:10936000AFF9411E2800FCF78DFF96E72F49606892
:10937000FBF78AF901220023AA40214952B2343175
:10938000CB56012802D113430B7086E79343FBE7CA
:109390006068FBF795F91A4B06005B8F834200DC8F
:1093A0001BE7A068FCF726F891235B005D431D4B8B
:1093B000AD19AD00E8504DE7022CB9D10D49FBF7CE
:1093C00063F9002800D16EE7012800D17CE7002373
:1093D0001D009C0006493059FBF756F9042800D9B6
:1093E000FBE63419F6F7F0FEA7AFBAC2D400C046C8
:1093F0006C57010844590108545C0108A65B010838
:10940000501D0020688F01085C1D00206D5B010865
:1094100045610108765B01085C1C0020E9530108E6
:109420008C5C0108840E0020865B01089F5B0108AC
:1094300070B505000C00012A07D02200290006485B
:10944000FBF744FD0120404270BD1800FBF71CF9FA
:109450000028F9DAF1E7C0464C58010810B50200BF
:109460000B6807480749FFF7E3FF012803D80123EA
:109470001840054B18720122044B1A7010BDC046EB
:109480000D57010897580108501D0020B004002016
:1094900010B502000B6807480749FFF7C9FF00280D
:1094A00006DBFDF7A7F82423044A11880B43138039
:1094B00010BDC046185A01089F5B01085C1C0020C3
:1094C00010B502000B6804480449FFF7B1FF0028FB
:1094D00001DB034B187010BDE15801089F5B0108C8
:1094E0002A0E0020010000200A78002A00D17047CF
:1094F0001300303BDBB2092B04D8000130381018C0
:109500000131F1E71300613BDBB2052B02D800010A
:109510005738F4E71300413BDBB2052BE7D80001D5
:109520003738ECE770B505000E00002803DC114861
:10953000FBF7CCFC70BD0868FFF7D4FF0E4B0400AE
:109540001A680E4B1A80022D0CD17068FBF7B4FD1F
:1095500080230006E4B2000C2043184329000AF0DF
:10956000C7FBE7E7C0B20AF0E1FB01000448FBF7E4
:1095700049FADFE7C05C0108F00C0020420500203A
:10958000E15C01081FB5084B084C1B6D20000093DF
:109590000023019302930393F8F77AFE69462000B3
:1095A000F8F76CFE1FBDC0462C03002034070020D6
:1095B00010B50B4C01280DD1086803783F2B09D05A
:1095C000FBF77AFD96235B00984200D218002065D5
:1095D000FFF7D8FF216D0348FBF714FA10BDC04612
:1095E0002C0300206E5C010870B5154D154B28004A
:1095F0001B605B60F8F7EAFE13492800F8F70EFFDE
:10960000FFF7C0FFFA20114C114AA36D80001340F0
:10961000A365F8F741FA0F490F48F9F70FF98023CE
:10962000A26D1B021343A365B5230C4A5B00D25CF9
:109630000B4B520700D42B000A4A136070BDC04682
:1096400040080020C81F002084510108005C004031
:10965000FF7FFFFF8C510108A40700202C0300208E
:1096600034070020C41F00200B4B10B51B78042BBF
:1096700008D1B522094952008A5C09481A4208D02B
:10968000F8F7E6FE0748F8F7D9FC0748F8F7D6FCE4
:1096900010BDF8F7E7FEF5E7A40700202C03002033
:1096A000400800205C0700203C0700200300002049
:1096B000F0B5D6464F46464694468246C0B58846E3
:1096C000164F17491C78002C1CD0202C23D0092CB5
:1096D00021D00E00222C01D13E000133604502DA78
:1096E000454684006351013080B234001D782278F1
:1096F000AA420CD001342278002AF8D101331C7818
:10970000002CF2D11CBC90469946A246F0BD002D1B
:10971000F8D052461A700133D4E7C04641610108BF
:109720004361010870B5114D05222900FFF7BEFF06
:109730000F4B80B21880052805D90E48FBF762F957
:109740000024200070BD041EFBD02D680A4C6088E8
:1097500023880004184301D10400F2E72900FAF736
:1097600093FF0028EDD00A34F1E7C046781F0020AF
:10977000C01F002092520108FC5C010870B5FFF781
:10978000D1FF031E57D002892F4C510703D52F4913
:1097900009787F292BD8D20729D572B69A88DB8819
:1097A0002B4D1B0413432B60042322781343237097
:1097B00062B6284B1C78E4B2002C13D12B68002B26
:1097C00010D0254E25493000F8F76EF9431C0AD118
:1097D0000134032C07DD2248FBF714F972B600238D
:1097E0002B6062B670BD2B68002BEBD1FAE700222C
:1097F00022701C4A1C4910889A88DB8801381B0497
:109800001343043198471948FBF7FCF8184B1B78B1
:10981000002BE7D001232370164B9B7C023BDBB26D
:10982000012B02D807F0FCF8DCE72623124A118846
:109830000B431380D6E70C4B10481968FBF7E2F88E
:109840000A48FBF7DFF8CDE7AE2A0020D404002059
:109850008C1F00206A2A0020C81F002050C300006F
:109860007A520108C01F0020781F0020C261010841
:10987000B0040020501D00205C1C00208C52010808
:1098800010B50400094B9C4208DD802109020848FC
:10989000F8F7ACFC074B9C466444F3E7012C00DC72
:1098A00010BDE1000248F8F7A1FCF9E7FF0F000046
:1098B0001407002000F0FFFF10B50400094B9C4284
:1098C00008DD802149010848F8F790FC074B9C46C9
:1098D0006444F3E7012C00DC10BD21000248F8F7D6
:1098E00085FCF9E7FF0F00001407002000F0FFFFE0
:1098F000F0B5DE46574645464E46E0B58FB0079078
:109900008B4692460993D74D002977D1D64B1B78C9
:10991000002B69D0FAF702FFFEF778F8A87CFDF774
:1099200013FAAB7C2820012B01D0A88FC0B20AF01B
:1099300073FDAB1D3E20185E0AF04AFDFDF794FA58
:10994000FDF766F8C94BCA4A00241A600122C94BC8
:109950002C661A70C44B6C661C708023AC66DB05E9
:109960005A6AC54B1A60FBF7A5FF82239B00E8509B
:10997000083BEE58070030009946F7F79FFCBF49B7
:10998000F6F7C8FD83239B009846A04200D1D9E199
:10999000EC504B46EC50B34CA37C012B00D9E9E1D1
:1099A000FCF7E0FDB64B1B78002B01D1FDF768FBFF
:1099B0000022B44B50461A60FDF784F8B24B188071
:1099C000079B002B10D0A37C012B0DD80423AF4A9A
:1099D00011880B4313802300983494331A6823684A
:1099E0009A4201D104F044FD9E4B1A6E01321A6670
:1099F0005A6E01325A669A6E01329A66994CA37C6D
:109A0000022B00D0BEE1230090331B68002B00D056
:109A1000BDE1230008330021D86FF6F775FD00285B
:109A200000D1B4E15B46002B04D1924B1B78002B94
:109A300000D0C5E1637D9B0715D5954BA57C1B78B0
:109A40001D4310D1237D032B0DD8924B9A4500D98D
:109A500029E35346092090495843F6F7D3FB010008
:109A60002800FCF78BFEA67CB31EDBB2012B00D9CD
:109A70001EE3E57D04232A009A43131E00D118E358
:109A8000E76E0021381CF6F73FFD041E00D00FE3FF
:109A9000824B391C1860824B18608248F6F7F6FE3C
:109AA000F7F7A2FB804B58330027DF5FAB1EDBB21A
:109AB0003F180194012B14D8033D6B425D412B00EC
:109AC000022E00D0F2E2794A924500D9AB1C784AC6
:109AD00059018A180192774A9B009B585246D31A23
:109AE0009A468023DB059946B8465D465D4A937CDD
:109AF000023BDBB2012B52D8D17D04200B00834303
:109B00004DD0664C2368012900D0DAE23C20105E7B
:109B1000694A9B009B58C01800D4CDE20020C0B217
:109B20000AF07AFC236801332360072B34DD00261A
:109B30005B4B5D4F1A682660511C19605837002333
:109B4000FC5E2300B43327D14B465A6A5B4B18683E
:109B5000121AFA20800082421EDD4846406A1860D0
:109B6000B423C8209C4680005043E044F6F7D4FB61
:109B70000722C31713401B18DB10E41A444424B215
:109B8000B44200DDB5E23C80474B583300229B5E77
:109B900000229844424B1A604046FFF78DFE484B26
:109BA0001B78002B06D02B002333FF33454A464950
:109BB0009B0099503222454B52421B8804935B1004
:109BC0005A4300230593424B069203930123049AC0
:109BD00013400B9302239B46049B224A5446012BBD
:109BE00013DD0B99069B002900D1193339490988E7
:109BF0004B43D17E012900D15B10002B03DA59427F
:109C00000024514501D853441C005946937C8B4392
:109C1000013B594259410891002D00DC6BE21300D1
:109C2000983294331968136800220292994200D145
:109C3000EEE200230B4A0D93937C002B02D0022B03
:109C400000D0ADE20899002900D0A9E2517A00299C
:109C500000D053E2A03212680D92024A002B00D0CD
:109C600095E239E0501D0020B0040020C804002017
:109C7000000016C3CC040020E01F002000401C455B
:109C80006C0E0020700E0020480E00205C1C00208E
:109C9000440E00205FE3160060E31600201C002045
:109CA0004C0E0020002474492C030020C0F4C00294
:109CB00054600108D4600108B0520108D81F002088
:109CC000500E0020840E00200000B4C2DC040020EE
:109CD00040EDFFFF040D00200999002900D10FE29B
:109CE00006323E21515E4A1C02D0A74B8A00D3584F
:109CF0000D9A1419E41A0D9400244B1C02D0A24AA8
:109D000089008C58A14B1A002932127852B2002ACD
:109D100000D045E2DB7C0132134200D140E20D99D4
:109D2000091B0120FCF754FF984B994A9B7C127841
:109D3000134300D04AE2974B9C4200D890E22300A4
:109D4000954A33E2954B9E4205D842460121A950DF
:109D50004A46AB501FE6B74209D2698FF01BF6F7AF
:109D600051FA4346E85082239B00EE5013E64346E7
:109D7000E85010E6FDF7CCF9B422894B5242583333
:109D80001A801DE6002B0DD1E37A002B0AD00122A8
:109D9000844B1A805B46002B00D091E00221824860
:109DA00009F0A6FF230090331B68002B08D1230085
:109DB00008330021D86FF6F7A7FB002800D031E662
:109DC000A37C022B00D003E123000833DE6F0021C7
:109DD000301CF6F7B3FB002878D0FC21301C890535
:109DE000F6F7D8FB061C5846F7F71EFA071C688FD3
:109DF000F7F71AFA011C381CF6F748FD0435311C38
:109E0000F6F720FFE96FF6F7C5FB011CF6F7C2FB7A
:109E1000F7F7EAF9F7F708FAFC218905F6F712FFD8
:109E2000051C5046FCF74EFE604B1880F7F7FCF916
:109E3000F4218905F6F706FF291CF6F7ABFB5C4D0C
:109E4000061C011C2868F6F75FFB002800D00AE614
:109E50002E60FCF72FF8011C301CF7F709F8504B67
:109E6000061CFC33996F5348F7F702F880231B0652
:109E7000051C311CC018F6F761FB002805D0301C0A
:109E8000291CF6F787FB061C01202300C1212A3379
:109E900018700906301CF6F751FB002865D04649BA
:109EA000301CF6F74BFB002863D04449301CF6F712
:109EB00045FB002860D000270B25414B984618E051
:109EC000012B00D06EE702213E4869E70021301CDB
:109ED000F6F720FB002886D0FC21301C8905F6F718
:109EE000C7FF7FE74346013DE8560338F7F79CF983
:109EF000071C3549301CF6F74DFB391CF6F70AFBF9
:109F0000002801D0082DEDD1391C301CF6F7B0FF28
:109F10000021061CF6F712FB002830D12B49301C1B
:109F2000F6F7F8FA002800D0284E8023FA211B0605
:109F3000F0188905F6F79CFF011CF6F72BFBF7F7E5
:109F400053F90027174EA0872800378009F026FF15
:109F5000230037802A331B78BB4212D0FCF7E4FE83
:109F6000A08FC0B20AF058FA64E5C12708253F0661
:109F7000A3E7114F0925A0E7104F0A259DE700260A
:109F8000D3E7FCF7C9FEEBE74C610108501D002048
:109F90006C0E0020005A6202001C4E0EB80B00002E
:109FA0002C030020420500208D1D0000480E0020DB
:109FB000C80400200000E8410000A0C0000040C02C
:109FC000446001088D1F00000000E0410000FCC15A
:109FD000032B00D02EE5231DDD6FFBF76BFF011C6B
:109FE000281CF6F745FFBC4E071C3300FC33996F65
:109FF000BA48F6F73DFF802381461B064B44180004
:10A00000391CF6F7A5FAB64B0125984623002A33EA
:10A01000002840D01D70381C4946F6F7BBFA43466D
:10A02000071C1D80FCF780FEFBF744FF0B2201900C
:10A03000A37C9146032B01D10A3399460825A94BED
:10A04000E856F7F7F1F801998046F6F711FF391C49
:10A05000F6F760FA002801D04D4522DBB16E40468C
:10A06000F6F798FA23002A331B78071C0021002BEF
:10A0700005D0FC36B16F9948F6F7FAFE011C381C82
:10A08000F6F7F6FE0122261D954BF06728001A8090
:10A0900009F084FECEE4187043461D80FCF73CFEB8
:10A0A000C2E70135CBE729000120DAE48E4A0BE54F
:10A0B000002301931F0014E53F2800DC2FE53F201B
:10A0C0002DE5019A002A00D12CE50121844A9B004C
:10A0D0001180019A03219B58C02218129202000499
:10A0E0001B0610401B0C1843F323184309F000FE15
:10A0F00018E53E8048E5002302939AE57B4AABE5EC
:10A100000121931DDB7F0B422BD0D37C022B16D178
:10A110000D9BCB40A34202D80D9BA3420FD2744BA0
:10A120001B78002B03D0734B1B78002B03D1029BB1
:10A13000002B00D1E6E503226F4BDA74E2E56C4BAD
:10A140001B78002B03D06B4B1B78002B03D1029B99
:10A15000002B00D1D6E5694A0D9B944663440D93CC
:10A16000D0E52000FCF756FF00280ED0644B0D937D
:10A170005F4B1B78002B00D1C4E52B002333FF334A
:10A18000604A61499B009950BCE50D9BE7E7D27D91
:10A19000042A02D10D9A12190D92022B00D1B1E5B9
:10A1A0000D990919BDE559498C4663449342FAD883
:10A1B000574A934250D8574A934251D8564E336823
:10A1C000002B03D1FCF780FF012333600D9B002B94
:10A1D00003D00D990020FCF7FBFC474EB37C023BFB
:10A1E000DBB2012B02D8C820FFF74AFBB37C012B5E
:10A1F0000ED890363368002B05D1002D08D1474B7F
:10A200001B78002B04D02000FCF75CFC444B18802A
:10A21000059B2B4303D14B465A6A424B1A60364B7F
:10A220009A7C023AD2B2012A22D8079A002A04D094
:10A230003D4A1278002A00D00CE1012D00D009E13E
:10A24000D87D0423984300D050E40FB03CBC904626
:10A250009946A246AB46F0BD34498C466344A8E714
:10A260002D4E3368002BB1D0FCF70AFF0023ACE77A
:10A270001A00903212682A430AD101219A1DD27F16
:10A280000A40197E0A4355D01B4E337E002B75D1F0
:10A290005B46194E079AB17C2000994301394B4225
:10A2A000594109F0CDFFB27C0300012A00D9ACE08E
:10A2B00001210636F27F0A4200D1A6E00C4A12784C
:10A2C000002A00D0A1E0029A194B002A00D08FE0AA
:10A2D00018800B0010E7C0462C0300200000E84166
:10A2E000420500204460010800389C1C4043DB19F3
:10A2F000500E0020510E0020501D002020A107000C
:10A300008050DE19840E0020000070C200E4B1F11C
:10A31000006CDC02FF2C3101700E0020CC04002008
:10A32000480E0020D81F0020AE2A0020009423FDF4
:10A33000CE040020484A1268002AA9D1DA8E012AE8
:10A34000A6D180218900454A5B589342A0D8444B4E
:10A350001B78002B03D0C8204001FFF791FA5B4621
:10A36000404E0021B07C903698430138434258411A
:10A3700009F0B0FE3368002B86D089E78421F06FA6
:10A38000C905F6F75FFC384BB77C0A900020185ED1
:10A39000F6F74AFF011C0A98F6F76AFD334B0A905C
:10A3A0000020185EF6F740FF011C0A98F6F760FDE2
:10A3B000F6F71AFF00B20011C0B20CABD870B27E33
:10A3C000D978043A5042424158468743013F737E50
:10A3D000C9B27842784109F0C5FD337E022B02D123
:10A3E0000320FCF75DFA4B465A6A214B1A604FE78F
:10A3F0001A88131C12B2824200DD031C5846194A07
:10A400001BB2D17C014200D0D0746A460399928974
:10A41000994200DA1A1C13B20393059B013305938A
:10A42000079B002B03D0134B1B78002B08D1069BF6
:10A43000059A32330693049B934201DDFFF7CCFB70
:10A44000094B1888094B1B88C018039B9C46604425
:10A4500000B2FAE60020F8E6480500209F860100D9
:10A46000CC040020501D0020460E0020480E002085
:10A47000D81F0020AE2A0020F0B54546DE465746DC
:10A480004E468022E0B5002591B0B94B0A901201EA
:10A49000B8485A830178B84A0F931560B74CA9425F
:10A4A0004DD0B74B03201D70FDF75CFFB54AB64B8E
:10A4B000904240D801221A700495A37C012B54D9F4
:10A4C000230090331B68002B4FD108340021E06F2C
:10A4D000F6F71AF8002848D00023029300230D93C2
:10A4E00008930793A94B06930E93002305938122AB
:10A4F0000021A24B920099508023DB059B468422C9
:10A500009E4B92009C58002C0ED002345B462100DA
:10A51000586AF5F7FDFE0029F8D05B462100586A1D
:10A52000F5F7F6FE0029F8D1994B0093994B9A461E
:10A5300000231E00F4E1984A1D701570BCE7A37C4F
:10A54000012B02D900230493B7E7230090331B6843
:10A55000002BF7D08A4A13780133DBB21370322B09
:10A56000F0D9012311700370EDE705F085F800289C
:10A57000B2D105F07DFF43424341AEE70022874B55
:10A5800029341A702423FF3373439946B0B2FDF780
:10A5900021FA00230200E356310005000A98FFF774
:10A5A000A7F9F6F741FEF4218905F6F74BFB049B6A
:10A5B0000390002B02D00022794B1A700A9B002BCB
:10A5C00020D0784B1B78002B1CD00025029BAB427F
:10A5D00010D0822269499200734B8A589A4209D955
:10A5E000280008F05DFF912201235200E7211E2080
:10A5F00008F014FE280011B03CBC90469946A246D3
:10A60000AB46F0BD694B1B78002B46D15B4B9A7C67
:10A61000012A42D102215A7D0A423ED01A7D032AE4
:10A620003BD8996F0398F5F7B5FF071CFBF718FDAA
:10A630005F49F6F71DFC391C8046F5F76BFF0028D3
:10A6400008D0391C0698F5F765FF002802D0069758
:10A650000E970595391C4046F5F770FF002801D08C
:10A660004A4B0693059B002B00D17EE0ED1A514B1F
:10A670009D427AD80E995048F6F7FAFBFA218905DF
:10A68000F6F7E0FAF6F7B0FD4C496843F5F7BAFD86
:10A69000010000201031FCF771F88122374B920045
:10A6A0009A580192002A10D18322920098580028CB
:10A6B0000BD09A7C012A02D9DB7D002B05D1404BBF
:10A6C000984200D988E0FFF7DBF882225B462B49ED
:10A6D00092008F58344A5B6A974201D900F060FFBC
:10A6E0000299002933D037490F68DF1B64235F4389
:10A6F00097422CD907233340984628D11F4B484610
:10A70000598FF5F709FE05000F2008F0C9FE012357
:10A710002A00E7211E2008F081FD404608F0C0FE17
:10A720009122280052000123521B1E30E72108F01D
:10A7300075FD254B9F420AD9244802F06FFB9123F7
:10A74000234A012011880B43138003F085FC214B21
:10A750001B78002B65D0114B1A78002A5FD1524626
:10A760000399116001221A7010E70021012092E77D
:10A7700000040048B0040020201C0020501D0020D0
:10A78000DC1F0020DF930400440E0020000016C3ED
:10A79000080D002094170020D41F0020510E002027
:10A7A000CC040020AE2A002040420F006C0E002096
:10A7B00000005C427F841E000000C8C180841E002F
:10A7C0002F750000D81F002080969800840E00206E
:10A7D0005C1C0020500E0020FA218900F5F712FDC4
:10A7E000CC4BFA2705009846BF002800642D00DDF9
:10A7F000642043465843C84B39009C466044F5F7F3
:10A8000001FDF7F749F90A9B002B04D0C34B1B78D5
:10A81000002B00D0D9E6643D002DE6DC55E7002290
:10A820001A70BF4B9A7C012A73D80399D86FF5F739
:10A830007BFE002801D001230D93D146B246B30020
:10A840000B93B74BB74F0993B74B01933B78002B52
:10A8500050D1FB78039C002B05D04B46201C196877
:10A86000F6F706FB041C7A7D002A10D09123013AEA
:10A870005B005343AC4A53449B009958201CF6F7A5
:10A88000F7FAA74B8C331968F5F784FE041CA74B25
:10A890001B78002B0ED0692009F048FA1F230340D3
:10A8A00003205843079B5A38984202DD089B013326
:10A8B000089307909E4BB87C1B78002B12D1002880
:10A8C00015D00138062815D8019A0B9B944663448D
:10A8D0001D00F5F78DFCE000E900EE00090115010F
:10A8E00049015D01032802D10022009B1A700B9BD5
:10A8F000019A9C509122D2009446099B013704335F
:10A900000993019B634401938A4BBB429ED15646F7
:10A91000CA46009B01360133009304239C46E2445F
:10A920007F4C638FB34200DD28E6A37C023BDBB2A1
:10A93000012B07D8E37D002B04D07F4B1B78002B25
:10A9400000D1DCE5237E002B0DD02200903212686E
:10A95000002A08D00D9A002A00D1C8E5022B02D1A6
:10A960000320FBF79DFF029B002B0FD08222920059
:10A97000724BA2589A4209D9002008F091FD912209
:10A9800001235200E7211E2008F048FC8120644A80
:10A99000800013580093002B08D180236849DB0501
:10A9A0005B6A09685B1A64214B4313508221812240
:10A9B0005B4B9200890058589B58C21AD417121941
:10A9C0006240D200904204D206225E4804882243AC
:10A9D00002808022524C9200A0586350834200D8DB
:10A9E00020E18327BF00E659002E1ED0181A618F80
:10A9F000F5F708FC0500864200D810E1361AE6514A
:10AA0000514B1B68002B0ED004234E4A11880B4378
:10AA10001380434B1A009833943212681B689A4291
:10AA200001D103F025FD484B1D60414B1A78002AE7
:10AA300006D000221A700423424A11880B43138067
:10AA4000374CA37C023BDBB2012B04D83F4B1B7875
:10AA5000DB0700D54BE53E4B9B465A463D4B13600A
:10AA6000354B1D786B425D413B4B6D0000930C23D1
:10AA70009A46230034331B7801222B41134200D124
:10AA800058E1364B1B78002B00D1DAE0954200D01C
:10AA9000D7E00025EDE7211C1868F5F74FFD0028E9
:10AAA00000D127E72C6025E7211C1868F5F732FD57
:10AAB000F5E71E68211C301CF5F72CFD009B0028D3
:10AAC00002D000221A70EDE7154A1B78926C93426F
:10AAD00006DDFC21301C8905F6F7CAF9286009E774
:10AAE000009A0133137005E71D491868F6F7AAF8B4
:10AAF000211CF5F74FFDFA218905F6F7A3F8EDE7DC
:10AB000018491868F6F79EF8211CF5F743FDF62161
:10AB1000F2E7C04610270000E7030000AE2A00203D
:10AB2000501D00205C1D0020840E0020440E0020DB
:10AB3000CC0400205F1D00206C0E002040420F005E
:10AB4000D81F00205C1C0020740E0020D4040020BC
:10AB50003C1C002000002AC30000C842690E0020EF
:10AB60000000404000007041099B1E6E701EF6F709
:10AB7000A5FB2968F6F766F8211CF5F70BFD041C08
:10AB80003000F6F79BFB011C201CF5F77FFEA5E7C4
:10AB9000C94B1A0090321168C84A00292DD151467C
:10ABA000002907D1C6495B8F8C46019963449B00FD
:10ABB0005B581360C14B211C1E689846301CF5F78A
:10ABC000A9FC00281BD0BC4BDB6C0C93012B16DDC1
:10ABD000311C201CF6F74CF9041C0C98F6F724FBEA
:10ABE000011C201CF5F752FE311CF5F7D3FC43463F
:10ABF0001860B24B1B682B607CE62B68D9E7211CE0
:10AC0000301CF5F79BFCAD4B9846002804D0AA4BAE
:10AC10009B6C0C93012BDBDC43461C60E9E70023B3
:10AC2000E351EDE60025834200D3E9E6C01A618FC7
:10AC3000F5F7E8FA83229200A35805001B18A350E9
:10AC4000DEE691270026A846FF006F439D4BFF18C4
:10AC5000638FB3422BDC9C4B45461A8898469B4B2E
:10AC600099469B4B002A37D149461A680A804246CA
:10AC7000012111801E68002E13DDB300DF595B46F1
:10AC8000381C1968F5F75AFC00280AD0914BB0B26D
:10AC90001E605B461F60FCF79DFE8F4B18608F4B5C
:10ACA0001D60A37C012B45D80026370033E031001E
:10ACB0003800FDF7DBF8B300FD588949281CF5F78B
:10ACC0003DFC002806D00099281CF5F723FC00283D
:10ACD00000D000950136BBE74A4612881A60C9E7E2
:10ACE00001360C33032E15DC5A78002AF8D02021C7
:10ACF0001A780A42F4D0DA78AA42F1D1534649468A
:10AD000073437A008A5AE318B43330001A80FCF790
:10AD100077FF0136013743461B88BB4204DD5346AB
:10AD20007343B033E318DDE757467743B037E7198D
:10AD3000032E6CDD013D00D39BE6A77C012F77D06D
:10AD4000684B1B78002B00D1DEE0631DDD7F012DF9
:10AD500000D099E22600B4360022B35E0A2B00DC54
:10AD6000C2E30C239946604B98463088FCF732FECC
:10AD700001006F1CBA0028007943FCF7B3FF4B4673
:10AD800042467B433D00D054042FEED1631DDB7F50
:10AD9000102B29D1258F668FB54225D22800F6F7D2
:10ADA00043FA5249F5F74EFF071C3000F6F73CFA1C
:10ADB000011C381CF5F76AFD011C4D48F6F758F8E0
:10ADC000011CF5F7E7FBF6F70FFA0123494A637315
:10ADD00013702B005A4623331168FF33394A9B0006
:10ADE0000135A0879950258780230F9A1B01138373
:10ADF000414A01251378002B01D1FFF7FBFB3434C6
:10AE000021780B43237000231370FFF7F3FB7B784B
:10AE1000002B0AD020223B78134206D0FB78AB42AD
:10AE200003D100213000FDF7D5F801360C377FE75C
:10AE3000A379002B84D02300903319682F48F5F7AD
:10AE4000E1F9032800D87BE7638F1E4E1B1A8000B0
:10AE5000861940420193031D9846B946BA46019BA4
:10AE60004B4501DC57466BE74346F5582449281CFF
:10AE7000F5F764FB002819D02249281CF5F7F8FFE4
:10AE80007768011C381CF5F745FB00280ED03568A3
:10AE9000381C291CF5F752FB002805D1B168281C85
:10AEA000F5F738FB002801D07560B56001239C469A
:10AEB0000436E144D3E7C046501D0020C004002002
:10AEC000FFFFFF3F840E00204A0E00207C0E002072
:10AED000441C0020381C0020341C0020401C002092
:10AEE00000002EC36C0E0020F51D00200000F04174
:10AEF0000000E841B0040020520E002050981C00D1
:10AF00000000A0C20000C841002F66D16379002B69
:10AF100067D023002A331F70CA4B1A68002A22D038
:10AF2000C94B196891235B004B439B18C74A9B0090
:10AF30009D58FBF795F8011C281CF5F799FFF6F7CB
:10AF400053F9F6F771F9A16FF5F724FBF6F74CF911
:10AF50000300193309DA3C23E25E00239A420DDD37
:10AF6000030019330AE0BA48EDE702000023193262
:10AF700004D03C23E25E00233B2AF1DD8022B54968
:10AF8000D2050868526A121AB348824229D95A1D5A
:10AF90000A2A26D9A28F5B00D3181BB2002B55DAE0
:10AFA0000023A3878023DB055B6A0B60FBF758F85F
:10AFB000F6F71AF94000C0B209F02EFA0423A74AA6
:10AFC00011880B4313800022A54B1A80FBF7CAFAA5
:10AFD000A44B1B78002B00D0B7E6A37C012B00D933
:10AFE000B3E60222637D134048D0974B1A68912341
:10AFF0005B005343934A12689B18944A9B009D58E8
:10B00000FBF72EF8011C281CF5F732FFA16FF5F7AE
:10B01000C1FAF6F7E9F8237D0500032B07D90300F1
:10B02000002108002C3300DA0120FBF7A7FB8E4B30
:10B030001B78002B19D08D4B1A78002A0AD028359E
:10B040000FDA00221A70002101200CE03C2BA8DD51
:10B050003C23A6E7089A142AF5DD2835F3DB012204
:10B060001A7010210020FBF789FB7E4B1B78002B08
:10B0700000D06AE6A37C012B02D966E67B4A1370F6
:10B080002379002B00D160E65B46186801F082FD51
:10B09000616F061CF5F7FAFB237D051C032B58D9BD
:10B0A000236F7349181C9846F5F748FA714F00282A
:10B0B0001AD08021281CC905F5F72CFA002809D0E0
:10B0C00005236B493B70301CF5F724FA002814D097
:10B0D000674E20E08121281CC905F5F71BFA0028DE
:10B0E00026D03B7801333B703B78042B21D9604953
:10B0F000301CF5F70FFA002829D15F49301CF5F70D
:10B100001DFA002800D05C4E311C4046F5F7FCF9D2
:10B11000002800D019E65949301CF5F7B7FBFDF7B8
:10B1200015FC5649606FF5F78DFDFDF799FB0CE6B0
:10B13000387051494046F5F7EDF9002800D104E692
:10B140004E49281CF5F7FAF90028D0D1FDE5484E04
:10B15000DAE7009801F01EFD676F391CF5F796FBE2
:10B16000236F391C8046181C9946F5F78FFB43491D
:10B17000061CF5F77DFE291CF5F7E0F900280FD134
:10B18000311C4046F5F7DAF9002809D18021301C3E
:10B19000C905F5F7FFF9291CF5F7BCF900281FD000
:10B1A0004146281CF5F764FE8221C905F5F7B2F97E
:10B1B00000280CD032494046F5F7ECF9FE2189050C
:10B1C000F5F7E8F909F038F9011C381CABE7281C41
:10B1D00009F032F9FE218905F5F7DCF9391CA2E7FF
:10B1E000FC21301C8905F5F743FE291CF5F792F97F
:10B1F000002808D12249301CF5F73AFE4146F5F700
:10B2000089F9002804D04946381CF5F7C3F98CE7C2
:10B210001C49301CF5F72CFE4146F5F78FF9002844
:10B2200000D192E5FF21301C8905F5F721FE291C8C
:10B23000F5F784F9002800D187E5391C4846F5F771
:10B2400017FE72E7381C0020401C0020840E0020EE
:10B250000000C8C2E01F0020102700005C1C002076
:10B26000420500206C0E0020440E0020D41F002058
:10B27000CCBC8C2B780E0020003C1C4600002041EA
:10B28000CDCC0C419A992141022D33D12300B43306
:10B2900000229B5E0A2B00DCA6E52200C0320025BE
:10B2A000555F0A2D00DC9FE51900AB4201DD290046
:10B2B0001D0009B20020FCF78DFE29B20120FCF729
:10B2C00089FE2300B8331E682300C4331D68710053
:10B2D000491B0A220220FCF705FD23006D00C9333B
:10B2E0001870A91B0A220320FCF7FCFC2300D533AD
:10B2F00018704BE5032D16D12300B43300229A5E5B
:10B300000A2A00DC70E5A37C92B259424B415942B3
:10B31000A74B01201940A74B9C466144511809B224
:10B32000FCF758FE32E56B1FDBB2012B02D9082D6A
:10B3300000D0A9E02300B43300229B5E9A460A2B7A
:10B3400000DCA1E0668FA946B60873009B19009344
:10B35000994B9A4F9846009B9E4217DB4D46062D0F
:10B360001FD1974B40461968F5F714F98046002520
:10B370006E1CB3004146F858F5F7CCF800281BD1F5
:10B3800029B20120FCF726FE2E0018E0B300FD587C
:10B390004146281CF5F7D2F8002800D0A84601360F
:10B3A000D9E7884B1B78002B04D187494046F5F735
:10B3B0005FFDDBE78549F9E73500B245D8DC2300BE
:10B3C000B43300229B5EB1469A46658F013DAA4583
:10B3D00025DA6E1EB300F8584146F5F79BF80028B1
:10B3E0001BD129B202304E46FCF7F4FD7219D30F7F
:10B3F0009B185B10991BCA0F5218EB1A5210961922
:10B40000DA0FD3185B10ED1AAB1B98460B3B582B89
:10B4100025D96F4B6F4A1A60B8E43500D7E74E461E
:10B42000E4E7AB00F958F5F7B5F801354D45F8DD1F
:10B43000824640460130F5F7F7FE4D46011C814635
:10B440005046F5F723FA002382469846AE420CDDBB
:10B4500049464046F5F71AFA5D4B186096E400231A
:10B46000181C2B0035009946E0E7B300F858514608
:10B47000F5F7FEFC011CF5F7E5FB011C4046F5F76E
:10B4800089F801368046E1E7072D2AD1637D053D25
:10B490002B4200D1A8E4504B1A6891235B00534320
:10B4A0004E4A12689B18AB40444A9E58FAF7D8FDA2
:10B4B000011C301CF5F7DCFCA16FF5F76BF8F5F714
:10B4C00093FE0300133304DB6575A575FBF776F96E
:10B4D0005CE403232D3002DA6375A375F6E7657526
:10B4E000FBE70E2D00D951E43D4BEB4001259D4378
:10B4F00000D079E40320FCF735FF0321F4F782FE46
:10B500000190237DA84600930623237500239A46C5
:10B51000344E53463360608F0321F4F773FE454683
:10B5200087B27D43AD00A9460025244B9944BD4216
:10B530002ADB0198F5F7C2FE2B4B051C1888F5F79E
:10B54000BDFE2A49F5F77EFB011C281CF5F79EF984
:10B550003168F5F777FB051C3800F5F765FE011C2F
:10B56000281CF5F793F901C601F058FB43469A00F1
:10B570001F4BD05001239C46E0444346032BC8D1C7
:10B58000009B2375FFF702FC4A46AB00D05801F040
:10B5900001FB011C3068F4F7FDFF01353060C6E7A0
:10B5A000029B002B01D0FFF7A5F8FFF7D0F8C046AB
:10B5B0009000FFFFB8FF0000000048C3840E002089
:10B5C000342B00206C0E0020000040400000C040E2
:10B5D000540E0020000080BF401C0020381C0020BA
:10B5E000106C0000380E0020040D00200000C8423E
:10B5F0002C0E0020F8B5CE46474680B50400F9F77A
:10B600003BF8142060432C4B2C4CC35C2C4F002087
:10B61000092B4ED1FEF730FF002332269846658F66
:10B62000B54207DDB3004046F958F4F7B3FF0136E1
:10B630008046F5E728003238F5F7F6FD011C404654
:10B64000F5F724F90021F4F7A5FF81460020FEF765
:10B6500013FF002332269846658FB54221DC28006F
:10B660003238F5F7E1FD011C4046F5F70FF9494680
:10B67000F4F790FFFC218905F5F7E4FA114B186007
:10B6800002233434227838001343237001F0C6FBC0
:10B6900003230D4A11880B4313800CBC9046994636
:10B6A000F8BDB3004046F958F4F774FF0136804600
:10B6B000D3E7FEF7E1FEE3E7B8670108501D00207D
:10B6C000840E00203C1C00205C1C0020F0B5464687
:10B6D000D6464F46204BC0B5204F8600F35100237D
:10B6E00098460A23002401259A461D4BA200D058F3
:10B6F000FAF70AFD52461B4B1720DA86FFF77AFF4E
:10B70000172000F037F8621C174B9146002C03D12C
:10B710001B6814009846E8E741461868F5F7A8FB4F
:10B720001249041CF4F700FF002813D1FF21201C4C
:10B730008905F4F70DFF00280CD14C46072CD4D115
:10B74000012D01D10A4BBB5128001CBC90469946E3
:10B75000A246F0BD0225F0E7D8690108E81F0020E5
:10B76000D0520108501D00203C1C00200000C0BF2A
:10B7700045610108F8B514231A0057464E46454660
:10B78000DE464243E0B5504E0400975D820090468D
:10B79000092F00D97FE03800F4F720FD195F5866C3
:10B7A00019057D6A736E6343F318DD680021281C58
:10B7B000F4F7AAFE002807D0444B00211D68281C7E
:10B7C000F4F7A2FE002802D1281CFAF731FE404906
:10B7D0002000FBF7F3FE3D4B05009A4601282BD1D4
:10B7E0003C4B64215D8F9B4614236343F318022274
:10B7F0009B5E4942180068439946F4F78DFD6D0839
:10B80000421900212000FBF76DFF050001280FD130
:10B810005B4648465D8F64216843F4F77DFD690807
:10B8200041182A002000FBF75DFF050001282CD0FD
:10B830004146294B294A5A5000235246136001229F
:10B84000274B1A602EE00023524623E02000FCF72D
:10B8500031F805000128F2D11DE01E4B00215A8F5E
:10B860002000FBF73FFFF4E72000FBF791FFF0E734
:10B870002000FFF72BFFECE74146174B194A5A50BF
:10B8800009E02000FCF700F8E3E7042FDBD1524683
:10B89000154B1B681360142301345C43335D012591
:10B8A000062BCCD04246114B01209D502423104A38
:10B8B00011880B43138002F0CFFB28003CBC90465C
:10B8C0009946A246AB46F8BDB8670108B0200020F3
:10B8D00000002041501D0020E81F0020A869010839
:10B8E000B4200020456101083C1C00204C200020B1
:10B8F0005C1C0020F0B50023D6464F464646744CEB
:10B90000C0B5744DA367002800D0D7E0724A2B68F9
:10B910009046002B38D0714B1A681423534342468B
:10B92000D35C062B00D196E086239B00E2181368B7
:10B930005268134300D08EE0012300272B6007F0EC
:10B940006FFBB84200D18CE0644A13680133136086
:10B95000142253434246D35C062B06D086239B0019
:10B96000E21813685268134349D0002F00D08AE0D0
:10B97000152007F089FDCA223221594807F048FEF8
:10B98000D7223221574864E0237F002B01D002F0F8
:10B990002BFE0020FDF772F801230021524A080017
:10B9A0001370524A0527137005F02AFF0023504AEE
:10B9B000180091464F4A504E92463A005A439446D8
:10B9C00042466146525C062A06D04A465146985184
:10B9D00099500433602BF0D10121484B00271960A6
:10B9E00086239B00E3181B683C4A1360BB4206D0C9
:10B9F00002DA0F005B4213601368013B1360374E9D
:10BA00003068FDF789F93068FFF7F4FD33681800F6
:10BA10009946FFF7AFFE384B9A464B4652469B007D
:10BA2000985033689946022B20D1354B3549186818
:10BA3000F4F770FD002819D00C231420336007F0B0
:10BA400023FD8C221E21304807F0E2FDD222002186
:10BA50002E4807F0DDFD01232B6007F0E1FA0028F6
:10BA600011D11CBC90469946A246F0BD4B465246A9
:10BA70009B00D358012B00D166E7002F00D15BE774
:10BA80000022234B1A600122224B1A708622920058
:10BA900094460023644406CC2B600A431C009A425F
:10BAA00001D107F0BFFC104B00201C700F4B1C7025
:10BAB000FCF7E4FF01204042F9F742FF00230F4A60
:10BAC0002B601360084A13700122124B1A70C8E7EA
:10BAD000501D0020B4200020B8670108AC200020D1
:10BAE000AF6101085C5301086C0E0020690E002054
:10BAF000E81F0020456101084C200020D01F0020D5
:10BB00003C1C0020000070C26B61010880610108CC
:10BB1000341C0020D4040020F8B54546DE465746C4
:10BB20004E46E0B5554CFA27638FBF009946FBF7A8
:10BB300003FF0023524D2B700A3398460026B2466D
:10BB40000020FCF79BFF0020F9F7FAFE4D48FAF7BA
:10BB5000DBFA4D490220FCF7CBFC4C490320FCF7F3
:10BB6000C7FC4346E3864A4BA3652B78002B08D0DD
:10BB7000012B08D122002A3213705246454B1A601D
:10BB800001E0444A136006210020FAF77BFD0D20F6
:10BB9000FFF730FD0D20FFF7EDFDFBF7D9FE2B7809
:10BBA000002B31D13C4B3D491868F4F7B3FC002819
:10BBB0002AD0142007F068FCC8221E21384807F05C
:10BBC00027FDDC221E213748002407F021FDF0224A
:10BBD0002821354807F01CFD07F01CFA07F022FC6D
:10BBE0004846FCF76FFC314B20001C70FCF746FF09
:10BBF00001204042F9F7A4FE2D4B1C603CBC90464E
:10BC00009946A246AB46F8BD2A4B1B78002B12D1B1
:10BC10002948FAF70DFC8346FBF79AFE3800F5F742
:10BC20003BFF26495846F4F789FC002805D1013628
:10BC3000022E08DC84E72248EBE722495846F4F755
:10BC400069FC0028F3D02B780133DBB22B70012B79
:10BC500000D873E702230022E3741B4B01211A7002
:10BC6000B4231A4A5B00D15407F0AEFE152007F04A
:10BC70000BFCDC2228211648A6E7C046501D0020F8
:10BC80002B0E00200000204180C3C901404B4C0016
:10BC9000B80B0000580E00203C1C0020000070C2B1
:10BCA000EC520108035301085C5301086C0E00209C
:10BCB000B4200020680E00200000C8C1CDCC4CBECE
:10BCC0009A99D1C1CDCC4C3E6A0E00202C030020A5
:10BCD00022530108F0B5DE4657464E464546E0B5CC
:10BCE000070085B000200E00FCF73CFB0120FCF7AC
:10BCF00039FB624D6B8F0393002F57D0012F18D162
:10BD00003068F8F7DDFC04000123994600239846CB
:10BD1000F8F7B2FC4B460120AB72FEF7ADFB434691
:10BD2000013CAB72002CF3DC042F41D0039B6B87EA
:10BD300005E0BB1E022B09D95148F9F7C7F805B039
:10BD40003CBC90469946A246AB46F0BD3068F9F738
:10BD5000B3F980467068F9F7AFF904004948A04587
:10BD60000AD8022F0CD0B068F8F7AAFC2223421E92
:10BD7000FF339A4203D94448F8F744FEDFE7688767
:10BD80004246698F414B01391A60414B89B2198093
:10BD9000A01AF4F7BDFA3F4B012418603E4B19601E
:10BDA0002B00903318603D4B1C70ADE70124ABE7CE
:10BDB0003B4B1C78E4B2002CB8D1F068F9F77CF961
:10BDC00083B2002BB2D0374B994683B298460123F9
:10BDD00042461A4092464246DB181A4093466B8F01
:10BDE000A342A3D95346002B06D0A0B2FBF7F2FD25
:10BDF00001002D48F8F706FE5B46002B0ED04B469F
:10BE0000186800F0C7FEF5F799FA0026002702002F
:10BE10000B00009601972548F8F7F4FD43465B07B1
:10BE200010D591234A46DB00D05800F0B3FEF5F759
:10BE300085FA02000B0000200021009001911B48B0
:10BE4000F8F7E0FD43461B0710D591234A461B0136
:10BE5000D05800F09FFEF5F771FA02000B000020A9
:10BE60000021009001911148F8F7CCFD1048F8F737
:10BE7000C9FD04239C460134E144B0E7501D002075
:10BE80005359010884590108A1590108000D0020E7
:10BE9000F40C0020F80C0020FC0C0020B004002062
:10BEA000AE2A0020840E0020C2590108C65901089C
:10BEB000835B0108F0B5DE464E4645465746374B94
:10BEC000E0B51E68364B013E1D68364B83B01868DE
:10BED0003100401BF4F71CFA334F83463B00A0337C
:10BEE0001B680091ED1A730898463B0090331A685E
:10BEF00018602E4B7B211868019203689B68984755
:10BF000001222B4B1A70002399462B004546B04660
:10BF10001E00284B1878C0B200282CD10300320034
:10BF20004946FDF7E5FCBC22234B52009C5E1F4BAB
:10BF300064019A4624181868782103689B6898471A
:10BF400053461868E1B2036824129B689847534629
:10BF50001868E1B203689B689847009B9C4665445B
:10BF6000A84502D843460136ED1A01239C46E14418
:10BF70005E44C845CDD20D4B7D21186890370368CB
:10BF80009B6898470022019B3B600C4B1A7003B0E2
:10BF90003CBC90469946A246AB46F0BDC404002086
:10BFA0005C0E0020600E0020501D0020C41F0020E9
:10BFB000B0040020AE2A00202C030020D40400206E
:10BFC000F0B557464546DE464E460300E0B5023B17
:10BFD00095B082460D00022B09D96B48F8F776FF21
:10BFE00015B03CBC90469946A246AB46F0BD0868E9
:10BFF000F9F762F881466868F9F75EF8804681458E
:10C0000003D96248F8F7FEFCEAE75346604F002484
:10C010007E8F022B0BD0A868F8F752FB5346060020
:10C020000024042B03D1E868F8F74AFBC4B23B7F35
:10C03000002B01D002F0D8FA90373B684A460193B2
:10C0400043463100981AF4F7DDF8F5F737F98246E0
:10C05000F4F788FA01233860022098462340044010
:10C0600003930294002542464A4B28001D704A4B18
:10C0700001241A7007F014FA912201235200E721DB
:10C080001E2007F0CBF80F2007F00AFA7B222F00C2
:10C0900004AB1A70B54218D02800F5F70FF95146D5
:10C0A000F4F7D0FDF4F75EFA0023020029004A44B9
:10C0B0001800FDF71DFCBC23384A5B00D35E354AEF
:10C0C0005B0112781B18002A21D07D2304AA135586
:10C0D000334B621C186804A903681B689847029BCD
:10C0E000002B4BD1002007F0DBF9912201235200F5
:10C0F000E7211E2007F092F8254B019A90331A6031
:10C100000122254B1A700022264B1A8068E7244A28
:10C110001068254A904206D19022D20082581268B7
:10C120001278042AD1D1782204A90A5504AA944687
:10C13000210061444B7061461B12A21C8B54039B6F
:10C140000334002B01D13B2C05DD036822001B6862
:10C1500004A9984700242420FF3068433100F4F7F5
:10C1600051F88346C21B082A06DD380043461E30BC
:10C17000E72107F053F85F4601358BE7054B1B7845
:10C18000002B00D16EE7ADE7CD59010884590108B5
:10C19000501D0020AE2A0020B00400202C030020F7
:10C1A000C41F00205C1C00204008002030B585B072
:10C1B0009E4B9B699E4A9A619E4B1B889A009B18D6
:10C1C0005A009D4B1A8006F009FF02F017FAFCE0B6
:10C1D0009A4B94229A58009298229A5801925B792D
:10C1E000002B24D000236A461372944CA16F081CC4
:10C1F000F4F7D0F9F4F7F8FF6B4618732379002BA6
:10C2000002D1237D002B19D000236A4653728B4B39
:10C210009B6D002B1CD16A469372884B9B7C6A46AF
:10C22000D3720023D37355210F226B461AE0834B40
:10C230003C229B5E01336A461372D6E77F4B186F30
:10C240007F49F4F7A7F9F4F78DF96B465872DEE7EA
:10C250007C4B1B7801336A469372DEE71A785140B3
:10C2600002000133501E002AF8D16B46D973042412
:10C27000754A02E001CB01C20C00611E002CF9D10D
:10C280006E4A2823D35C002B0AD013002B22995628
:10C290004A00521890001B18B1331B78012B0CD0A8
:10C2A0000120FEF7E9F8694B1870694B1B88012BD8
:10C2B0001CD9013B664A138026E0604D2B18B4332D
:10C2C0001888FBF787FB0200002300210020FDF700
:10C2D0000FFBAB7C012B07D0032B03D0200007F012
:10C2E0005BFF11E00134F9E70124F7E7594A1378BD
:10C2F00002218B43137007E0504A3023D05CFFF7D4
:10C30000F9FA524B01221A7072B6534B1A68002187
:10C31000196062B6002A1ED0504C00232370504989
:10C32000504B18880138043190472378002B62D095
:10C330004D4B1B78002B62D04C4B1B78002B0AD046
:10C340003E4B9B7C023BDBB2012B5FD9484A1388F2
:10C3500026210B4313803F4B1B781A0759D53B4BC3
:10C360001B78002B2AD0434B1B78002B07D0334976
:10C370003422885C03438B543E4B00221A703E48A3
:10C3800000F04CFD3A4A138811210B4313803B4BBC
:10C390001B7B002B12D0294A2B23D4562000FAF7FE
:10C3A000BFFF431C0AD0631C08D001B22000FBF77A
:10C3B00011FE2F4A138808210B431380234B187852
:10C3C000431E9841C0B201F047FE224B1B789A07EA
:10C3D00000D0FDE61A078FD4DA0603D45B0704D435
:10C3E00030BF91E7FFF766FD8EE7FFF795FB194B2E
:10C3F00001221A7088E72248F8F704FB98E772B622
:10C4000000212048F5F764FB62B695E704F008FBCD
:10C41000A1E7104C802252421343237006F044FBE4
:10C4200022787F231340237099E7C04678060020C6
:10C4300074520108DE04002068240020501D0020F2
:10C4400000000C436A3B002050280040450E0020AD
:10C45000D6040020D40400208C1F0020AE2A002027
:10C46000781F0020C01F00206A2A0020B00400208E
:10C470005C1C0020520E0020840E0020342B002073
:10C48000C2610108C81F002030B589B0F5F778FBFC
:10C49000A54CA6492000F5F793FE50212000F5F7A2
:10C4A000A5FEF5F76DF8A24B1B69802252011340DF
:10C4B0005A4253419F4A13709023DB051B699B0628
:10C4C00006D59B4B1B69DB0400D58FE0012400E0FF
:10C4D0000124974B802292001A839748F5F7DCFAE3
:10C4E00006F074FEF8F7A0F9F7F7CCFF934B196844
:10C4F000934A0A431A6000229A6006F09DFF8A4D13
:10C500008A492800F5F75CFE50212800F5F76EFEF9
:10C51000002C04D08B4ABA235B008B49D15003F026
:10C52000ADF8041E64D0874B582200219952153271
:10C53000FF3299546C22FF3299547022FF32985C7A
:10C54000431E9841C0B206F0B3FE002C04D1002077
:10C5500007F0E6FA431C01D1FCF79AFBFDF744F81B
:10C5600091204000FBF7AEFFFAF70EFB01F0F4FE5E
:10C570000120FCF7C1FB75490120FBF7B9FF002042
:10C58000FDF77AFFFA208000F5F786FA0020FCF725
:10C59000B3FB6F490120FBF7ABFF0020FDF76CFFF9
:10C5A000002C04D1002007F0BBFA431C01D1FCF79A
:10C5B0006FFB04F0EFFC002C05D1624AB5235B0051
:10C5C000D35C1B0725D501204042F9F7B9F95D4A34
:10C5D0005423D25A594B5A61EC21002300935D4BEE
:10C5E0007F2289005C48F5F717FA88E0002470E79D
:10C5F00007F012FA002896D0F8F7C4F993E702CBB7
:10C6000002C20100481E0029F9D155230F3104AAA6
:10C6100007E0042104AA514BF4E711784B400100D4
:10C620000132481E0029F8D104AAD27B9A42CAD10D
:10C6300004AB1B7B5BB2D80FC0184010F4F7F4FDBD
:10C64000FAF7DCF80499002902D1059B002BBAD037
:10C6500004ABDB7A012B24D9059B03939C466144F0
:10C6600049080420FBF744FF0599049BC91A0320DD
:10C67000FBF73EFF04F0F2F904AB187A002818D15A
:10C68000F9F7E2FB04AB5B7A002B1CD10120F9F730
:10C69000F1FB04AB987A002820D1314B00229A6537
:10C6A00091E70020FBF724FF05990120FBF720FF0D
:10C6B000E2E70138F4F7B8FDFC218905F4F7C2FA86
:10C6C000F9F722FDDEE70020F9F7D4FB04AB587A36
:10C6D0008C38F4F7A9FDFCF71FFDDAE7013807F005
:10C6E000CDFBFAF733FC6EE7FA20C000F5F7D4F97A
:10C6F000F8F788F800280CD11A48F5F7CDF9F8F7C3
:10C7000081F80028F8D01848F8F77CF91748F8F7AE
:10C7100079F930211648F8F77DFB0028E4D0144859
:10C72000FDF72CF8E4E7C04614070020E460010898
:10C7300000040048680E00208813000000740040C8
:10C74000010001002C0300200000A0C080C3C9012B
:10C7500000093D00ADC10008B8200020502800406D
:10C76000501D00201027000030610108C26101083F
:10C77000901F0020002006F093FE012006F084FEAA
:10C7800078221E21014806F01BFFFEE7F460010835
:10C7900010B5EFF30980FFF7EDFF0000F0B5DE46BE
:10C7A00057464E464546E0B5454B83B01E88824607
:10C7B00030008B460192F4F737FD424C2300A8333A
:10C7C0001968F4F763F82300071C207DAC331B685D
:10C7D00006281FD8F3F702FD3204251E272B2E0052
:10C7E0003949FE240025A405181CF4F741FB391C27
:10C7F000F4F728FAFC218905F3F7CCFE391C8146B1
:10C80000201CF4F71FFA0A27804677430026019B75
:10C810009E4218DB03B03CBC90469946A246AB460C
:10C82000F0BD2A49DDE70021294C2A4DDCE7002133
:10C83000294CFAE70021294C294DD5E70021FE2497
:10C840000D1CA405D0E75A46B3000021281CD4587B
:10C85000F3F75AFE00281FD1211C281CF4F7F2F927
:10C860002049F4F7EFF9F4F7BFFCFE239B059C4643
:10C870001D4B60449C46C4111C4AA4B262431C4B2D
:10C88000921362449C4662431A4B921362449C4644
:10C890005443E412644424184146201CF4F7D2F9AE
:10C8A000011C4846F4F7E4FAF4F79EFCB84200DDB8
:10C8B0003800C343DB171840534698550136A6E7A6
:10C8C000DE040020501D002074F53B42BAFAD54228
:10C8D0002DF9643EE3C8EB3D58E2213F6F12833AE5
:10C8E000E3C86B3E3BAA384BE9390000FD04000069
:10C8F0007BC8FEFF8EFDFFFFF0B5C64600B5104CAD
:10C90000257812246C434D0065190E4C64190125DD
:10C91000A846994202DD04BC9046F0BD07290DD916
:10C9200001310234F5E74646AE40B44667462688F4
:10C9300001353E4326809542F5DDF1E70500FAE733
:10C940006A2400208C240020002310B5092219003D
:10C950001800FFF7D1FF10BDF0B5DE4657464E4632
:10C960004546E0B583B00C9C0194544284420EDAF3
:10C9700007271A4D4C0124182D68B846184F64003B
:10C980009B462D19BC4600248B44594523DB03B03C
:10C990003CBC90469946A246AB46F0BD43461F427A
:10C9A00003D1019B1C780133019363B2002B0ADA97
:10C9B0001F2908D83B181F2B05D863461B889A46A9
:10C9C00056467B00EE5264000137E4B2BA42E5DC21
:10C9D00001314035D9E70027F8E7C046E4040020DC
:10C9E000642B0020F7B505000423C05E1F2813DC6C
:10C9F0000A0007230824163A5A43084FBE5CD2198E
:10CA00001E40A41BA4B200920626A95F2200FFF7D5
:10CA1000A3FFAB88E418AC800020FEBDB8940108E9
:10CA2000F7B505000423C05E1F2814DC0A000B23A1
:10CA30000726163A5A43094FBC5CD21926400824EF
:10CA4000A41BA4B200920626A95F2200FFF784FF70
:10CA5000AB88E418AC800020FEBDC04640A40108AD
:10CA6000F8B50C234343CE464746234A80B5D31836
:10CA700019003432B3310400087811780141CA0733
:10CA800035D5B4330021595E1C4B4A00D65A912348
:10CA90001F275B0058431A4B1B185D5C6A1ED31797
:10CAA0003B400A3D9B18F21C033EE917F017394042
:10CAB0003840491980195B11521149114011FFF793
:10CAC0001BFF104B104F98466300994643464A4659
:10CAD000395DD05A0B00821D09335B11521149098F
:10CAE0004009FFF709FF43464A463D55D6520CBC64
:10CAF00090469946F8BDC046501D0020C024002035
:10CB000004270020B4240020BC24002070B580B28B
:10CB1000FAF760FF0E4A1121944600220D4B0E4C8D
:10CB2000A4331B686344181853185B10DD006619A2
:10CB30007668864204D25A1C8A42F5DD002070BD18
:10CB40002959814201D9591EF6E70120F7E7C0466D
:10CB5000001F0AFA501D0020686B0108FE235B05C8
:10CB60009C4670B544106444211C051CF3F78EFEEE
:10CB7000211CF3F70FFDFA218905041CF4F762F874
:10CB8000211C061C281CF3F781FE011C301CF3F746
:10CB900001FD70BD10B5194A031C107D0138052830
:10CBA00009D8F3F71BFB030A080C16201449181CBC
:10CBB000F3F7F0FC031C181C10BD1249F7E71249EB
:10CBC000181CF4F73FF807F09BFC1049F4F73AF80B
:10CBD000F0E70D49181CF4F735F807F091FC0C4903
:10CBE000F4F730F8F1E70B49181CF4F72BF807F0CD
:10CBF00087FC0949F3F74AFEDCE7C046501D0020D8
:10CC000074F53B42BAFAD542E3C8EB3D2DF9643ED8
:10CC1000F4FD3440E3C86B3E00007A4410B5184A76
:10CC2000031C107D0138052809D8F3F7D7FA030A49
:10CC3000080C191F1349181CF4F71AF9031C181CC7
:10CC400010BD1149F7E71149181CF3F71FFE07F053
:10CC5000CDFC0F49F3F7F6FF0E49F3F79BFCEDE728
:10CC60000D49181CF3F712FE0849EEE70B49181C92
:10CC7000F3F7E8FF07F0BAFC0949F3F7E3FFDDE754
:10CC8000501D002074F53B42BAFAD5423046E240CE
:10CC900067F90A410000F041F4FD344000007A4495
:10CCA00067F98A40F8B50C2545432E4C9126651945
:10CCB0002B00B3331B78F6005E432B4B4746F61828
:10CCC0002B00CE46B43300229B5E80B59B0080468D
:10CCD0009859FFF75FFFB0352B78071CDA0617D598
:10CCE000227D91465B0701D5062323750025002789
:10CCF000608FA8422ADCF4F797FA011C381CF3F77E
:10CD0000C5FDFFF78BFF4B462375FFF743FF071C5D
:10CD100043460C2058432418B03423785B0710D5C1
:10CD2000124B1888F4F780FA1149F3F78BFF07F0DC
:10CD30005DFC1049F3F786FF011C381CF4F798F8E6
:10CD4000071C381C0CBC90469946F8BDAB00F05847
:10CD5000FFF720FF011C381CF3F71CFC0135071CF2
:10CD6000C6E7C046501D0020840E0020040D0020A0
:10CD70000000C84267F98A4070B500240C26074DB0
:10CD800033006343EB5C002B02D02000FFF768FE0A
:10CD90000134042CF4D1FFF7D7FD70BD011E002033
:10CDA00030B5084C4D002C5B121B912464004443A9
:10CDB00005480019405C1B1A1BB210B25B4340438C
:10CDC000C01830BDC024002004270020F0B54F4615
:10CDD0004646D646C0B5104B00245B8F0FB29A462C
:10CDE000C8235B009946923BFF3B984606B255B27A
:10CDF000A24505DC40461CBC90469946A246F0BDC3
:10CE0000A1B23B0032002800FFF7CAFF814501DDD7
:10CE10008146A0460134EBE7501D0020F0B557468F
:10CE20004546DE464E46E0B5584B594D1A886C8F44
:10CE300087B00700A24248D1012399469123912649
:10CE4000DB000024984676002B0034331B784A46DA
:10CE50002341134209D041463000614360434D4BAA
:10CE60006A8F7918C018FFF799FC0134032CEBD1B5
:10CE7000494B484E1A7812235343484A91469944E5
:10CE80002B0034331B780293454B1B885B090093BE
:10CE900001231A0000999B468A4012B203926A8FBE
:10CEA00000250492029F5B462F411F4029D1233663
:10CEB0000135FF36032DF5D1FFF75EFF07B03CBC0F
:10CEC00090469946A246AB46F0BD1C80013CA4B2F8
:10CED00063089B46324B00269A4691235B00994695
:10CEE00080462700BE4201DD4746A5E7484670431D
:10CEF00039005844F3F710FA740054442080013686
:10CF0000F0E7AA46B046337803985B095A004A44D2
:10CF10001188009C01431180049A974202DB554618
:10CF20004646C4E71E497A008A5A4146C95D5209FD
:10CF30004909A24204D12600994206D10137EBE704
:10CF40001600A24201DA260014008C46994201DA4A
:10CF50009C460B004D4691460CE05846904003001D
:10CF600001980132285A1843019BE852B242F4DD7D
:10CF7000059B0133634504DC5A00019205932200AE
:10CF8000F4E74A460B00A9461400D7E7B024002076
:10CF9000501D0020042700206A2400208C2400203B
:10CFA000C02400200CB4F0B589B007000C000E9E20
:10CFB0001F2805DD002009B0F0BC08BC02B01847EE
:10CFC00004AD00211022280007F020FE337802A8CB
:10CFD00002958780C480711C012B07D0022B00D0E2
:10CFE00031000B342A2CE5D8054B03E00734054B00
:10CFF000262CDFD80FAAAB600192F6F7EDFFDAE737
:10D0000021CA0008E5C90008F0B5DE4657464E467D
:10D010004546E0B5C24BA3B0129300231B900B937F
:10D02000C04B0B9A1B881F335B11934217DC1B9B71
:10D03000002B0BD00120BC4B00211A78504012224B
:10D0400018705043B64B181807F0E0FD06F066F96B
:10D0500023B03CBC90469946A246AB46F0BD129B1D
:10D060001A885B8A1A430D9206D10B9B01330B93EE
:10D07000129B02331293D3E70B9B5B010A935B4233
:10D0800002331A9300230C930D9BDB0700D436E385
:10D090000C9B5B010793A54B079A1B889B1A08936F
:10D0A0001F2B01DD202308939E4B0A9A1B889B1A95
:10D0B00009931F2B01DD00F0A4FE089B002B00DC70
:10D0C0001DE3099B002B00DC19E306F019F9984BCE
:10D0D0001860984B1A8913041343099A9201821815
:10D0E00090422DD1944BB32234331C7807231C403B
:10D0F00063425C41914B64421C40914B52009C4600
:10D100008C4B64449A5A002A20D1002C38D18A4B87
:10D110000533DB7F0A2B00D07DE0864B188C844BD7
:10D120001968079B602B00D1C8E0C12B00D1C5E076
:10D13000079A089C013302319A1A9442F2DC6DE09E
:10D14000036043608360C3601030C9E700251F8F10
:10D15000774E079BE818FFF7D9FC002804D1089BFD
:10D160000135AB42F5DCD0E733686A009C4600230A
:10D17000624499015752099901338B42F9DBEEE77A
:10D180006C4B079C9E896F4B00229B5E9A46684BB6
:10D190001F686D4B3D0000229B5E99460A2398460E
:10D1A000231E22D091235B009C421DD04B46E018E9
:10D1B000434651465843F3F795F9092914DD079B77
:10D1C000089A01340235E31A9A42E9DC00245F4DE3
:10D1D0000A9B2988E018F3F785F900290CD0099BF0
:10D1E00001349C42F4DB92E700239A01AE52099A83
:10D1F00002339342F9DBE2E7A301DB199120079A9E
:10D2000040008A18824201DC4A009E52089A02318C
:10D210008A42F3DCE3E7042B00D17EE7464B1A0099
:10D2200035321B7E1278134350D10C9B062B2EDD1A
:10D230002024192006F028F93F4B64421A00A83335
:10D240001B680A269A460C9BAC325C43404BFF3469
:10D2500099463E4B176898461A9D24B22BB2381C4B
:10D260009B46F4F76BF84A4600900191594620001E
:10D27000FFF798FE43461B88381C5146ED18F3F71C
:10D28000F7FD013E071C002E01D01F2DE6DD089A98
:10D29000079B944663441800274B00225B8F2D4D5B
:10D2A00019005418E60F3619761074002C5BA04252
:10D2B0002DDCB14200D102E13100F2E700229401FD
:10D2C0000853099C0132A242F9DB31E7194B1CAD2E
:10D2D0000122214928001C8CFFF760FA2B780A9A5A
:10D2E0009B1AA2D4099A93429FDA114A9B011268B1
:10D2F000D31800229120079940005118814201DC87
:10D3000051005C52089901329142F3DC8DE7079F8E
:10D31000A74223DDB24200D1D1E03200C1E7C046CE
:10D320008C240020682400206A240020E0040020CF
:10D33000E40400202C030020501D002019F8FFFFFA
:10D34000E7070000742400206C240020DE04002085
:10D35000506A0108C0240020CC1D00203100C44ABE
:10D360000139002904DD4C00145B079DA542F7DD5F
:10D370008946BF4A013B01369E4203DA7100515A89
:10D380008842F8DCBB4BB3461B681493BA4B0E9330
:10D390004B465A00B64BD318169300239A46B74B08
:10D3A000343317935246179B1B78134101221A40BE
:10D3B000119200D086E001239C460E9BE244233369
:10D3C000FF330E935346032BECD10024AB4B343385
:10D3D0000E930E9B1B782341DB0700D501E101343E
:10D3E000032CF6D10B9B002B00D079E1A4490F93BD
:10D3F000CA5C0C33501E82410F98844694446246A6
:10D400000F92302BF4D19D4B0533DB7F0A2B02D0DA
:10D41000042B00D09CE12024012006F035F80320E5
:10D42000FAF7A0FF0321F2F7EDFE964B644298460F
:10D430000C9B00255C43914B0A3405339A460E90B1
:10D44000A4B223B299460E9B029343461868F3F7A1
:10D4500075FF8D4A0090019101214846FFF7A2FD1A
:10D460005346DB7F0A2B00D054E1884EAB00F058C6
:10D470008749F3F7E7FB7168071C3068F3F78AF810
:10D48000B168F3F787F8011C381CF3F7FFF9F3F7DD
:10D4900055FF06000F00012D00D007E17D4B0096DF
:10D4A00001979B461A000E214846FFF77BFD5A461E
:10D4B0000096019714217848F6F782FF07E10026CD
:10D4C000B1465FE75346CC46744A5B00D35A139388
:10D4D0000E9B013B1593169B0F93DC4500DB6AE71F
:10D4E000624665460F9B0E981988079B455DC91AD1
:10D4F0000F9B0A985C88079B281AE41A159B9B5C73
:10D500000A9A9A1A00290ADA002C01DB00F081FC41
:10D51000012398460F9BC44402330F93DDE7002A92
:10D5200004DA0028F4DB1F2902DC07E01F2901DDF3
:10D530001F2CEDDC1F2A01DD1F28E9DCAB4205D9D9
:10D540001300020018000B0021001C00119B0D1B92
:10D550001093002D03DD01235B42651A1093861A98
:10D56000EE4208D5EB0F5B195B105B42002A13DA21
:10D570001F00189003E0F30F9B19F5E71F009D4271
:10D5800003DA10989B1B80464144BE42F6DD01320F
:10D590005B1B002AF2D1189840015201189419908F
:10D5A0001F2908D814988F1880467F004744388870
:10D5B000139C204338801898884202D119989042D1
:10D5C000A6D01F009D4203DA10989F1B804641445D
:10D5D0009E4204DD324B20327F1B9A4298DC3B0096
:10D5E000DEE700239846224BA1469B4691235B0031
:10D5F00063439A46224F01239C463B78E044002B2C
:10D6000030D0BB784B452DD15946FB1C00229A5E89
:10D6100053005D5A079BED1A2B1D262B22D8214B58
:10D6200053449E5C0A9BF61A292E1BD84B46981D24
:10D6300080B205F029FF1C4C033D0A3E0A23072255
:10D64000310000942800FFF787F9002005F01CFF47
:10D650000A2342465A43A4180094072231002800A6
:10D66000FFF77AF943460C37042BC4D14C46B6E693
:10D67000C0240020E404002005270020501D0020C5
:10D68000011E00202C0E0020586A0108380E0020D0
:10D690000000C842CE6A0108782400204003002020
:10D6A000FF03000004270020F86B0108D84B5968DD
:10D6B00043461868F3F7DCFBF3F740FE009601974A
:10D6C00002900391D34A0E214846FFF76BFC0423D6
:10D6D0009C4660340135E044A4B2032D00D0B0E68E
:10D6E0000A990798F9F7F6FE089B202B00D073E300
:10D6F0000798099B1E30089A0A9905F019FE0D9BA0
:10D700005B080D930C9B01330C930D9B002B00D0F9
:10D71000BAE4AAE4012DDAD1BD4EB1683068F2F75F
:10D7200039FFFC218905F3F78DFA011C7068F3F7C6
:10D730009FFBF3F703FE06000F00B74A0096019720
:10D740000E214846FFF72EFC00960197B34AB1E63A
:10D75000092B04D10F9B002B01D002230F93202013
:10D76000AF4B40429A460C9BD346584383B2179323
:10D7700092331BB21393002399469A464B46032BD0
:10D7800000D0FCE1A74C631DDB7F5A1FD2B2012AF7
:10D7900000D9C4E02300C434D0331A6823689C1A2B
:10D7A0009A4200D9D41A23009F4A11211398FFF7F7
:10D7B000F9FB23009D4A14219D48F6F701FECA4655
:10D7C0005B465B78002B00D19EE0964BD0461493CD
:10D7D0000023CA465C460E93924D0E9A2B003433BA
:10D7E0001B781341012213409B4600D17FE0E37870
:10D7F0000E9A93427BD18F4B1E68F8F731FC149B35
:10D80000011CDB7B002B00D017E2149B0233DB7F73
:10D81000002B00D011E2301CF3F72AFBA96FF2F7BE
:10D82000B9FEF3F7E1FCAA7C0300002A00D0FEE178
:10D830001420093308DA23785B0700D4FDE17E4B1E
:10D840001B88012B00D8F8E105F01EFE002005F032
:10D8500027FE42460123912613405E43079B013673
:10D86000F61A53101B010133994623785046109342
:10D870000423E75EFFF716FA6A4B11902B331B78EF
:10D8800018225BB2534500D008321CAB1A705246C6
:10D8900031325A7016AA94461A25109A6544920697
:10D8A00003D554221B259A7065440223109A1A400E
:10D8B000159205D017232B70A37831336B70023586
:10D8C00020232B7033B219934B465C491BB211983D
:10D8D0001893F2F719FE002800D1B1E11CAB584AA9
:10D8E00018991998FFF75EFB01239C46E0440E9BB4
:10D8F00001330E93149B013314930E9B032B00D022
:10D900006AE7D146A346C24601239C460B33E14455
:10D910009C464B46E344042B00D02FE7E0E6072B60
:10D9200050D12300C03300229B5E464D9B005E59C0
:10D930002300CC3300229B5E301C9B005F59391CB6
:10D94000F3F796FA40498046F2F7E4FD002800D04C
:10D95000C6E63E494046F2F7F1FD002800D0BFE69A
:10D96000391C301CF2F716FEFC21B4348905F3F79C
:10D9700069F90022A35E9B005959F3F779FA3449FB
:10D98000041CF2F7C7FD002800D0A9E60021201CE6
:10D99000F2F7D4FD002800D0A2E62E49201CF3F7B0
:10D9A00051F906F0ADFD2C49F3F74CF9F3F71CFCE7
:10D9B00004000300294A11211398FFF7F3FA23000A
:10D9C000274AF8E6082B55D1264B1888F3F72CFC8C
:10D9D0002549F3F737F92300C433051C1868F3F71A
:10D9E0006DFC011C281CF2F7D5FDF2F7BBFDD0340D
:10D9F0002468A04200D973E6241A640823001B4A55
:10DA000011211398FFF7CEFA2300194AD3E6C04636
:10DA10002C0E0020676A0108786A0108856A0108EF
:10DA2000001E0020501D00208B6A01089A6A010820
:10DA300078240020D8040020DC040020000080FFAF
:10DA4000E66A0108840E00200000A0C00000A0408B
:10DA500000008CC2E3C8EB3D7AFC4743A06A010892
:10DA6000A76A0108040D00200000C842AD6A010841
:10DA7000BF6A0108092B00D0A2E62300B1331B784E
:10DA8000002B00D19CE62500B4350022AB5E628FEE
:10DA90009B01934200DC93E6237D00200E93062336
:10DAA0002375FFF7FFF80F900023E85E0A23B834D0
:10DAB000D04624689A46092804DC40004946F2F71B
:10DAC0002BFC8246D84D0027688F0226013880B291
:10DAD000F9F780FF002383469946C435310061433E
:10DAE0008B4531D80F99381CF2F7D0FEFFF736F886
:10DAF0000E9ACD4B041C1A75B3331878063005F016
:10DB0000C3FCCA49201CF3F79DF8F3F717FC434602
:10DB1000040001200D001840591091235843079B21
:10DB200009010130C01A013109B2009401954B4638
:10DB3000BF4A00B2FFF736FA00940195BD4A14219E
:10DB4000BD48F6F73DFCCBE552460120FAF7CAF88E
:10DB5000002812D001239C4631002868E144F2F7E6
:10DB600051FB03235C4304190120FFF79BF8011CC0
:10DB7000381CF2F70FFDA408071C0136AEE7022B94
:10DB800000D01DE6A84B5A1DD27F022A00D017E60E
:10DB90001A00C9321278002A00D111E6D5331B7859
:10DBA000002B00D10CE64846FFF77CF8041C03204C
:10DBB000FFF778F881460020FFF774F880460120CF
:10DBC000FFF770F8211C071CF3F752F9FC218905B7
:10DBD000F3F738F84146F2F7DDFCF3F7AFFB04004A
:10DBE0000D001798954E01303200009401951121D7
:10DBF00000B2FFF7D7F9924A0094019514218E489C
:10DC0000F6F7DEFB49464046F3F732F9FC21890579
:10DC1000F3F718F8391CF2F7BDFCF3F78FFB32006D
:10DC20000090019111211398FFF7BCF958E5012AE2
:10DC300003D114201C3300DB06E6E078063003E64F
:10DC4000794BA268197D16911599002900D19CE0A5
:10DC50001699A078073116910C2141435B181900E1
:10DC6000B43300269B5FB8310968AE1C9F4200DBCD
:10DC700088E0DF1B2D236B70551A8A4200D28D1A63
:10DC8000FFF710F8011C1198F3F7F2F811908023B8
:10DC90001B069D4203D92D236D4233700136624B22
:10DCA0001A0099469432983312681B689A4274D1CC
:10DCB00082234A469B00D0587843F3F7FFFA4B463D
:10DCC000051C588F5F4B01385843F3F7F7FA011CD6
:10DCD000281CF2F7DBFDF3F731FB5B4A0090019162
:10DCE0000F213000F6F76CFB4F4B584D1B7D032B7B
:10DCF00000D8574D0F9B1198013B5A425341ED18E4
:10DD0000F3F71CFB169B534A9B009B580600169387
:10DD1000514B0F009B46159B002B01D14F4B9B464F
:10DD20004F4B9946109B5B0701D44C4B99464D4B8A
:10DD30001193109BDB0601D4484B1193119B009665
:10DD4000019705934B4604935B460393169B2A0069
:10DD5000029318991CAB1998FFF724F936480378F9
:10DD6000002B00D0C0E5119BEA1C05934B460493A1
:10DD70005B460393169B0096019702931421F6F7D6
:10DD80001FFBB1E5FF1A2B2375E7A4336E1C1D683A
:10DD9000354B9C466544AD1879E70120F9F71AFE2A
:10DDA00007000020F9F716FE264B9D4208D93F1ABE
:10DDB00006D05A462D4B9F4201D8052A08D19346DA
:10DDC00000955B462A4A0F213000F6F7F9FA8BE7F7
:10DDD0000A2101324F43EEE7264B089A1B68500098
:10DDE0001C00099940341B180139002900D17FE437
:10DDF0000022A55A9D5202329042FAD11B1840349B
:10DE0000F2E7089B002B00DC79E420230993FFF75D
:10DE10005CF9002A01DBFFF78DFB002801DBFFF72F
:10DE20008DFBFFF775FBC046501D00200000C84267
:10DE3000C56A0108CE6A010878240020D66A010864
:10DE4000856A010840420F0038800108276A0108EE
:10DE5000386A0108688F0108766A0108456101087F
:10DE6000496A01084D6A0108001F0AFA3F420F0083
:10DE7000ED6A0108E404002010B5002813DB0C2231
:10DE80004243094B9B18B1331B78002B01D0FEF79E
:10DE9000E7FDFEF759FD0120FFF7B6F82023034AFE
:10DEA00011880B43138010BD501D00205C1C002006
:10DEB000F0B5CE46474680B5584C95B0A37C023BA2
:10DEC000DBB2012B62D902F0D3FA002803D0544B05
:10DED0001B78002B5AD02200A432524B1268524FAA
:10DEE0009A4200D0514FA421220023008846943248
:10DEF000983312681B68A0440AAE02AD9A424AD118
:10DF00000420FAF72FFA4A4A434694461B68494AC6
:10DF100063441B1828213000F6F752FA82239B0035
:10DF2000E058F3F7CBF94449F2F7B0FCF3F706FAFF
:10DF3000424A0090019120212800F6F741FA012081
:10DF400005F0A2FA002005F0ABFA91220923520055
:10DF5000E7211E2005F062F9394B5B7A022B57D17D
:10DF6000163333702800F3F7E1FA052148433C31BA
:10DF7000FF31091AE822280005F022FB3000E822D0
:10DF80001E2105F01DFB142005F07EFA15B00CBC17
:10DF900090469946F0BD01230434E08F994618401D
:10DFA000284C1ED1FAF7DEF9214A434694461B68F5
:10DFB0000197226863441B1800922821224A3000EE
:10DFC000F6F7FEF94846FAF7CDF9194A4346944662
:10DFD0001B681E4A63441B1820212800F6F7F0F93D
:10DFE000ADE70220FAF7BEF9114A434694461B6892
:10DFF0000197226863441B1800922821144A3000BC
:10E00000F6F7DEF90320FAF7ADF9124A0300E3E769
:10E01000032BA7D115332B70A4E7C046501D002059
:10E020006C0E002000E1F50545610108F56A010864
:10E03000001F0AFAFD6A010800247449066B0108F2
:10E04000342B002070240020126B01082F6B010874
:10E050003C6B01085A6B0108F0B54546DE46574651
:10E060004E46E0B58BB0050001F006FB002800D05D
:10E070000DE1A24BA24C9846187023889A064FD502
:10E080001222A04BA0481B78FF215343C01806F072
:10E09000BDFD692322881A4200D19EE02800FEF7C8
:10E0A000B3FF9A4B1B7F002B75D023881B0672D4BD
:10E0B000974B1A889123151C5B009A4200D91D1CAE
:10E0C000944BE5269B46944BADB29A460123994664
:10E0D0005B4619888E423DDA8C4B012634331A7820
:10E0E000002394468D4862461A41324242D0C25CB7
:10E0F000002A3FD12332FF3200265343884AFF20B3
:10E100009B18824A401A528F029094463200624510
:10E1100000DAC7E001232A001E2005F0D9F83AE012
:10E120001B0701D5FEF710FC23885B06B1D504AEB2
:10E1300001227C493000FEF731FB3378714A1178B7
:10E140005A0909234B4301219B186F4A5B0049423E
:10E1500099529EE75346310000932A004B461E20F9
:10E1600005F002F9711C4B462A001E2005F0B0F89C
:10E17000013EADE70133032BB5D1624601200242D7
:10E1800000D08BE05310034000D088E0921002339F
:10E19000024200D083E05D4B5B7F002B1DD04346E5
:10E1A0001B78002B19D0002005F07AF9012005F02A
:10E1B0006BF9574B574E1D8832881D350332009539
:10E1C00002232121404605F023FB854205DD3188ED
:10E1D0002A1A03311C2305F021F823885B0701D597
:10E1E00001F006FE23889B0701D5FFF761FE238817
:10E1F000DB064AD5F6F7C8F9071E46DD4A4B0B2069
:10E200009F4204DD494B05389F4200DD043005F094
:10E210003BF9002005F044F90321454B8A46BA3109
:10E2200089464449049304AB04251E008120884696
:10E23000BC46414A51466F1C0D4257D118710133FB
:10E24000424551DC39008123FF226746735473191C
:10E250009A70C821EB1CF73A0720009605F02CF9BC
:10E260003800F2F7E1FF3549F2F710FBF3F766F8F3
:10E27000334A0090019118213000F6F7A1F82A00E6
:10E280000121CE32300005F09BF9002323800BB032
:10E290003CBC90469946A246AB46F0BD0023912275
:10E2A000520029E7029F985CB946484480B2FF2893
:10E2B00000D92FE7234F4000C05B01328346300076
:10E2C00066464643B146912676005643B2460393CE
:10E2D0000600CA4501DC039B19E75B460E4F46006A
:10E2E000BB530130E144F3E73D00A3E7010094454F
:10E2F00000DB49461971643AA1E7C0467824002042
:10E300005C1C00206A2400208C240020501D00206A
:10E31000E0040020E8040020682B00206E1D00208F
:10E3200004270020CC1D0020E30C00003B0F000060
:10E33000003C3CFFE40C00006810000000007A4440
:10E34000216A01082C6C01082023024A11880B4322
:10E35000138070475C1C002010B5002005F0A0F869
:10E3600005F060F8FFF7A4FD01F042FD10BD0000CC
:10E37000F0B5CE4647460024A02680B5A146012729
:10E3800085B07600A3B2984600231A001C4D5100B8
:10E390006B52013243449BB2B242F8D13B0032008F
:10E3A0002100002004F094FFA02200219200280008
:10E3B00006F02CFC3B00210000953200002004F008
:10E3C000D3FF4B4640210393FF31039B8B4204DD77
:10E3D0000134F02CD6D101200DE04046039A039B76
:10E3E00052004343AA5A9BB29A4203D1039B013382
:10E3F0000393EAE7002005B00CBC90469946F0BDB7
:10E40000682B002070B5164D164C2B7F022B1DD1AA
:10E410005833238020880A21F1F7F4FE124B80B292
:10E4200018800A235843114B1880AB8B002B0AD05D
:10E43000002005F035F8E6239122218852005B1A6E
:10E440001E2004F0EBFEFFF77FFF70BD012B02D012
:10E450006B7F002B01D0B423DBE7E623D9E7C0466E
:10E46000501D0020E8040020DE0400206824002065
:10E47000F8B5DE4657464E4645460020E0B5F9F76A
:10E4800071FF514D06002B000320A4331C68F9F7DF
:10E4900069FF071E53D04D4B05009C466444A719E5
:10E4A000B2234B4E5B00F25A002A4CD10A212800BD
:10E4B000F1F7A8FE0400474B38001C602100F1F77B
:10E4C00027FFFA239B009A469127434B0800984662
:10E4D000424B7F009946544567D96421F1F792FE7B
:10E4E0007843642183462800F1F78CFE01005846EA
:10E4F000F1F788FE4346642118802000F1F782FE80
:10E50000514647432800F1F77DFE01003800F1F73E
:10E5100079FE4B461880B2235B00F35A002B01D1E1
:10E5200042461380FFF76EFF22232D4A11880B43CA
:10E5300013803CBC90469946A246AB46F8BD822368
:10E540009B00ED58ACE7022A01D80622F252F35A9A
:10E55000244C994609239846043B9B465B466343FB
:10E56000280019009A46F1F74DFE48451BD263007A
:10E57000190028009A46F1F745FE814513D921007C
:10E580002800F1F73FFE814595D90A212000F1F7D7
:10E5900039FE01235B429C46E0444346002B00D1F8
:10E5A00089E70400DAE7544685E729007843F1F764
:10E5B00029FE43460A2118802800F1F723FE7C43F8
:10E5C00001002000A3E7C046501D0020001F0AFAEA
:10E5D0002C030020702400206C24002074240020D0
:10E5E0005C1C002000CA9A3B002210B5024B1A772F
:10E5F000FFF708FF10BDC046501D0020362310B5A0
:10E60000034A012011880B431380FFF725FD10BD3D
:10E610005C1C0020BFF34F8F034B044ADA60BFF34A
:10E620004F8FC046FDE7C04600ED00E00400FA054C
:10E630000823F0B54E4699460023DE465746454628
:10E640001D4A98460733E0B59C4640272026022401
:10E6500093464D4603782B4208D00B6801330B607C
:10E6600045782D09AB4219DB43460B600300654634
:10E67000807A0A33284217D0180000280ED0037879
:10E680009A463B4203D05B469B7CA343E1D1534671
:10E69000334203D0937CA343012BDAD13CBC904698
:10E6A0009946A246AB46F0BDD888824618895346A3
:10E6B00000041843E1E7C046501D002013B50024B4
:10E6C000074B084A1B7801949B009858002801D1F9
:10E6D000200016BD01A9FFF7ABFF0134F6E7C046E5
:10E6E000AD2A00201005002010B5154B154A1B78E7
:10E6F0009B009C58FFF7E2FF134B01001A68002AA9
:10E7000002DA012252421A601A688A4201DB4A1E6A
:10E710001A60072022780240052A04D11A68002ACC
:10E7200001D101321A60102900DD1021072900DA19
:10E730000721F020F1F7F0FD044B0138188010BDDF
:10E74000AD2A0020100500202C2B00200C050020F5
:10E7500001230A210A005A43824209D95A008242FF
:10E7600003D805214B43834200D81A00100070479C
:10E770001300EFE770B5802664251A4CF605706A21
:10E780002368C31A142B03D82800F3F785F9F6E79A
:10E7900090230E22DB051B69134913401D000A88D4
:10E7A0000B80012395432060A808184007332A00F6
:10E7B0001D4209D070230D49FF33C95C503BFF3B1C
:10E7C000002900D1103B1843930709D57023074A4D
:10E7D000FF33D25C603BFF3B002A00D1103318436B
:10E7E00070BDC046982A0020942A00202C030020E7
:10E7F000F8B58023DB054E4699469023DB05454658
:10E8000098460E23DE4657469B46E0B54B46264EBD
:10E810005C6A33680A20E51AF3F73EF943461B6940
:10E8200059469BB21A000A40204908888446504045
:10E8300082461F48854202D90420034207D10420A2
:10E8400057460740381E08D001200A8034603CBC7F
:10E8500090469946A246AB46F8BD944502D00A8040
:10E860003460F4E7134A9542D0D9134A1168A142A3
:10E87000CCD2990707D570211048FF31415C502058
:10E88000002900D110301B0709D570230B49FF3335
:10E89000C95C103BFF3B002900D1103B1843913469
:10E8A000FF341460D3E7C046982A0020942A002041
:10E8B00087130000881300009C2A00202C030020EE
:10E8C000F8B59025012440270C4EED0530000022BC
:10E8D0000221F4F7B5FC280040228021F4F7B0FCB7
:10E8E000348330002F8322002100F4F7A9FC390083
:10E8F00028002200F4F7A4FCF8BDC046000400483C
:10E90000084B490010B5C85A002A08D0064B5B8F47
:10E9100090601B1A59424B410433537110BDF9F7F3
:10E92000D1FDFBE7C0820108501D002010B5002A70
:10E9300007D0054B197A054B002900D1044B936091
:10E9400010BDF7F7A7F9FBE7501D0020E78101088C
:10E95000336F0108F0B5D64646464F46C0B59846D7
:10E96000089B050007209A461C790E000440188871
:10E97000170004F089FD5346588804F091FD002CDF
:10E980004AD0534610201B791840994643425841BB
:10E990000D3004F085FD3A0031002300280004F01A
:10E9A0003DFC4B4658B2C043C00F0D3004F078FD1B
:10E9B000E81922003100001B434604F02FFC4B46AF
:10E9C00040201840434258410D3004F069FD2200B8
:10E9D00031004346280004F021FC4B46202018401B
:10E9E000434258410D3004F05BFD4346F118091BCA
:10E9F00023003A00280004F011FC5346588804F024
:10EA00004FFD4B461B0707D4434662009B1A311942
:10EA1000BA1A281904F002FC1CBC90469946A2467A
:10EA2000F0BD0000F0B5CE46474680B58FB0002857
:10EA300043DB042203AB1A80314A1268824241D17F
:10EA400005225A805D321A712E4A002411689046C0
:10EA50000122013002AE8A5647003480CC5D2A493B
:10EA6000D0008C4609188A8825099146554362468C
:10EA7000805A0F222D181440AAB29446C88849889B
:10EA8000444364180093A1B203004A466046FFF76E
:10EA900061FF434601201B68DF19385663280CD0FC
:10EAA0005B785BB2002B24D11E280FDC22002900EA
:10EAB0000F322031C0B204F0C1FE0FB00CBC904642
:10EAC0009946F0BD03225A808F32BCE70F4B1F38A6
:10EAD0008000C6583000F2F729FD0C21220048437F
:10EAE0004431091A490813324919300004F0C0FDB5
:10EAF000E3E722002900307009320C31F5E7C04607
:10EB00002C2B00207C2A002094710108A47101089C
:10EB10002B23F0B5C6469846042700B5214EB044D5
:10EB20002B22B256531C35D00C235343F318190033
:10EB3000B131097800292DD0B43300215B5E810604
:10EB400004D5B9085B1AD943C9170B40C10605D5CE
:10EB5000B9085B18718F994200DC4B1E0C256A4383
:10EB6000B4182200B432138098B2F8F733FFB834E7
:10EB70002060434600201856FFF77EF943462022C6
:10EB80001B7801375BB25D437519B0352B78BFB286
:10EB900093432B70FFF72CFE0028C1D104BC904694
:10EBA000F0BDC046501D0020094B8900C95810B562
:10EBB000084B002A07D01B6D91605B1A58424341F5
:10EBC0000433537110BD1965FAF7DCFCFAE7C0464F
:10EBD000A08F01082C03002010B5002A05D0044B9B
:10EBE000197801238B43537110BDF5F703FFFBE741
:10EBF000D404002010B5002A0AD00221064BDB7C89
:10EC00000B4201D0517110BD591E8B415371FAE76F
:10EC1000F7F75CF8F7E7C046501D002010B5002A52
:10EC200007D0054B29331B785BB2591E8B415371BA
:10EC300010BDF9F709FDFBE7501D002010B5002AB3
:10EC40000AD00221064B9B7D0B4201D0517110BDB1
:10EC5000591E8B415371FAE7F7F768FDF7E7C04695
:10EC6000501D002010B5002A07D0054B597D0B1C04
:10EC7000022900D90223537110BDF7F76BFDFBE7A2
:10EC8000501D002010B5002A03D0034BDB795371CF
:10EC900010BDF6F7A9FFFBE7501D002010B5002AB4
:10ECA00003D0034BDB7A537110BDF6F7A9FFFBE7E6
:10ECB000501D0020F0B5CE46474680B585B02328CC
:10ECC0007AD8F1F795FA24003100330035003A0084
:10ECD0004B003C005600640067007E009E0024014B
:10ECE00058015B019300630184016E017201790098
:10ECF0008C0090007900A501B00103013101790079
:10ED0000340141017900C1013C0079009B010020E0
:10ED1000F9F728FBD24AA4321368D24A94466344D6
:10ED20001B18D14843603EE00120F1E70220EFE7E5
:10ED30000320F9F717FB0300F3E70420E8E7C84BCB
:10ED4000C94C586F2060F2F7F9FA00900191C74A58
:10ED50000E341C212000F5F733FB2DE0C04B186F5B
:10ED6000C14C2060F2F7EAFA0E3400900191C04ADB
:10ED7000EFE7F7F775F9BC4C2060F2F735FA0300BE
:10ED80002000BC4A0E301C21F5F71AFB14E0F7F7FF
:10ED9000C3FBF0E7B24AB4481300A0331B684360DA
:10EDA000527A002A02D10E30B34AECE7AE48B34A99
:10EDB0001C210E30F5F704FB05B00CBC90469946BB
:10EDC000F0BDA74BA84CDD8F2800F2F777FA206042
:10EDD000002DEBD020002B000E30A94AD3E7A04B2A
:10EDE00032331D7804E09E4B3333FAE79C4BDD8EC3
:10EDF0002800F2F763FA9C4C2B00206020000E30B4
:10EE000090E0F7F727F9984C2060F2F7EDF9F2F768
:10EE10000BFA934D2B000833D96FF1F7BBFB061C9F
:10EE2000F7F72EF8311CF1F789FB002802D0F7F72D
:10EE300027F8061CF7F73EF8311CF1F76BFB0028AA
:10EE400002D0F7F737F8061CAB6F2168181C9846FC
:10EE5000F1F7A0FB311C2060071C4046F1F79AFB3C
:10EE600085239B00874AEB5C80469146002B0BD0A4
:10EE70008549381CF1F78EFB834920604046F1F745
:10EE800089FB824B804699462068F2F757FA08358D
:10EE900006000F00E86F0021F1F736FB0E34002862
:10EEA0000CD14046F2F74AFA00960197029003917E
:10EEB000774A1C212000F5F783FA7DE74B46009640
:10EEC0000197744A02931C2120001DE0F7F7C2F855
:10EED000634DA96FF1F75EFB8523634C9B002060B7
:10EEE000EA5C684B002A04D06749F1F753FB674B93
:10EEF0002060029320682500F2F720FA0E3500907A
:10EF000001911C212800634AF5F75AFA54E7544B43
:10EF1000986CF2F789F9544C2060F2F765F9030018
:10EF200020000E305C4A2EE74D4BD86CF1E75B4B6E
:10EF300019785B4B1A7806234B439B18484A1B01F0
:10EF4000D318E8331B68ECE6544B1978544B1A7805
:10EF500006234B439B180E33414A1B01D3185868B4
:10EF6000FDF718FE404C2060F2F7E8F90E340090EF
:10EF700001914C4AEDE63A4B2D3332E74A4B3A4881
:10EF8000FC335B6E494A43600E30FCE6344B986FAD
:10EF9000354C2060F2F7D2F90E3400900191444ACA
:10EFA000D7E62F4B0833D86FF2E780232C4A9B001B
:10EFB000D058F2F783F93F49F1F768FC2A4C2060FA
:10EFC000F2F7BCF90E34009001913B4AC1E6244CA3
:10EFD000E06FFDF7DFFD244B384D1860227D032ADA
:10EFE00000D8374D0E331C00364B9200D358029395
:10EFF000F2F7A4F92A000090019164E78423184AEB
:10F000009B00D058F2F75AF92F49F1F73FFCA7E6D9
:10F010002B21134B5956002900DACDE60C224A4326
:10F020009B18B8338EE70E4B1A002B3212787F2ACA
:10F0300000D9C1E6D86E0C4C2060F2F77FF90E348F
:10F0400000900191214A84E6054B07489C331B68D8
:10F050004360002B00D1A9E60E301D4A93E6C0465E
:10F06000501D0020001F0AFA342B00200D710108EA
:10F070001171010816710108606B01081B7101080C
:10F0800020710108337101080000D642FC700108AC
:10F090002571010835710108DB810108782A0020FB
:10F0A0006B2A00203F7101082C03002044710108E5
:10F0B0004D7101080024744938800108FF7001086F
:10F0C00006710108688F010800401C465471010850
:10F0D0005C71010810B5064A012311780C001C4030
:10F0E00005D14B401370F5F725FA024B1C7010BD8B
:10F0F000302B00205E1C0020054B5A7A824205D03E
:10F1000058720A23034A11880B4313807047C04684
:10F11000342B00205C1C00202B2270B5234D0E00E8
:10F12000AA56531C2AD00C2320205343EB18B0338B
:10F13000197881431970042E19D83000F1F74EF870
:10F14000031F23272B001000F8F71AF9431C0ED0D9
:10F150002B000C242B331B785BB25C432C19220050
:10F16000B4321080012E1AD91800F8F749FD2B206F
:10F170002856FEF781FE0020FFF7BEFF70BD10008D
:10F18000F8F74EF9E2E71000F7F7E6FFDEE71000C8
:10F19000F8F744F8DAE71000F8F7C2F8D6E780B2DB
:10F1A000F8F718FCB8342060E1E7C046501D002095
:10F1B00002000120002A05D170470A3B59424B4109
:10F1C0000132C0181378002BF7D1F5E7F8B5574690
:10F1D000DE464E46454682460020E0B53A4A835C0C
:10F1E000002B42D10321F1F77DF90223374E5B1A40
:10F1F00011201E4104F048F9122004F051F90023B7
:10F2000001259846033340249B46A9464746AE4312
:10F21000B6B25346DD5D002D2BD14022FF322023B4
:10F22000121BD421200003F0F9FF53461B78002B5A
:10F2300015D1274C2068002811D0FFF7B9FF050031
:10F24000112004F021F90B2068432030C20F12185E
:10F2500052105242F0325221206804F0D9F93CBCDD
:10F2600090469946A246AB46F8BD2E2BBAD0013047
:10F27000B5E72E2D1CD13601B6B2243D0C2398469D
:10F280004B461E4201D102239846200044442023CD
:10F290004246D421A4B203F0C1FF01372100E8B2F5
:10F2A000D4221034760804F0C9FAA4B2BFB2B0E791
:10F2B0002D2D03D15B46223D9E43DFE7303DEB43DE
:10F2C000DB171D40DAE7C046802A002024490000F1
:10F2D000902A0020082906D8012203490B781343FD
:10F2E0000B70024B1A707047AE2A00206C2A002067
:10F2F000B52110B508484900435C002A05D06A3999
:10F30000DB08FF399943517110BD08225340435423
:10F3100004F05AFBF8E7C0462C03002070B50C003F
:10F32000151E10D028000E4B8A00D35820210C3017
:10F330000C4AF5F745F80C4BD97D091B4B42594156
:10F340000431697170BD002906D003201100F9F75E
:10F35000CFF80020F6F702FC2000F6F7CBFCF1E72F
:10F36000587D0108216F0108501D002070B50D0067
:10F37000141E01D0A16070BDF7F7B8FF90232200E2
:10F380000C2005495B009542F5D904005443013235
:10F390000B53D2B2F7E7C046001E0020020010B5A2
:10F3A0000020032A0CD80C235A43064B9B181A0042
:10F3B000B1321278824203D0B4331888F8F70AFBCE
:10F3C00010BDC046501D0020F0B5C646050000B572
:10F3D00008000F00F8F7C6FF0400032F41D12A4BA5
:10F3E0005B7B002B13D00020284E2B363056FFF7C6
:10F3F000D5FF804600200A2230564146F8F772FCBD
:10F400004346002B1FD041460220F9F771F8EB0666
:10F4100005D51E4B9C331B68002B17D0E418AB0698
:10F4200005D51A4B9C331B68002B15D0E41A184BDA
:10F430001B68A34207D3174B1B68A34203D82100C4
:10F440003800F9F755F804BC9046F0BDA000013033
:10F45000FFF77EF90400E2E7601EFFF779F9040088
:10F46000E5E70A4B9C331868002805D10330F8F70C
:10F4700079FF8008FFF76CF9EB0600D52418AB067E
:10F48000D5D5241AD3E7C046342B0020501D0020C8
:10F49000BC0400201C1C002010B5002A10D17023D1
:10F4A000084AFF33D05C41424841C0B2D05403F017
:10F4B000FFFE04F089FA2623034A11880B431380C8
:10F4C00010BDC0462C0300205C1C002010B5002A93
:10F4D00007D0B32307495B00CB5A591E8B415371A8
:10F4E00010BDF6F7E3FB2023034A11880B4313807A
:10F4F000F6E7C0462C0300205C1C0020B52070B548
:10F500000A4C4000235C0425002A06D02B405B1ADD
:10F5100059424B415B19537170BDAB430B432354AC
:10F5200004F052FAFAF7A0F8F6E7C0462C030020E0
:10F53000F8B50123334A1178194203D04B401370B8
:10F54000F5F70EF88020F4F7DDFFFA23DB00984290
:10F5500051D9012390202C4E032273838021C005B2
:10F56000F3F76EFE0824002580273800F4F7CAFF61
:10F57000013C2D18002CF8D10221318390268027E0
:10F58000F605778301222048F3F75AFE3900300050
:10F590000122F3F755FE220001211B48F3F750FE2C
:10F5A000300003224021F3F74BFE0826403F38008D
:10F5B000F4F7A8FF013E2418002EF8D1FFF780F9D8
:10F5C0008020F4F79FFFFA23DB00984205D90F4B08
:10F5D000E4081C800E4BED081D80002201200D4B1D
:10F5E0001A7000220C4B9A56824203D01870434284
:10F5F00058410230F8BD074B187801384342584152
:10F60000EFE7C046302B002000040048A22A00206B
:10F61000A42A00205E1C0020A02A0020F7B50600C6
:10F62000012015000F001C0003F02EFF002003F046
:10F6300037FF03F0F7FE0C4B39000093092330002D
:10F640001A0003F039FF2B00084A7421732004F0DC
:10F650004BF8FFF76DFF0328FBD1054B1B88238078
:10F66000044B1B886380F7BD008F01086971010896
:10F67000A22A0020A42A0020002070479023DB0546
:10F6800018690A231840431E98417047024B18809E
:10F69000024B19807047C046A22A0020A42A0020ED
:10F6A00010B5C824FFF744FF002800D110BD20008A
:10F6B000F2F7F2F9F6E70000702370B50E4DFF3354
:10F6C000EA5C0224002A01D00024022213000C214B
:10F6D00024335B00EB180800084AFFF79FFF230064
:10F6E0002C2024335B00EB18054ADB21FF30FFF7A9
:10F6F00095FF04F069F970BD2C030020128F0108FA
:10F700001D8F0108F8B5CE464746294B80B500222B
:10F710009B5E284A81460025555F274A8846127815
:10F72000002A05D003600D600CBC90469946F8BDD8
:10F73000224E4027320048320021525E31004C31C7
:10F740000020095E30209C1AFF306043CB1A1B0159
:10F75000C018891AF0F7E0FDFF373C00B84202DC20
:10F76000C443E417044033004A3300229B5E320056
:10F77000DF204E320021515EEA1A50434D1B2D010D
:10F780004019C91AF0F7C8FDEF280DDDEF207023EE
:10F79000FF33F35C002B02D0EF233C1B181A4B46BF
:10F7A0001C6043461860BFE7C343DB171840EEE711
:10F7B000A22A0020A42A00205E1C00202C03002086
:10F7C000F0B5012085B003F05FFE002003F068FE75
:10F7D00003F028FEE9221E21214803F0F1FE9027C4
:10F7E000012003F073FF00250E26FF05FFF7A0FEA2
:10F7F000022828D10020FA2503F068FF01246D00BB
:10F80000FFF796FE022818D101A96846FFF77AFF94
:10F810002800F2F741F903A902A8FFF773FF039B41
:10F82000029A0199009804F01BF8029B0093039B35
:10F830000193FFF77DFE0328EAD1FEF79BFF2042EC
:10F84000DED005B0F0BD3C693440AC42CED078216A
:10F850002300044A080003F047FF2500C6E7C0461E
:10F86000298F0108598F0108F0B5C646012000B55F
:10F8700003F00AFE002003F013FE03F0D3FD05227F
:10F880001C4D1100286803F0F3FE012321261824E3
:10F89000984605276868002819D1174B1B78002B5C
:10F8A00005D0220005210A32144803F089FEC8243D
:10F8B00001256400FFF73CFE022814D0FEF75AFF32
:10F8C000284210D12000F2F7E7F8F3E71C00424687
:10F8D0007608631D1642F9D10B342200390003F07B
:10F8E0006FFE0435D6E7002003F0F0FE04BC90461E
:10F8F000F0BDC04600610108680E00205883010871
:10F9000010B5012003F0C0FD002003F0C9FD03F095
:10F9100089FD05220448110003F07AFE034B044AD6
:10F920001A60FEF777FEC046AB6F0108F03F00207B
:10F93000EFBEADDE10B5FFF7E3FF000070B5A94BD9
:10F940001878232831D8F0F753FC240031003C000C
:10F9500047004E005E00590063006B0072007700A4
:10F960009A00AD00E600ED009300F2000B01F700F5
:10F97000FF007E0085008C0024012B0142019A00CB
:10F98000B4003000BB00D5003A01470159003000F7
:10F990001501954B00205968944B9C46944B61444B
:10F9A000A4331B68C91AF8F7A3FD70BD8E4B012064
:10F9B00059688E4B9C468E4B6144A4331B68C91A10
:10F9C000F1E7894B02205968884B9C46884B61447B
:10F9D000A4331B68C91AE6E70022854B0320DA75B9
:10F9E000814B5968DFE7804B042059687F4B9C4668
:10F9F0007F4B6144A4331B68C91AD4E77A4B18685B
:10FA0000F9F7B6FBD1E7784B1868F9F785FBCCE737
:10FA10000022774B5A71744B1868F6F775FBC4E7F0
:10FA2000714B1868F6F704FD03F0CEFFBDE76E4B8F
:10FA30005868F6F7D3F9B8E76B4B1868F1F7D4FBC1
:10FA4000F6F7F8FDB1E7684B1868F1F7CDFBF6F76C
:10FA50000DFEAAE7644B1868F1F7C6FBF6F7C0FF86
:10FA6000A3E7614B1868F1F7BFFBF6F7C5FF9CE70A
:10FA70005D4B1868F1F7B8FBF6F794F995E7852325
:10FA80005B4D9B00EB5C584C002B04D0206859491F
:10FA9000F1F7EEF92060A96F2068F1F7E9F9F6F7C0
:10FAA00095FA82E7504B1868F1F79EFBF5F76EFF69
:10FAB0007BE74D4B1868F1F797FBF5F797FF74E775
:10FAC0004D4B4B4918784D4B1A7806234343474812
:10FAD0009B188446444A1B01CB185268A43109681C
:10FAE0006244E833521A1A600122454B1A70F7F744
:10FAF0008DFF5AE7404B1D78404B1C783A4B1868F5
:10FB0000FDF78CF806236B431B190E33384A1B0193
:10FB1000D3185860E8E7344B1868F1F765FBF5F740
:10FB200097FF42E7304B5868F5F7B6FF3DE72E4B9D
:10FB30001868F6F763FE38E700222D4BDA752A4B7A
:10FB40001868F6F70BF830E7274B2E491868F1F7DD
:10FB500079F8F0F707FDF6F70DF8FEF789FC24E7D2
:10FB6000214B1868FDF75AF8F6F78EFE0122264B56
:10FB70001A701AE71C4B25491868F0F70BFD244949
:10FB8000F1F760F8F0F7EEFC8423194A9B00D0509F
:10FB9000ECE7154B1868F1F727FBF5F767FF04E76B
:10FBA000114B2B205968114B9C46114B61441A0094
:10FBB000A43212681856891AF8F722FAF5E62B20B3
:10FBC0000B4B1856084B1968F7F7CEFEEDE6064BBF
:10FBD0001868F6F799F8E8E6034A054B52689C3333
:10FBE0001A60E2E67A2A0020342B002000E1F505B5
:10FBF000501D00200000D642782A00206B2A0020E9
:10FC0000B004002000247449450E002017B7513875
:10FC100000401C4670B50124634B01301E68400053
:10FC2000624D301804572800F1F780FC03000200F1
:10FC300001203056002800D091E0632C00D193E0E1
:10FC4000192C1CD021000C39032907D9152C25D0DB
:10FC5000162C27D0172C27D16E2120E06B210D2CDC
:10FC60001DD01E390E2C1AD006390F2C17D0263174
:10FC7000152C14D0162C15D00131172C0FD00022C2
:10FC80002800EA54F5F7B6FB494C20602800F5F748
:10FC900013FA6060FFF752FE012065E06D21A95460
:10FCA000531CECE77521FAE7092C0BDC0B2B02D86F
:10FCB0003034EC54013300242800EC54FFF786FA6A
:10FCC000200051E01E2C12DD591C230039481F3B37
:10FCD0009B001B581B78AB540B00222C02DD931C9D
:10FCE00030226A54252CE6DD3022EA54E2E70A2C61
:10FCF0000ED10B2BDFD8002100E001318A4203D066
:10FD0000685C2E28F9D1D6E72E23AB54531CD2E7DA
:10FD10000B2C1DD10B2BCED8002B03D12D232B70F8
:10FD20002C3BC8E72B782D2B08D12A0000235178D3
:10FD30000133117001320029F9D1BCE71100AB1871
:10FD40001878013B98700139FAD22D232B70DDE72A
:10FD5000102CB0D10220002B06D0013BABE7162CB3
:10FD600003D10220002B95D170BD1A2C17D102208F
:10FD7000002BF9D0013B00241120EC5403F084FB4C
:10FD8000122003F08DFB0E23F022D921402003F036
:10FD900045FAD9224021280003F06AFC90E7072B9E
:10FDA000E9D8EC540133E6E77C2A0020802A0020C1
:10FDB000342B0020A471010830B5094B094A1B7887
:10FDC00002339B0018181378122B07D8064C5D00DD
:10FDD00028535C1C1470054A9B00995030BDC046E6
:10FDE000792A0020AC2A0020042B0020B42A00200D
:10FDF000F0B5DE4657464E464546E0B50127E34C92
:10FE000087B0237D9A009B46E14BD358029300258F
:10FE100004AE2800B57103F043FBF0231E22290035
:10FE2000280003F0FBF9DB4B1D709A46A37C023BD4
:10FE3000DBB2012B00D8E2E2236F9846F6F7BAFB5B
:10FE40001423A84204D022793B00AA4200D11523F2
:10FE500098B203F019FB5B46032B00D965E24046DC
:10FE6000F1F7C2F900210300CB4A080003F03CFC83
:10FE7000CA490020FFF7A0FF230005002C331B78A0
:10FE8000C74A01B2D35C029A00200092C54A03F02F
:10FE90002BFCC5492800FFF78FFF0500380003F051
:10FEA000F3FA2BB2606F9946F1F748FABF4A009017
:10FEB00001914946002003F017FC28000621FFF7B6
:10FEC0007BFF0500F4F780FD002808D0152003F023
:10FED000DBFA2A000021B64803F072FB0C35237EC2
:10FEE000013BDBB2012B08D8152003F0CDFA2A0024
:10FEF0000021B04803F064FB0C35AF4B1B78002B9E
:10FF000008D0142003F0C0FA2A000021AB4803F007
:10FF100057FB0C3553461B78A94A59008D52514660
:10FF20005A1C0A700021A74A9B0099506379380037
:10FF30008B4200D1152003F0A7FAF6F791F82BB207
:10FF40009946F1F7FBF9A04A00900191494600203B
:10FF500003F0CAFB28009D490830FFF72DFFA37F5F
:10FF60000500002B11D0152003F08EFAA37F984ACC
:10FF70009B0029B29B580020964A03F0B5FB28004D
:10FF800095490830FFF718FF0500A31DDB7F002B04
:10FF900019D01520012B00D0380003F075FAA31DED
:10FFA000DA7F29B28D4B900703D48D4B002A00D005
:10FFB0008C4B8D4A002003F097FB28008B490830BA
:10FFC000FFF7FAFE0500A379002B0DD0152003F0F2
:10FFD0005BFA2A000021864803F0F2FA28008549DE
:10FFE0000830FFF7E9FE0500A31CDB7F002B0CD0D7
:10FFF000152003F049FA2A0000217F4803F0E0FAB7
:020000040801F1
:1000000028007E49FFF7D8FE0500A36D1520002BC0
:1000100000D1380003F038FA794B99461B78002B51
:1000200001D0F6F721FF2BB20393764B1888F1F736
:10003000FBF87549F0F706FEF1F780F9734A009076
:1000400001910399002003F04FFB2800704908300C
:10005000FFF7B2FE4B461B780500002B06D0F6F7E3
:10006000D7FCF5F727FC82239B00E050E37E1520A8
:100070005B0700D1380003F007FA0722E37E29B2BC
:100080001340644A0020D35C634A03F02DFBE38FE6
:100090001520002B05D180239B00E358002B00D1B5
:1000A0003800083503F0F0F92BB2994682239B0003
:1000B000E058F1F703F95949F0F7E8FBF1F73EF999
:1000C000574A009001914946002003F00DFB28009B
:1000D0005449FFF771FEA31D99463E229B5E050021
:1000E000002B17DB152003F0CFF94B463E229B5E19
:1000F0004D4A9B0098584D49F0F784F829B2030007
:100100004B4A002003F0F0FA28004A490830FFF774
:1001100053FE05000021A06FF0F7F6F98146002894
:1001200014D1152003F0B0F92BB2A06F0393F1F7AF
:1001300005F9414A009001910399484603F0D4FA29
:10014000280010210830FFF737FE0500E38E012B51
:100150000ED0152003F098F929B2E38E374A00201B
:1001600003F0C2FA28000F210830FFF725FE050032
:10017000237E002B00D182E0F4F726FC00285FD11B
:10018000237E1420012B5CD15AE0C046501D002074
:10019000688F0108AC2A0020E56E0108E47D0108A3
:1001A000B4690108F16E01086C820108F66E01085D
:1001B000FC6E0108036F0108D41F0020096F0108BD
:1001C000042B0020B42A00200C6F0108C074010821
:1001D000306E01081B6F0108EC7401081B710108E7
:1001E000E7810108336F0108246F0108B075010829
:1001F0002D6F0108247F0108366F01082877010858
:10020000B0040020040D00200000C8423C6F01082B
:10021000907D010864710108486F01080024744949
:10022000506F0108748001084C61010840420F00C2
:10023000576F0108B07D0108626F0108706F0108F7
:10024000152003F021F92A007A480021083503F02F
:10025000B7F92BB299465B46E06F032B75D8FCF7D4
:1002600099FCF1F76BF800900191734A4946002020
:1002700003F03AFA28007149FFF79EFD0500F6F7F2
:1002800099F9431E9841143003F0FEF80222A37C32
:100290006B48934300D06B482A00002103F0B8F963
:1002A0000C239946380003F0EFF806226649300027
:1002B00004F0A2FC627AA9446623002A00D1203B04
:1002C0003370637D9A0748D567237370A37D9A07BF
:1002D00047D56E23B370E37C9A0746D56223F3704B
:1002E0004A460021300003F06BF918239946082292
:1002F0005649300004F092FC7279A9442D2A3CD171
:100300003379302B35D10023F37000214A46300079
:10031000B17103F055F94B46C72B38DD4C4A1378C1
:10032000002B41D0013B137071E52300883319681D
:100330004046F0F7ABFAF1F701F800900191002187
:10034000444A080003F0D0F992E5FCF723FCF0F7EB
:10035000F5FF414A0090019188E73B42B6D0472320
:10036000B3E73B42B7D04E23B4E73B42B8D0422379
:10037000B5E7737130233371C6E7B3792D2B01D103
:100380000333C1E731797371F1703271BDE75346C0
:100390001D780135AD004D44C72D05DC2C4A13787E
:1003A000012B01D80133BEE7237F002B27D12B4B34
:1003B0001D88F6F7FFF81423002804D02279133B98
:1003C000002A00D1143398B203F05EF85B46244C47
:1003D0002EB22449606F032B18D8F0F733FC011CB0
:1003E0004046F0F745FDF0F7FFFE1F4A03003100DD
:1003F000002003F079F91D492800FFF7DDFC07B064
:100400003CBC90469946A246AB46F0BDF0F71AFCBC
:100410008834011C4046F0F72BFD2168F0F736FACE
:10042000F0F78CFF0B4A009001913100002003F09F
:100430005BF9E0E77C6F0108826F01081482010814
:10044000DC6E0108E06E01088E6F01086052010841
:10045000792A0020EA6E0108886F010868240020CC
:10046000501D002000002041946F0108EC74010829
:10047000044B054A1B789B009B5818787F239843B0
:100480007047C046AD2A0020100500200023F0B5BB
:1004900057464E464546DE469A46E0B50500574665
:1004A0001E0095B0049007910893002D13D1E62407
:1004B000A41B002C08DD280002F0F2FF23005022CC
:1004C0003100F02002F0AAFE15B03CBC90469946DF
:1004D000A246AB46F0BD0123BB40079A1A4200D1A9
:1004E000CAE0FF2307225B4209ACA3802B781340AC
:1004F000052B00D0CAE0043B099300232371D44BA1
:1005000022791B68BB4200D0C3E0052363805B33C4
:1005100013432371049ACF4B9A4200D0BCE0052FBD
:1005200007D18023CC4A9B00D3585A1E93410233F3
:10053000637107232A781340032B00D0C4E02B8972
:10054000E9881B040B4398460CD06B7899B21207CC
:1005500005D5089A0F2194460B40634499B22200B6
:100560003800C047AA886B8812041A430CAB039367
:10057000002A04D0A36820210398F3F721FF072263
:100580002B781340062B0ED16878FEF793FBAA88D0
:100590006988B24B12040A430E3320210CA8F3F7EA
:1005A0000FFF0CAB0393AE4B1B889B46FFF760FF1E
:1005B000B3B2994600945B46002800D18DE18222B7
:1005C000494652001E20FEF7C5F905222423A256F3
:1005D0000593002A11DB5B460B3BD90FC918162384
:1005E0005343A04A49109B18009389190B231022EA
:1005F000212002F061FF3523059310222B789046CD
:10060000134228D05B46103BDC0FE4180A237B43DF
:100610009A465246049B6410013306939B5C924AAF
:100620001B095B019B18A419009342464346210015
:10063000FA2002F041FF5246069B85209B5C0F2268
:1006400013408A4A5B019B180093424643462100AF
:10065000400002F031FF07222B781340062B39D0DF
:10066000002358460E38C20F121852109219D21A8F
:100670000599039802F0FCFF280008A9FDF7D8FFB0
:10068000774B05001B880137F6180EE7784B099366
:1006900035E770235B423BE7764B049A9A4208D1D8
:1006A000012F00D045E76C4B1B795A42534104336C
:1006B0003EE7714B049A9A4200D03AE7012F00D0EE
:1006C00037E7654B5B79F0E7AB886A881B04134317
:1006D000039354E76B78022B74D15F4B98461C6DE3
:1006E0005B46093B4B441BB29946644BA0349A4687
:1006F0004346586DF0F7E2FD80231B069C4660449C
:10070000F0F71CFE52460090019149462A2002F063
:10071000EBFF4346586DF0F7D1FD80231B069C4646
:1007200057496044F0F7B2F8F0F708FE52460090DF
:10073000019149465E2002F0D7FF524A4946922075
:1007400002F0D2FF4346586DF0F7B8FD4C49F0F780
:100750009DF8F0F7F3FD5246009001914946C620FE
:1007600002F0C2FF4346586DF0F7A8FDF0F7E6FD32
:100770005246009001914946FA2002F0B5FF002C44
:1007800000D16DE71E2C00DA1E243F4B201F009382
:1007900007220523310002F08FFEB0460923D8441A
:1007A0005B4243449A4691235B00522499462200BF
:1007B000200043465146343403F052F84C45F6D1FC
:1007C00002234EE70B2B67D1F5F744FC8046F5F783
:1007D00057FB8246F5F786FB5146041C4046F0F76E
:1007E00047FB2A49F0F72EFA211CF0F74FF8284969
:1007F000EFF7D0FE8121C905EFF7CCFEF0F7F4FC4E
:100800005B46093B4B441BB29946224B49469846EE
:100810000A23424604005B422A2002F065FF0123BE
:1008200042465B4249465E2002F05EFF4946154A59
:10083000922002F059FF424649460123C62002F0A9
:1008400053FF0A2342464946FA2002F04DFF96E73D
:100850002C2B002028770108501D0020342B00206D
:100860000C050020586E0108C4730108D8820108E5
:1008700004000300E47D0108C0740108986F0108BA
:1008800000002041A16F01086883010800007C433B
:100890000000F041A56F01081A2B00D0E0E6F5F743
:1008A000D9FB8046F5F7ECFA8146F5F71BFB494684
:1008B000041C4046F0F7DCFA1D49F0F7C3F9211C8F
:1008C000EFF7E4FF1B49EFF765FE8121C905EFF75C
:1008D00061FEF0F789FC040051E750224946F02000
:1008E000FEF738F80522A256F724002A10DB5B46F3
:1008F0000B3BD90FC918162353430F4A49109B18B5
:10090000009389190B231022F22002F0D5FD0B343D
:100910000398FEF74DFC0B22524250435844C20F3D
:100920001218521092192100039802F071FEA3E6EA
:1009300000007C430000F041586E0108F0B501242E
:1009400007000E00164B8FB0039303AB1C7115000C
:100950000093B4223C2350214620FDF7FBFF552293
:100960005021380002F054FE200002F099FD2623A9
:10097000AE226321492002F051FC712230005A213D
:1009800002F046FE074BFA219C460748890068435F
:100990006044EFF737FCF1F77FF80FB0F0BDC046C9
:1009A00004000300E703000010270000F8B5194B0E
:1009B00047461B68CE469846174B184C1E68434660
:1009C000626D80B581469B1B934200D26365636D67
:1009D000FC2118005D08EFF715FC761907004E455D
:1009E00007D94B463900F01AEFF70CFC236D181AA3
:1009F00020654D44A84508D243463900E81AEFF770
:100A000001FC236D9C46604420650CBC90469946D1
:100A1000F8BDC046BC0400201C1C0020501D002056
:100A2000012110B5044B054A1B7849429B00985898
:100A3000FFF72CFD10BDC046AD2A00201005002098
:100A400010B5044B044A1B7801009B009858FFF72F
:100A50001DFD10BDAD2A00201005002001220F4B06
:100A600070B51A70FDF740FEFFF702FD0C4D0D4CFE
:100A700000280CD0FDF770FC00232B802380FFF7AB
:100A8000CFFF1423084A11880B43138070BDD22373
:100A90002B80064B1A880A235343EFE7312B0020A3
:100AA000E0040020682400205C1C0020DE040020FC
:100AB00010B50400FDF7FCF9064A1378052B01D8A0
:100AC000013313701378044A9B009C50FFF7C6FF54
:100AD00010BDC046AD2A00201005002070B586B0BC
:100AE000002A3BD01F4D0C322B0008330021D86F59
:100AF0001400EFF709FD002825D10320F7F732FC99
:100B000080239B000600E858F0F7D8FB1649EFF762
:100B1000BDFEF0F713FC049005910835E86FF0F77F
:100B200063FB02903000F0F7C9FB0F49EFF7AEFE10
:100B3000F0F704FC0D4A0090019120212000F3F70A
:100B40003FFC06B070BD0320F7F70CFC0028D4D1A1
:100B5000074A20212000F3F733FCF2E70548FFF7AE
:100B6000A7FFEEE7501D00200024744926800108ED
:100B70003E800108F47F010837B5002A1BD01049D8
:100B80000C32CB7D14000F4A980085580422934301
:100B900006D12B000C4A20212000F3F711FC37BDB1
:100BA000C86EF0F721FB00950300084A20212000C1
:100BB000F3F706FCF3E70648FFF77AFFEFE7C046D6
:100BC000501D0020587D0108EF7E0108F77E0108C6
:100BD000FC7C010810B5002A09D0074B06333E21E2
:100BE0005B5E064901339B005B58936010BD04486F
:100BF000FFF75EFFFAE7C046501D0020C47D0108E4
:100C0000B07D010870B5374D0C002B002B331B78DD
:100C10005BB2591C0DD0002A33D000203249C88164
:100C2000042C22D006D8844215D0022C16D00E31C6
:100C3000916070BD102C18D0202C16D0082CF6D145
:100C40000C204343ED18B3352B78180006333130B0
:100C500088735380EBE731338B73E8E70C205843FC
:100C60002818B230007831308873002050710C3071
:100C70004343ED18B0352B781C42D8D00123537173
:100C8000D5E7022C13D10C225A43AA18B03212789D
:100C9000224214D11548FFF70BFF2B220C23AA5632
:100CA0005343ED18B0352B781C432C7010E0082C02
:100CB00005D10F4B0F481A70FFF7FAFEB9E70C2267
:100CC0005343EB18B0331A78144204D0A2431A707D
:100CD000FCF752F8ADE7002CDFD10748FFF7E8FE3C
:100CE000F6E7C046501D0020342B0020847A01080E
:100CF000782A0020FC7A0108E87A010810B5034B35
:100D000003481960FFF7D4FE10BDC046702A0020CA
:100D100098760108F0B5C64600B5304B86B0150090
:100D200018782F4C002A46D0602200234243E0323C
:100D300094461E00A44462461F01D75D01337A1E0B
:100D40009741F619062BF6D1002E05D160224243B9
:100D5000A218E032053B13700623434359180B00D9
:100D60000E331B019846E35C09015A1E934161183A
:100D70006B71E8310868F0F7A1FAF0F7DFFA434643
:100D8000E318060058680F00FBF704FF237D154A9F
:100D90009B009B580C350493F0F7D0FA009601970E
:100DA00002900391104A20212800F3F709FB06B0B6
:100DB00004BC9046F0BDCBB2062141430B4AC91892
:100DC000137001230E310901094A63541370F6F7B9
:100DD0001DFE0848FFF76CFEE9E7C046782A0020B0
:100DE000501D0020688F0108C87801086B2A002078
:100DF000B00400208C78010870B50800002A53D098
:100E0000002906D14F4B1B78591C06339160538043
:100E100070BD012908D14C4B34331978494B1B78EC
:100E2000194108405071F3E7022906D1454B197862
:100E3000454B5B181B7B5371EAE7052916D110005F
:100E4000404B0C301978404B5B180233DB7F002B92
:100E500006D0012151713D4A1F31F3F7B1FAD7E7AE
:100E6000537120213A4AF3F7ABFAD1E7042908D1AC
:100E7000344B19781623022947D0334B5B18DB7BA0
:100E8000D9E70329C4D12F4B19782F4B5B189B7FCF
:100E90001900481E814151710C3210002D4A9B00EF
:100EA0009B5820212C4AD8E70529B1D8EFF796F9AD
:100EB000030734473F3D2948FFF7FAFDA8E7224AD8
:100EC000012513003433197800231C000800184151
:100ED000013328402418032BF8D10D00194B187842
:100EE000012305411D4212D09C4204DD834034326F
:100EF000994311708CE7FA221949D2001948FFF77B
:100F00001DFD2023184A11880B43138080E783407E
:100F100034320B4313707BE70A4B1A780A4B9B1849
:100F20000122197B4A401A7372E71048C4E7054B47
:100F30001878012800D96BE7F5F7FAF968E70C484B
:100F4000BAE7C046782A0020501D0020CC81010855
:100F5000DE810108306E0108EB8101084C81010837
:100F6000F38101080D8201085C1C0020E07F01086C
:100F7000EC74010810B50248FFF79AFD10BDC04699
:100F80005479010810B50248FFF792FD10BDC04624
:100F90009477010870B5174C2378002B28D0FFF701
:100FA00067FA002824D102F07BFA134D2B7F002B27
:100FB00001D0FDF727FA6B7F104D002B08D0104BA6
:100FC00029881B8850221B015B1AF02002F026F9A9
:100FD00036230C4A11880B43138091220A4B52008E
:100FE0001A800A4B1A880A2353432B80002323704C
:100FF00070BDC046312B0020501D00206824002009
:101000000C0500205C1C0020E0040020DE04002011
:1010100070B5124D06002B78002B1AD0FCF748FF54
:10102000FFF726FA04002B78013B2B70FFF720FA1C
:10103000631E9C41844204D03623094A11880B4325
:1010400013800122074B52421A60002E02D0FFF794
:10105000A1FF70BDFFF702FDFBE7C046AD2A0020EF
:101060005C1C00202C2B0020852110B5064889002F
:10107000445C002A01D0547110BD012363404354E5
:101080001000FFF7C5FFF7E7501D002010B5481E00
:10109000141E0DD0094A890006323E23D35E1B1A66
:1010A0005842434104336371054BCB58A36010BDD4
:1010B000F4F746FC2000FFF7ABFFF8E7501D0020D7
:1010C000C47D0108164B800010B5C458002A0DD00D
:1010D000144B9B7CA34206D1134B93600523538092
:1010E0005C33137110BD114B9360FBE72000F7F7E1
:1010F00003FE032C07D82000EFF770F802020B0F55
:101100000120FFF785FF0423094A11880B43138050
:10111000E8E70848FFF7CCFCF5E70748FAE7C046E0
:1011200084710108501D0020EC7C0108F37C01084B
:101130005C1C0020547901089477010810B500293F
:1011400009D0084B1A68084B1968084B1868F5F75E
:10115000BBF902F039FC0020054B1860FFF758FF7F
:1011600010BDC046A82A0020742A0020702A002042
:10117000580E00200F4B70B518002B3000780C244F
:1011800040B2002A0DD044431B19B3331B784D1CC9
:101190005B1A5842434106310433956053715180C4
:1011A00070BD44431B19B33319701000FFF730FFB3
:1011B000F6E7C046501D0020F8B515004E1E164C2F
:1011C0000C27002A0ED023002B331B785BB27B4305
:1011D000E418B23420789160801B434258410430B7
:1011E0005071F8BD3A007243A21813000121B133C7
:1011F0001970B4320023D15E3000F6F7EBFE2B20DD
:1012000020564743E419B2342670FCF735FE280017
:10121000FFF7FEFEE5E7C046501D00202B2070B50D
:10122000104B185600281CDB002102250C000E4A2A
:101230005678002E06D016782E4203D09678864235
:1012400000D1547001310C320429F1D10C22002458
:1012500042439B18B1331C70FBF78EFD2000FFF753
:10126000D7FE70BD501D0020001E0020F8B51600EE
:101270004C1E244D0C27002A08D07C432C19B13475
:101280002378B1605A1E93417371F8BD3B006343EC
:10129000EB181A000121B1321170B4330021595EEC
:1012A0002000F6F797FE2B00174A2B33611C1ED146
:1012B00000215156147019704B1C08D11349380085
:1012C0007043085C01280AD12B002B331E702B20A1
:1012D0002856FCF7D1FD0020FFF79AFED5E701362E
:1012E000042EECD12B00FF222B331A70EFE70021E4
:1012F00000205956105664B2884200D011701C70FC
:10130000E5E7C046501D002038050020011E0020E2
:101310002B2070B52B4C0E002056FEF73FF8051E13
:1013200019D0042E0FD83000EEF758FF0303031630
:101330003E002900F7F7DCF8022E04D10322224BED
:101340005A72023A5A730120FFF762FE04231F4AC1
:1013500011880B43138070BD00201D4E3056431C76
:1013600003D02B23E35683420BD10220F6F7FAFF7A
:10137000291A854200D2411B03204900F7F7B8F82B
:10138000E1E7FEF70BF8041EE5D0854205D9002001
:101390003056FEF703F82C00050029000020F7F76F
:1013A000A7F821000120E9E72B220C23A256534382
:1013B000E418B4340022A35E064A9B009858F7F75D
:1013C000ABFEC0E7501D0020342B00205C1C002029
:1013D00038050020840E002010B5012902D0022912
:1013E00007D010BD0422044B08001A70FFF710FE4E
:1013F000F7E7F6F7A1FAF4E7D404002010B5044C9F
:101400002378002B00D110BD0020FFF701FEF7E785
:10141000AD2A00200D4B490070B51500CC5A002AAA
:101420000DD00A212000EEF7EDFE094B80B2A86036
:10143000986D001B434258410430687170BD200014
:10144000F5F784FD0120FFF7E3FDF7E7C882010807
:10145000501D002010B5141E0BD0094B5B56936035
:10146000084B2E331B785B1A59424B41043353719E
:1014700010BD0800F4F766FB2000FFF7C9FDF7E791
:1014800044600108501D002070B51A4B6022187886
:1014900000231C0042431849E03252181D01555DDB
:1014A00001336E1EB5416419062BF7D1134A127829
:1014B000012C0DD143439B180E331B01CB5C002B39
:1014C00006D0FA220E4992000E48FFF737FA70BD97
:1014D000052AFCD80623434300249B1801220E331F
:1014E0001B01CC54084B1A70F6F790FA2000FFF756
:1014F0008FFDECE7782A0020501D00206B2A002089
:101500007078010883780108B004002010B5080045
:101510000A4C002A09D01E232A3421784B431B1A77
:1015200059424B410433537110BD6271EFF7C6FE4F
:10153000F4F7EAFD0120FFF76BFDF5E7501D0020F1
:10154000022310B51248847C9C43002A13D0012C3E
:101550000BD1104B2A3093601E23007843435B1A53
:1015600059424B410433537110BD0B4B9360437987
:10157000591E8B41F6E7012C07D142710020F4F788
:10158000C3FD0120FFF744FDEEE7F4F75DFCF8E74B
:10159000501D0020E87401081B71010810B5002AD5
:1015A00007D0074B1B7D5B1A59424B4104335371E3
:1015B00010BD0800F7F748FD0120FFF729FDF7E708
:1015C000501D002010B5002A06D0074B1B79591E6C
:1015D0008B410433537110BD0120F4F74BFC012003
:1015E000FFF716FDF7E7C046501D002070B50D004F
:1015F000141E0C4E0ED020004B1C0B4A20210C3028
:10160000F2F7DEFEAB1D63803378AB4201D11623C7
:10161000238070BD3078F4F72BFE2000FFF7F8FC34
:10162000F7E7C046782A0020D47F0108F8B50D00FE
:1016300014004E1E144F002A1ED010000C3000293A
:1016400015D00B00114A2021F2F7BAFE6B1D638002
:101650003A780F4B9B180233D97F491B4B425941B3
:1016600004316171B24201D116232380F8BD094AC9
:101670002021F2F7A5FEEBE738783100F4F702FEFF
:101680002000FFF7C5FCF1E7782A0020CC81010893
:10169000501D0020DE81010810B5002A0BD04B1C24
:1016A0009360124B1B785B1A584243410631043356
:1016B0005371518010BD0E4B0833DB7F5BB2013399
:1016C00010D002290ED1FA220A49D2000A48FFF7A7
:1016D00035F92023094A11880B4313800020FFF7B6
:1016E00097FCE7E7014B1970F8E7C046782A00201D
:1016F000501D002060810108837801085C1C0020D7
:101700007FB50D00141E23D0080002F0E9F90C3457
:10171000061E16D0030098331868EFF7CFFDEFF7D9
:101720000DFE0290039194363068EFF7C7FDEFF796
:1017300005FE124A0090019120212000F2F740FEA0
:101740007FBD2B000E4A20212000F2F739FEF7E77B
:1017500063290BD91000F7F791F901204042F4F703
:10176000EFF8652D01D1F3F70DF92500280002F0FF
:1017700077F90120FFF74CFCE2E7C046A87F01089B
:10178000B67F01087FB50E0014000800002A22D0A1
:1017900002F0A6F90C34051E16D003009833186821
:1017A000EFF78CFDEFF7CAFD02900391943528689E
:1017B000EFF784FDEFF7C2FD0E4A00900191202162
:1017C0002000F2F7FDFD7FBD33000B4A20212000F1
:1017D000F2F7F6FDF7E702F0A3F9431C05D1002E5E
:1017E00003D1064B987CF7F749F90120FFF710FC6D
:1017F000E9E7C046A87F010848790108501D00208C
:1018000010B5064B987CF7F739F9F5F76FFD012213
:10181000034B1A70FFF7BEFB10BDC046501D0020E1
:10182000B0040020F0B54E46DE4657464546E0B5CA
:10183000794B83B01A78794E022A03D132788242EA
:1018400000D1C0E0764C3070C0000259754F3A604C
:1018500002221A70FEF70CFE002801D1FFF7E0F813
:1018600000253B681B789D4200DA8AE0112001F0D8
:101870000BFE122001F014FEA022D02152002023E2
:10188000002001F0CBFC3378DB00E4186468200012
:10189000FDF78EFC0B22524250432030C20F12182B
:1018A0005210D0320A21200001F0B2FE5E48FDF74E
:1018B0008DFC00223B681E785C4B1A705C4B1B78D9
:1018C000934200D07FE030239B46013EFCF752FF5D
:1018D0005B4618425ED0FA25AD002023554C2268A5
:1018E000184202D0531E51D423601023184204D052
:1018F000236801339E424BDB23601000FDF792F812
:101900002068FDF78FF82800F0F7C6F8FCF770FFA5
:101910000028E2D1FDF70CFE022800D071E001247E
:10192000684601A9FDF7EEFE3D68434A2C57009832
:10193000E400A35A834264DC141962889246019A37
:10194000914692455DDCA188C01AEEF7E5FC4B4656
:10195000524680460090E188981AEEF7DDFC0F238E
:1019600001901840434600241B011843C0B22B7855
:1019700002359C4245DA6200AA5C82422AD00134D8
:10198000F7E72800FDF74EF801356AE72660ACE777
:101990000023B1E70128BDD1264B18680028B9DB28
:1019A000FEF738F90028B5D00022244B1A60FCF766
:1019B000D3FCFEF75DFD00282BD0FFF74FF8012286
:1019C0001C4B52421A6003B03CBC90469946A2465A
:1019D000AB46F0BD174D20002B682C609846FDF7F4
:1019E00021F84046FDF71EF8FDF75AFE01232000BE
:1019F0005B422B60FDF716F82000FEF70BF900287C
:101A0000D2D10F4B1A78002A00D15FE700221A705A
:101A1000CAE7FFF7BFFAD6E7312B00207A2A002069
:101A2000F07101087C2A002045610108802A00200D
:101A30006B0E00202C2B002094710108902A0020AE
:101A40005F1C00200A4B10B51900983394310968C7
:101A50001B68002A05D00748994200D006489060CC
:101A600010BD1F20994200D01820FFF7DBFEF7E7DA
:101A7000501D0020827701088777010810B5104BB0
:101A8000104A19780023994201DC00200BE05C0029
:101A9000A45A844212DD0C4A9B009858232803D88C
:101AA000FFF7C0FE012010BD0122084B52421A6010
:101AB0000022074B1A70FEF7FBFFF3E70133E2E762
:101AC000AC2A0020042B0020B42A00202C2B00205C
:101AD000AD2A002070B5151E0C4C05D03534237886
:101AE0005A1E93416B7170BD3534F4F795F8237825
:101AF000002BF8D0064B074A11201A60FFF792FE20
:101B0000012328002370F4F7CBFEECE7501D0020E2
:101B1000902A0020BA7E0108F0B545465746DE46B9
:101B20004E46E0B55B4F83B08846151E38681BD023
:101B30000A2343434344584E1F001C339C00A059C2
:101B4000EFF7FCFB3A3700900191BF000C35BB5911
:101B5000524A20212800F2F733FC03B03CBC9046E7
:101B60009946A246AB46F0BD012803D0022822D0F8
:101B70000028F2D10A24F6F781FF49490320F6F73D
:101B8000B7FC3B68444A634343443A339B0099584B
:101B90000220F6F7ADFC01234146424A4248D37683
:101BA000D486424A1160424A13603A68414B1A6037
:101BB000FEF77EFFD1E73B4B0A249B469B7C994670
:101BC000F6F75CFF01239A4652463B4B3B481A709E
:101BD000F4F7FCF93B68304E634343443A339B00CF
:101BE00099590420F6F784FC5B463A681D726243FB
:101BF00042443A3292002B00925929002800F7F70C
:101C000077FE3A685146624342443A3292002B00D2
:101C100092592800F7F76CFE294A3B6892460E223B
:101C200052449346634343443A339B009B59254AAD
:101C30001C215846F2F7C4FB5A46234B1C201A605D
:101C4000224B9B461D70FFF7EDFD5B461B78002B7A
:101C50001BD053463D6819686C4344441C341748F4
:101C6000A400EFF705F9A159EEF794FC1349051C00
:101C7000EEF764FC002808D01549281CEEF74AFC52
:101C8000002802D0A55101F09FFE4846F6F7F6FE67
:101C900063E7C046702A00202C030020CC760108A0
:101CA00040420F00501D0020F4760108742A0020E5
:101CB000580E002048200020B00400200000C8C1B9
:101CC000342B0020DD760108902A0020802A002095
:101CD0000000C8410B4B0C4A70B51A6000230B4C36
:101CE0001C2023700D00FFF79DFD2378002B08D0EA
:101CF000074B08481A68084B1A60084B1D60FEF72E
:101D0000D7FE70BD902A0020E4770108802A0020C9
:101D1000342B002098760108A82A0020702A002081
:101D2000F7B5141E50D1294D0220AF7CF6F7A6FE60
:101D30002748F4F74BF927490420F6F7D9FB23008D
:101D4000244A210020002C72F7F7D2FD2300214AFB
:101D500001212000F7F7CCFD1F4B204D204A1C200D
:101D60001A602C70FFF75EFD2B78002B29D01D4BDD
:101D70001D4D1E681D49301CEEF70CFC696EEEF718
:101D800009FC1B490190301CEEF7BEFB002804D073
:101D900000230193B4235B00EC5401981549EEF73E
:101DA000CDFB00280DD001981349EEF7B3FB0028B6
:101DB00007D06A230122FF33EA54019B6B6601F0CE
:101DC00003FE3800F6F75AFEF7BDC046501D00204E
:101DD0000000C8C180C3C901902A0020802A0020C9
:101DE0006C7D0108342B00202C0300200000C8412A
:101DF0000000C842000070C1000070410F4B104A43
:101E000010B522201A60FFF70DFD0E4B0E49186821
:101E1000EEF77AFB00280BD1FA220C49D2000C48CD
:101E2000FEF78CFD20230B4A11880B43138010BD55
:101E300001F0B6FE084B094ADA60FEE7902A00205E
:101E400084750108342B002000409A4496750108DF
:101E5000837801085C1C002000ED00E00400FA0516
:101E6000002373B50500060001933F4B3F4A1B78E2
:101E70009B009C58013E0CD2002C19D007202678DC
:101E80003040013805280DD8EEF7A8F946132B0984
:101E90000C4D200001A9FCF7CBFB0400EAE7002071
:101EA000FFF7B6F8324B1B78012B01D1FEF7B8FDD6
:101EB00073BD00222F4B5A732389E2881B041343FE
:101EC0000BD0627891B2300705D50F210A400199F5
:101ED0008C46624491B228009847274A042311880F
:101EE00017E00022234B5A732389E2881B04134313
:101EF0000CD0627891B2300705D50F210A400199C4
:101F00008C46624491B200222800984714231A4A52
:101F100011880B431380C5E72089E3880004184328
:101F2000FEF7C6FDBEE70022124B5A73FEF7A0FA79
:101F3000002801D0FCF710FA2389E1880F4A1B041E
:101F40000B4313606078042806D802210C4B9B7C5D
:101F50008B4304D10B4B1360FFF764FCBDE70A4BC6
:101F60000328F8D0094BF6E7AD2A00201005002021
:101F7000312B0020342B00205C1C0020902A0020F4
:101F8000501D0020FD77010807780108117801082D
:101F9000F0B54E468146012003008B40DE46574691
:101FA00045469A46E0B5CE4D85B02B6888469840A8
:101FB0005346184316002960FEF742FD4B46802722
:101FC00000245B78FF059B467B6A0193FDF7B0FA1E
:101FD000002805D0019B7C6AE41AC24B9C42F5D9CB
:101FE000FEF746FA002800D1C8E14B4607221B78CD
:101FF0001340062B00D0C1E1BB4B9C4200D82AE124
:102000000026574634005D46B046ACE003A902A85E
:10201000FDF778FB029B1B1B0133022B00D8A2E0CB
:102020002800FCF747FE029C022D00D0B7E0A03C40
:1020300026007F2C5ADD7F26AC4BAD4C994643469B
:10204000002B59D14B461B6D9B1B27334E2B55D96B
:102050006368320098464B461E650A23A032590039
:102060000C2A00DC98E049089B00CB18182A00DDF8
:102070008CE04A4653659F4E336801939E4B019A0C
:102080001B689B1A4A46526D9A4201D94A465365CB
:10209000964A00239146526D33606260974A110060
:1020A000934602220A70FDF749FC9549954A8A46F3
:1020B00012215046F2F784F93800FEF7C1FC01996D
:1020C000022231604146616059460A70FDF736FCD4
:1020D0008D4A12215046F2F773F900234A464046D2
:1020E0001365FEF763FC0123984637E023007F3336
:1020F000A2DA7F2676429FE7022BA9D14B46FC212C
:10210000586DEEF77FF84B461B6D6168F31A584324
:10211000002803DA424200238A4200D84318754A55
:10212000636012689A4200D96260734B62681B68F0
:102130009A4200D963604B4602221E656F4BA84647
:102140001A70FDF7FBFB0020704B626818700100ED
:102150000300F7F7CDFB3800FEF772FCFA20800091
:10216000EFF79AFC029CFDF7E3F9002800D04DE759
:1021700001225B4B524238001A60FEF761FC05B049
:102180003CBC90469946A246AB46F0BD243A5B0063
:10219000002A00DD63E76CE74B4659656BE70B2DC2
:1021A00037D1524B99469E6FF3F79CFE8246200032
:1021B0001A38EFF739F85146EEF744FD5449EEF777
:1021C00065FB311CEEF7E6F9041CF3F759FE011C20
:1021D000201CEEF7DFF9464B852418604B46A4001F
:1021E0001B5D00269A464B461E55444B1D70FDF75D
:1021F000A5FB4B46524638001A55FEF721FC02203B
:10220000F6F7B0F83300020031003000F7F770FB4A
:10221000A8E71A2DA6D1F3F765FE8146F3F730FE45
:10222000061C20001A38EEF7FFFF4946EEF70AFDBC
:102230003749EEF72BFB311CEEF7ACF9F3F7C6FE8E
:102240003800FEF7FDFB0220F6F78CF800230200B1
:1022500019001800DAE75B46244F0B2B5AD1042EE5
:102260003BD83000EDF7BAFF03338A3537000A2434
:102270006442BE6FF3F7EEFE011C301CEEF78AF9E4
:10228000061C2000EEF7D0FF011C301CEEF782F98F
:10229000174B18608524A4003B5D5A4600269846DB
:1022A000164B3E551A70FDF749FB43463B5501233B
:1022B00050465B422B60FEF7C3FB0220F6F752F854
:1022C0003300020031003000F7F712FB57E701241A
:1022D000CEE70124CDE70A24CBE70024C9E7C046B6
:1022E0002C2B00208813000087130000501D0020B5
:1022F000342B00201C1C0020BC0400207A2A002063
:10230000EC040020367E0108417E0108B004002064
:1023100000007C43022B31D1042E2DD83000EDF784
:102320005DFF03172D1D29007B6D5C42002C1ADA1E
:102330000220F6F717F86342984214D20022144B99
:102340005A6000233B65124B5868FEF72FFBA1E74C
:102350000A21786DEDF756FF4442E7E70A21786DD0
:10236000EDF750FF04000220F5F7FCFF084B24189E
:102370005C60E6E77C6DD9E70024F4E70022054BBA
:1023800040461A6501235B422B60FFF769FDF6E6C4
:10239000342B0020501D002070B5042907D80800F8
:1023A000EDF71CFF030C0F242700FDF785F9FEF75E
:1023B000F1FDFBF7D1FFFBF7C7FF16E0FDF700FAD1
:1023C000F5E700250D4C01202570FEF721FE0C4B92
:1023D00000201A00303215708622920094460021A7
:1023E0006344186059600823237070BDFDF73CFA00
:1023F000DDE70448FEF75CFBF7E7C046D4040020A5
:10240000501D00205C75010810B50800002A1AD084
:10241000204B062906D15B7E1F49073B9B005B587A
:10242000936010BD043989B2012905D8997E1B4BF0
:102430000429F5D01A4BF3E7197E091A48424141A5
:1024400004315171EDE706290FD1124A537E013351
:10245000DBB2092B07D85376507EF4F721FA01221C
:10246000104B1A70DDE70723F5E70B1F9BB2012B1A
:1024700008D8084B9A7E042A02D101329A76EEE7F8
:102480000422FBE70329EAD0F4F70AFAFEF782FDFB
:10249000E5E7C046501D00202C050020648201089D
:1024A00067820108450E002010B5002A07D0074BAF
:1024B000DB7E5B1A59424B410433537110BD080057
:1024C000F4F7B8F8FEF766FDF8E7C046501D0020A7
:1024D00010B509494B7F002A03D0591E8B41537117
:1024E00010BD5A425A414A77002B00D10B77FBF7B7
:1024F00089FFFEF74FFDF3E7501D002010B50E4990
:102500000B7F002A09D0591E8B4153710C321000E9
:1025100020210A4AF1F754FF10BD0133DBB20B77DB
:10252000022B05D90A77FBF76DFFFEF733FDF3E7C2
:10253000002BF8D04A77F6E7501D0020B282010840
:102540003549F0B50D00D6464F464646A435C0B5D0
:102550002B68002A0AD031498C466344591E8B41AE
:1025600053711CBC90469946A246F0BD2C4A93423A
:1025700003D02A60FEF70EFDF3E701260431CC8F6D
:10258000284B34409846284F23D12000F5F7EAFE27
:1025900081463000F5F7E6FE4246244B8246200095
:1025A0001360FFF73FF94846EEF788FE011C3868D4
:1025B000EEF75EFC1E49EDF7EDFFEDF7D3FF494660
:1025C00028602000F5F794FF51463000F5F790FFA2
:1025D000D0E70220F5F7C6FE04000320F5F7C2FE9F
:1025E0004246144B060002201360FFF71BF920003F
:1025F000EEF764FE011C3868EEF73AFC0C49EDF783
:10260000C9FFEDF7AFFF210028600220F5F770FF4A
:1026100031000320DAE7C046501D0020001F0AFAEF
:1026200000E1F505902A0020342B0020C07E01082F
:1026300020BCBE4CD77E010810B50F4B997C002AF8
:102640000FD0002909D10D4906339160D97F0B1CA9
:10265000022900D90223537110BD094991609B7969
:10266000F9E7002904D1F3F7D3FFFEF793FCF3E772
:10267000F3F704FBF9E7C046501D0020057F010871
:10268000127F010810B50C4B0C001878002A08D0F6
:102690000A4B1B18997F091B4B4259410431517158
:1026A00010BDF3F7EFFF082C03D10548FEF700FA41
:1026B000F6E7FEF76FFCF3E7782A0020501D0020B4
:1026C000B4780108F8B5CE4647460D0080B5C64C33
:1026D000002A0AD00534E17F491B4B42594104319D
:1026E00051710CBC90469946F8BD1000FEF790FC65
:1026F000F4F7FCFD002D03D0631DDB7F002B0DD014
:10270000631DDB7F102B05D12200022134321378A8
:102710008B43137000210800F3F7B4FF681E0F28E5
:1027200034D8EDF765FD100039006C008800980082
:10273000A200B600ED002F004B0133003300330040
:1027400033003300B000A07CF6F798F92300022094
:10275000BC3318702300C8331870A44AA44BD43477
:1027600020701A60FFF75EF8A24B1868EDF7FAFECA
:10277000002104000800F5F7BBFE0521012061439C
:10278000F5F7B6FE04210020F3F77CFFFEF702FC0C
:102790002800F3F7B3F9A4E7A07CF6F76FF922005D
:1027A0000123B13213702200C93213702200D532D6
:1027B00013702033BC34FF3323808D4F8E4B0220A7
:1027C0003B60FFF72FF88B4C2068EDF7CBFE8B4B6F
:1027D000060002203B60FFF725F82068EDF7C2FEF7
:1027E0003118040049080220F5F782FE0A21A41BD3
:1027F0006143834B994200D219000320C0E7A07CBB
:10280000F6F73CF98323BC345B002380784C7D4B86
:1028100002202360FFF706F87B4B03202360FFF7BD
:1028200001F88121C905734B1868EEF70BFAEDF733
:1028300099FE0100E1E7A07CF6F720F96C4C714BA2
:1028400002202360FEF7EEFF704B03202360FEF7AB
:10285000E9FF6F49E7E7220001230520BD32C934B3
:1028600013702370F3F74AF990E722000123BD3279
:10287000C93413702370674A5D4B1C201A60FEF741
:10288000D1FF0620EEE7022334342278134323706D
:102890007CE7A07CF6F7F2F823000122BD331A7022
:1028A0002300C9331A70524B0026994690464A4677
:1028B000544BB034267002201360FEF7B3FF4D4F27
:1028C0003868EDF74FFE4A46534B0400032013606F
:1028D000FEF7A8FF3868EDF745FE052107004143E4
:1028E0000320F5F705FE21003000F5F789FBE11B19
:1028F0004046F5F785FBE1190220F5F781FB41E73A
:10290000A07CF6F7BBF822000123BD321370220031
:10291000C932137023000022B0331A70344F394B80
:10292000022090463B60FEF77DFF324E3068EDF7A7
:1029300019FE01004046F5F763FB384B03203B606E
:10294000FEF770FF33683649181C9846EDF7E2FD34
:10295000002805D133494046EDF7F0FD00280CD0A2
:10296000FA223149D2003148FDF7E8FF2023304AEE
:10297000002511880B431380C2E62E494046EDF72F
:1029800085FFEDF7EFFDF4F7E1FA2B4C2B4B03201D
:102990003B60FEF747FF211C3068EDF7BBFD0028C8
:1029A00000D0346081213068C905EEF74BF9EDF7AE
:1029B000D9FD01000320F5F79BFDE7E6A07CF6F7C3
:1029C0005DF80023B1342370094C1D4B02202360B5
:1029D000FEF728FF1B4B03202360FEF723FF054B68
:1029E0000B491868E1E7C046501D0020A87B01088C
:1029F000902A0020342B0020C17B0108DA7B0108DB
:102A000030750000E77B0108FB7B01080C7C0108A6
:102A100000004040746A0108167C0108377C0108F8
:102A200000007A4400401C45597C01088378010865
:102A30005C1C00200000C84200803B46697C010805
:102A40008E7C0108A07C010810B5094928310B785B
:102A5000002A03D0591E8B41537110BD5A42534175
:102A60000B70FEF797FAFBF777FCFBF76DFCF4E7CA
:102A7000501D0020084B094A10B51A600022084B6F
:102A800021201A70074B1B7D032B00D80620FEF770
:102A9000C9FEFEF77FFA10BD902A00200C7E0108C7
:102AA000802A0020501D00209023F0B557464E4646
:102AB000DE464546DB05E0B51F690E231F40864B09
:102AC00089B099461B78002B09D1FDF7D1FC00286D
:102AD00005D00122814B52421A60FDF7BFFF804BA7
:102AE0001B78DB0703D47F4B1B88BB420BD04B46C4
:102AF0001D78002D28D0012D00D1A9E0794B784A0E
:102B00001F8000231370764B1B789B0713D5FCF7AF
:102B10000FFD013801280BD805A904A8FCF7F2FD28
:102B20004B461B78002B00D1E6E0012B00D1F0E1F1
:102B300000236B4A1370FCF7CDFA09B03CBC9046F9
:102B40009946A246AB46F0BDFBF714FE031ED5D056
:102B50000124044002D0FDF781FFCFE7624A507A9A
:102B60000328CBD8EDF73AFB02063F4A1800FBF7E3
:102B7000CFFFC3E72B22012690465C4D7642A84446
:102B80002B202856421C24D0002C21D19A0625D572
:102B9000F4F7E2FA0600731C14D043460C2400201C
:102BA000185623004343EB18B4331E80F5F728F87A
:102BB000434620221B785BB25C432C19B034237847
:102BC00093432370434600201856FBF755F904241D
:102BD000013CFBF70DFE031ED2D18FE7DB06DAD5F1
:102BE000F4F71CFBD6E7414A0432D28FD20700D556
:102BF000022421001800FCF7E7FB7FE73B4A1000A6
:102C000011009430983100680968884219D18021F8
:102C100089005058E122D200904200D21000DA061A
:102C200009D50A2319215843EDF7ECFAFBF790FD7B
:102C3000F2F7A0FF62E79B06F8D519230A21584353
:102C4000F2E701210432D28F0A42D3D00231D1E718
:102C5000274B284A1B789B009B589A46FBF78AFD16
:102C6000061E00D14AE7FBF729FD83B298461B4CAC
:102C700030002E4209D0206883B2984502D8FEF772
:102C800089F93BE7FFF7ECF838E72E0010222368BC
:102C90009E40104201D0013323602023184202D00D
:102CA0002368013B236023689BB2434503D353460B
:102CB0001B787F2BE3D9FBF717FD2800236898408A
:102CC0003043FDF7BDFEFA208000EEF7E5FEFBF78E
:102CD0008FFD0028D9D111E7312B00202C2B0020AB
:102CE000AE2A0020B02A0020342B0020501D0020E6
:102CF000AD2A002010050020049B1D2B6EDD059BD6
:102D000001250193049B6D421E3B0293C8235B0087
:102D10009846A24B00249B46AA46A14B01221B7851
:102D2000234113421DD06B4604229B5E0026994628
:102D30006B4608229B5E9B4F039365B23B78002B4A
:102D40000BD0FB1C1988039A4B462800FAF728F889
:102D5000404502DA8046B246009401360C37042E14
:102D6000ECD10134032CD8D155466B1C40D0002245
:102D70008A4B2B339A56524502D08B491D700A70EC
:102D80000C236B435B441A002021B0321C001378E3
:102D900000208B431370FCF7AFF9844B009A1A7232
:102DA00007A906A8FCF7AEFC0698009A1E380799FA
:102DB0000690FAF70BF800280BDB2300B4331880D9
:102DC00080B2F4F707FE2300B83318602800FBF741
:102DD00053F8FCF7ADFB0328E2D1A9E6059CFCF70C
:102DE0005FFC2000FEF74AFE002800D0A0E686E740
:102DF000FDF73EFB002839D104990B00193BD72B76
:102E000034D8059D1E2D31DC06000F2D00DD023665
:102E10000122962900DC002296190C22614B110038
:102E20004143595C00291DD0002E1AD100225B4B72
:102E30002B339A56824210D1FCF732FC01225C4BB4
:102E400052421A605B4B5C481E70FDF731FE182D34
:102E50000CDC0020FCF750F96AE61870FBF70CF860
:102E6000F5E7013E01300428D9D1F0E7534B05982E
:102E70001A880A235343049D984237DDFCF710FC5F
:102E8000952D0CDC0224494B5B7AA3422CD1434B99
:102E90000433D88F40002040FEF7C4FC48E6F92DEB
:102EA0000BDC5B4601220433D98F4A40DA870223C8
:102EB000434A11880B4313803AE63C4B5B7A032B61
:102EC00012D1364B19001A009431983209681268F1
:102ED000914207D00433DA8F01231A4200D11C003B
:102EE0002000D9E71324FBE72000B3E71D2D0DDCFC
:102EF000FEF7C4FD002800D01AE6FCF7D1FB012242
:102F00002B4B52421A60FDF7A9FD11E61828F4DC9C
:102F10009FE7059B2B4A9946264B049D1B789B00F7
:102F20009C58FDF7A5FA1E239846002801D1D233FC
:102F30009846254A00239346072220001F00924608
:102F40004C460793002809D1FDF792FA002800D0DB
:102F5000EEE5FCF7A5FBFEF71DF8E9E55A465146FC
:102F600016880278F6180A40052A11D09C420FDD17
:102F7000B4420DDA45450BDD434604003421E81A1E
:102F8000EDF7CAF9390002002000FFF701F8CFE59C
:102F900007A9FBF74DFB01373300D3E7501D002095
:102FA000841D0020011E002038050020342B002045
:102FB0002C2B0020AD2A0020EC790108DE04002033
:102FC0005C1C0020100500200C0500200223024A92
:102FD00011780B4313707047AE2A002010B50949D1
:102FE0000948EFF7D9F8FBF76BFC084C08492000BB
:102FF000EFF7E6F80A212000EFF7F2F8FCF76AF89D
:1030000010BDC046FC6F01080C07002024070020FB
:103010007471010810B5FCF78BFA0328FBD110BDC1
:1030200010B5FCF785FA03384342584110BD000043
:10303000094B5B68002BFBD1074B00221A60074B42
:103040005B68002BFBD1054B00221A60044B9B6888
:103050001B06FBD47047C046300002401C000240F3
:103060000030014004E00178064B19701100013076
:103070004A1E92B2002904D0034B9B689B07FBD5E4
:10308000F1E770470C3001400030014010B50B4BA8
:103090009B681B06FBD40A4B40245C8340345C8352
:1030A000084B1870054B9B681B06FBD4044B802013
:1030B000188389B21000FFF7D5FF10BD0030014022
:1030C000000400480C300140F0B585B001900D00BF
:1030D00017001E000AAB1C88FFF7AAFF7619013EF5
:1030E00036042E4376BA0396E419013C24043C438B
:1030F00064BA029403AA04212A20FFF7C7FF02AA98
:1031000004212B20FFF7C2FF002200210198FFF7C6
:10311000BDFF05B0F0BDC046F0B587B006000D009C
:1031200017001C00009313000A0001002C20FFF779
:10313000CBFF0F4B0C9ADA6022007A435A600D4A9B
:103140001A600D4B1B78002B01D107B0F0BD02A80F
:103150000A4B1A6802929B888380C680058147814A
:1031600084817C436400A2B20C99F2F74BFBECE73C
:1031700030000240911500002A0E0020484C010842
:10318000074BFF221A70074B9B68DB07FBD5054BEB
:103190009B681B06F7D4024B1878C0B27047C04634
:1031A0000C3001400030014001E0064B1B78064B1B
:1031B0009B68DB07F9D4044B9B681B06F5D4014BD5
:1031C0001B7870470C300140003001400D4A916976
:1031D00080235B010B4393610B4B00211960C121DC
:1031E0008900196009495960516901200143516101
:1031F000074A08498A6008498A601A6840210A43D8
:103200001A607047001002400030014003170000B0
:103210000C300140300002401C000240F0B587B085
:1032200007000E0015001C0093B28AB281B2A0B252
:1032300000902C20FFF748FF174A184BDA60220055
:103240006A430BE0154B596015481860134B5B68D7
:10325000002BFBD1114B00201860521A002A05D018
:103260001100104B9A42EDD91900EBE70E4B1B7879
:10327000002B01D107B0F0BD02A80C4B9A68029256
:103280009B898380C780068145818481022202490F
:10329000F2F7B8FAEEE7C046622B00203000024099
:1032A00011150000FFFF00002A0E0020484C010805
:1032B00000B583B0002809D0E8236A4607321370AE
:1032C00001213620FFF7E2FE03B000BD2823F4E71A
:1032D00010B582B09BB292B289B280B2064C009413
:1032E000FFF71AFF054B5B68002BFBD1034B002255
:1032F0001A6002B010BDC046682B002030000240AA
:10330000044B187880028023DB0018404000024BF9
:10331000C0187047602B0020682B0020034B5B68AF
:10332000002BFBD1014B00221A6070473000024095
:10333000F0B583B004000D0016001F00FFF7EEFF8C
:10334000FFF7DEFFBBB2B2B2A9B2A4B20090200078
:10335000FFF7E2FE034A137801214B40137003B0DC
:10336000F0BDC046602B0020F0B5C64600B582B067
:103370001E00089C93B2B6B235005D43ADB28AB26E
:1033800081B200962E20FFF79FFEFFF70DFFFFF79B
:10339000F7FE6900691889B21C4BDC6059601C4A51
:1033A0001A601C4B1C4ADA6059601C4A1A602000E3
:1033B00001E0002920D0154B5D68ADB20335ABB2FA
:1033C00098469942F5D3077846788378B208520335
:1033D00012B25B01F8256D012B401343072297437E
:1033E0003B437609A21C334323800330033989B25F
:1033F00014008845E7D3DCE7FFF71AFE084B4022AC
:103400001A8302B004BC9046F0BDC0461C000240C6
:103410008110000030000240C88F01081110000028
:103420000004004810B5A022F02352000021002023
:10343000FFF7F4FE10BDC04670B5104B80221A8312
:103440009024E4050E4D65836420EEF725FB25836B
:103450000C4C207800280AD0A21C6178FFF716FED9
:1034600063780233E4181420EEF716FBF1E7FFF758
:10347000D9FF024B40221A8370BDC04600040048A9
:103480000080FFFFCC8F010804304000024BC25A7D
:10349000024B1A807047C0462C030020642B00208A
:1034A00004304000024BC25A024B1A807047C0469B
:1034B0002C030020622B0020F0B583B00090019116
:1034C0001900089B00200025114E16E06FB2002F56
:1034D0000EDB104F3F8837806D00EDB20134A4B28F
:1034E0000236944207DA6707F0D11D780133EDE721
:1034F000094F3F88EFE7013080B2884201DA0024AB
:10350000EFE70B0001990098FFF7E2FE03B0F0BD72
:10351000682B0020622B0020642B002070B582B045
:1035200005000A291BD016398B005B185B005B185D
:103530000E4EF25C072422400824A41AA4B20822EA
:10354000805E0A22A95E9B1900930B232200FFF7DD
:10355000B3FF2B89E4182C81002002B070BD042237
:10356000835E038143890B334381F5E740A401085F
:1035700070B582B005000A2919D01639CB005B1A44
:103580000E4EF25C072422400824A41AA4B208229A
:10359000805E0A22A95E9B19009307232200FFF791
:1035A0008BFF2B89E4182C81002002B070BD04220F
:1035B000835E0381438908334381F5E7B8940108AA
:1035C000F0B585B00600039115000F0012E0163B20
:1035D000DA00D31A0D4A9918D35C07242340082433
:1035E000E41AA4B200910723220029003800FFF753
:1035F00063FF3F193378002B05D001360A2BE6D143
:103600000835039FF6E705B0F0BDC046B894010841
:10361000F0B585B00600039114000F0001E00B34F3
:10362000039F3378002B1ED001360A2BF7D0082BCE
:1036300015D0163B9A00D2185200D3180B4A99188D
:10364000D25C07231A4008239B1A9DB200910B23DA
:103650002A0021003800FFF72FFF7F19E1E7132030
:10366000FFF712FFDDE705B0F0BDC04640A401083A
:10367000F0B585B00600039115000F000AE0103583
:10368000039F07E092B200910E2329003800FFF754
:1036900013FF3F193378002B14D001360A2BEED0DC
:1036A000163BDA00D31A9A00074BD11801329B5C03
:1036B000072423400E24E41AA4B2221C082CE1D8CB
:1036C0000922DFE705B0F0BD98970108002803D173
:1036D000024A034B1A607047024AFAE77135010843
:1036E0003C0500201D3501080CB470B588B00CAA4B
:1036F00020CA04AC0023049305930A4E366806964C
:10370000079301AB01949880D98018815981009268
:1037100029001800F0F760FC08B070BC08BC02B0CB
:103720001847C0463C050020F0B5DE4657464E46D9
:103730004546E0B583B08846019299460C9B163801
:10374000C100091A8A002E495018824601328A5C4B
:10375000072002400E20801A84B298454DDC4D4669
:103760004A46624342449A4205DD4246981A494617
:10377000ECF7D2FD84B200239B46224A24E0224982
:1037800009881180013302329D4205DD01B2002912
:10379000F5DB1E490988F4E70136400080B2B442E7
:1037A00001DD0023F0E70137BD4207DD53461888ED
:1037B0000302000A184380B20026F0E701239C466A
:1037C000E34401339C46E2445B460D2B01DC0027B9
:1037D000EAE74D4665434B46DB004A469F1A7B00AD
:1037E0002A0001994046FFF773FD280003B03CBC56
:1037F00090469946A246AB46F0BD0025F5E7C04687
:1038000098970108682B0020642B0020622B002071
:10381000F0B585B005000C00170003930A9E2878C8
:10382000002808D001350096039B3A002100FFF7DD
:103830007BFF2418F3E7200005B0F0BD10B582B07F
:103840000C0011002C23434304481B18009316233B
:1038500010222000FFF730FE02B010BD409001089A
:10386000F8B5CE46474680B58046894614001D000F
:10387000294A1188294B188810801980A04521DC1D
:103880002B004D4699462300444698461AE0010015
:103890001000ECF741FD070001260BE0481E012354
:1038A000591A91421EDD1100ECF736FD0600002E7C
:1038B00025DD012733003A0029002000FFF7AEFC88
:1038C000E419AD1944451CDC43461B1B5A1C4946F0
:1038D000491BE3D4481C8B42D9DA1100ECF71CFDDC
:1038E0000600E4E71000ECF717FD0700012676421A
:1038F0007342A9193A002000FFF790FCE0E7012786
:10390000F6E7054A1188054B1888108019800CBC11
:1039100090469946F8BDC046642B0020622B0020DB
:10392000034BDB68012BFBD0014BD8687047C046C6
:103930000020024070B50600FFF7F2FF074C236934
:1039400002252B43236166612369402213432361CF
:10395000FFF7E6FF2369AB43236170BD00200240FF
:1039600010B572B6FFF7E6FF62B6002010BDC04684
:10397000F8B506000F00FFF7D3FF064C23690125B9
:103980002B4323613780FFF7CBFF2369AB432361D0
:10399000F8BDC04600200240024B034A5A60034A69
:1039A0005A6070470020024023016745AB89EFCD84
:1039B0000300411800208B4204D21F22D04104CBC7
:1039C0001018F8E77047C04670B5104C104B2360D4
:1039D000C0256D0029002000FFF7EAFF6051FFF7C6
:1039E000DBFF0C4D2800FFF7BBFFC22320005C1E4D
:1039F000002B08DD861C01882800FFF7B9FF02357F
:103A000023003000F3E7002070BDC0462C030020E7
:103A10006E4E4F4300D0010870B50E4B1A680E4B26
:103A20009A4211D1C02464000A4D21002800FFF7FA
:103A3000BFFF2B5998420AD1C222520029000748E1
:103A400001F0DAF8002070BD01204042FBE70120C0
:103A50004042F8E700D001086E4E4F432C0300208F
:103A600070B5042830D81A4B9C466044C402194DE6
:103A7000194B2B608826B600184BAB51310028003B
:103A8000FFF796FFA851FFF787FF8A239B00E618F0
:103A90002500B5420ED38A235B000E4A5D1E002B23
:103AA00010DD961C11882000FFF762FF02342B0006
:103AB0003200F3E72800FFF753FF80231B019C46E9
:103AC0006544E6E7002070BD01204042FBE7C046A8
:103AD0003B000100501D00206D4E4F4378563412BC
:103AE00070B5042812D80C4B9C466044C4020B4BA2
:103AF00022689A420CD18825AD0029002000FFF7EA
:103B000057FF6359984205D1200070BD0024FBE7A0
:103B10000024F9E70024F7E73B0001006D4E4F4316
:103B200070B504282AD81A4B9C466044C402194B2D
:103B300022689A4225D18825AD0029002000FFF790
:103B400037FF635998421FD1134D8A2292002100FA
:103B5000280001F051F8F1F787FEF4F72FFC686FA9
:103B6000F4F7F4FE286FF4F77BFEFAF74BFCF3F75B
:103B70007BF90A4B01221A70002070BD01204042DF
:103B8000FBE701204042F8E701204042F5E7C0464C
:103B90003B0001006D4E4F43501D0020D404002017
:103BA00010B5FFF7F9FE064C064B9C4207D82000E3
:103BB000FFF7D6FE80231B019C466444F4E710BD4A
:103BC00000D00108FFFF010843B2002B02DA284BA6
:103BD000284A1A838023264A2749DB00138351830E
:103BE000430601D5234B13838023214A2249DB005E
:103BF00013835183830601D51E4B138380231C4AF4
:103C00001D49DB0013835183C30601D5194B138370
:103C10008023174A1849DB0013835183030701D51A
:103C2000144B13838023124A1349DB0013835183FF
:103C3000430701D50F4B138380230D4A0E49DB0048
:103C400013835183830701D50A4B13838023084ACA
:103C50000949DB0013835183C30701D5054B138347
:103C60008023034A0449DB00138351837047C04615
:103C7000000400480080FFFF0084FFFF802230B571
:103C800080218025194BD2001A831C695A831A831C
:103C90001869C9015A832D021A8364002C40084018
:103CA0001D6920435A831A831C6940000D405A83C2
:103CB00005431A8318696D000C405A832C431A83FC
:103CC0001D69640008405A8320431A831C69400020
:103CD0000D405A8305431A836D0018690C402C432C
:103CE000640008402043800B5A8330BD0004004824
:103CF00070B501260A4A0B4B128805005200D35AB0
:103D00000C009E40084BB6B25E83013CE8B2A4B200
:103D1000FFF75AFF2D0A002CF7D1034B1E8370BD0D
:103D20004205002014A401080008004870B50124D1
:103D3000074A084B1288084D5200D35A9C40A4B23F
:103D40006C83FFF741FFFFF799FF2C8370BDC046DE
:103D50004205002014A401080008004870B50320A3
:103D6000FFF7E4FF0420FFF7E1FF02210A48FFF715
:103D7000BFFF6420EDF790FE6424022504E0642078
:103D8000EDF78AFE002C05D00420FFF7CFFF013CA1
:103D90000542F4D070BDC046878000000723ED22A5
:103DA00010B518401830000210430221FFF7A0FFA1
:103DB00010BDC0460723ED22184018300002104302
:103DC00070B50221FFF794FF0220FFF7AFFF032336
:103DD0000340022B1FD01E20EDF75EFE02210E488D
:103DE000FFF786FF1E20EDF757FE02210B48FFF775
:103DF0007FFF6420EDF750FE6424032504E0642077
:103E0000EDF74AFE002C06D00220FFF78FFF013CA1
:103E100028400228F3D170BD87020000870B000004
:103E200070B50220FFF782FF03230340012B1FD050
:103E30001E20EDF731FE02210E48FFF759FF1E202C
:103E4000EDF72AFE02210C48FFF752FF6420EDF740
:103E500023FE6424032504E03220EDF71DFE002C30
:103E600006D00220FFF762FF013C28400128F3D171
:103E700070BDC04687020000870700009C2270B515
:103E80000C4C83000500185D022100021043E41869
:103E9000FFF72EFF084B01209C4620560A21604464
:103EA0004001ECF739FA6188044A054B1570188017
:103EB000080070BD14A3010850FBFFFF6A3B0020FF
:103EC0004005002010B51F210023084A04E0A3B2DA
:103ED000362B08D0118804325C1C8842F7D81800B1
:103EE000FFF7CCFF10BD3620FAE7C0461AA3010841
:103EF000184B70B50024984201D920344008B023F3
:103F0000154A5B00D158ECF703FA1F251838054015
:103F1000172D19D888001149ECF774F9FF21030A0D
:103F20001B040904EDB202060B404020F5212C438E
:103F300020431343000218430843F139FFF7D8FE2A
:103F40000122074B1A7070BDFF22F92317251206B4
:103F50001B04EAE7FF379C1C2C03002071020000C1
:103F6000683B0020F0B557464E464546DE46504C6D
:103F7000E0B50504ED0B2E5B802401278325A046C8
:103F8000B7404C4EAC46551EAA41308040464A4C84
:103F900087B0A146494C013205940192C4050291B3
:103FA0000493636A604603934B46802580001B5848
:103FB00000249846EB010093414B00259A46414B63
:103FC000BFB29B4653461B78002B1FD13E4E262086
:103FD0007783FFF7F9FDFFF751FE4B465A465B8F9B
:103FE000105501343783A34200DC0024012D2ED06C
:103FF000022D22D0002D10D04346002BE2D04046A7
:10400000F5F73EFC53461B78002BDFD007B03CBCD5
:1040100090469946A246AB46F0BD013BA342EBD188
:1040200080216422C905496A03988123091A4A43F9
:1040300049469B00CA500135DEE7204B1B88A3424E
:10404000DAD101202149224A08701380DEE7029A62
:10405000009990428041042249004042084380B2C6
:104060000199904300908142C6D1049A082A11D048
:10407000092A05D00225072ABED1104B1C80BBE7B8
:104080005A08121992B293420DD8D31A059A0225F2
:104090001380B1E70120094AA3B213800B490C4AEF
:1040A00008701380B2E7054B02251A80A4E7C046CA
:1040B00014A4010842050020501D00206E3B002082
:1040C000AE2A0020080D002000080048703B0020A8
:1040D0006C3B0020F0B557464E464546DE46264B23
:1040E0000204D20BD45A83238B46E0B5234E9B00A7
:1040F000F358012599465B46214980220880718F3B
:10410000A540CB1A00249846D2051E4F526A83B0B0
:10411000B2461D4E0192ADB25F4426207583FFF773
:1041200053FDFFF7ABFD385501343583A04506DD5F
:104130004B46002BF1D04846F5F7A2FBEDE7802176
:104140006422C905496A019C8123091B4A435446DC
:10415000514601209B00498FE2500C4A0C4B1070D5
:104160005A46013919800B4B1A8003B03CBC90466B
:104170009946A246AB46F0BD14A40108501D00208C
:1041800042050020080D002000080048703B002078
:104190006C3B00206E3B0020F0B54F464646D646AD
:1041A000C0B501261D4F0204B9461D4BD20BD35A90
:1041B00000219E401B4BFA2218801B4B00259A467B
:1041C0004B46197093000024184FB6B298460CE085
:1041D0000025DCB25346201AC0B21B5C144A1B01F6
:1041E00093604B461B78002B12D126207E83FFF76D
:1041F000EBFCFFF743FDC2B23E83231C944200D286
:10420000031CDCB2631E4545E2D80135ADB2E1E7DF
:104210001CBC90469946A246F0BDC046AE2A00207E
:1042200014A40108420500201CA40108000800484D
:1042300000740040014B0020185E704740050020CC
:10424000F0B5C6462E4D00B52C781600002C38D19E
:104250002C4D2D4A2D4B2F7811801868002F09D036
:104260001823FF33984242DC8C202C704000F5F775
:1042700007FB05E0264B1A78002A3CD10028F6D12E
:10428000244B00259846244FDC8E2620FFF74EFD58
:10429000013C00012D18002C07D06420F5F7F0FA3E
:1042A000002EF2D03B78002BEFD04346D98E012967
:1042B00003D92800ECF730F8050028B204BC90467A
:1042C000F0BD164C16492088124A431C528F085CD8
:1042D0009BB2238000019A4202D800220023228050
:1042E000104A12889A42E9D100232B70E6E72C701D
:1042F000F5F7C6FAC4E70C4A1F701068BEE7C0465F
:10430000703B0020683B002042050020480500204B
:10431000693B0020501D0020AE2A00206E3B00208B
:10432000080D00206C3B00204405002070B580255E
:10433000FFF714FD6D4200220523074C00E0627870
:104340002B43D8B21202104302340221FFF7D0FCF3
:104350002378002BF3D170BDF0A30108F8B58023BA
:10436000CE4647469B00984680B58022802780260F
:1043700043461349134D144CFF019201F6006F831D
:10438000642069836A836683618363838946EDF76A
:1043900083FB434623834B462F8364202B83EDF717
:1043A0007BFB0022094B66831C001A80FFF7BEFFCF
:1043B00001232380FFF7BAFF0CBC90469946F8BD55
:1043C0000080FFFF0008004800040048420500206C
:1043D00001220A4B10B5022104001A80072803D9D4
:1043E0000748FFF785FC10BD0648FFF781FC8A20CF
:1043F000240220430221FFF77BFCF4E74205002062
:104400008D1F00008DC000008023024A9B01538352
:104410007047C0460008004810B5FF2808D0FFF7D5
:10442000D3FB80230120034A9B011383538310BDD8
:104430000020FCE700080048F8B543005F081B0EA9
:104440007F3B051C06001C00162B28DC002B14DB10
:10445000164F1F41074220D01549ECF79BF8002169
:10446000ECF76CF8002818D0002D03DA8020000447
:1044700020414619BE43300010E00D49ECF78AF8A0
:104480000021ECF75BF8002807D00020002D05DAAA
:10449000281C002F02D0074800E0281CF8BD064B5E
:1044A0009F42FBD9011CECF775F8F7E7FFFF7F008F
:1044B000CAF24971000080BFFFFF7F7F43001B0EDF
:1044C0007F3B10B5162B13DC002B09DB0B4A1A417E
:1044D000024204D08021C90319410818904310BD3D
:1044E000C00FC0070133FAD1FE239B051843F6E73E
:1044F000802BF4D1011CECF74DF8F0E7FFFF7F00B3
:10450000F0B58BB0041C00F0F3F80023314E051C0D
:10451000F356013310D0201C00F05EFB00280BD0B6
:104520002D49201CECF70AF8071E36D12B49201C18
:10453000EBF7F0FF002802D1281C0BB0F0BD0423DC
:104540006D460093264B2F626B60201CECF7F6FE45
:1045500000230022AA61EB610023F3562861696100
:10456000A860E960022B13D0280000F02DFB002882
:104570000ED02B6A002B28D1A869E969ECF730FF2F
:10458000051CD9E700201749A861E961022BEBD18E
:1045900000F02CFB22230360EBE703236D4600931E
:1045A0000F4B201C6B6000232B62ECF7C7FE00232F
:1045B000F35628616961A860E960002BE2D1E0222E
:1045C000094B1206AA61EB61CEE700F00FFB2B6AE4
:1045D0000360D1E74C0500208071B142B5F1CFC234
:1045E000C4A801080000F07FFFFFEF4770B5002569
:1045F0008CB0041C00F0A0F9384B061C5D576B1CF6
:1046000037D0211C201CECF7D9FD002831D1002126
:10461000201CEBF793FF00282BD1314B0A90201C74
:104620000393ECF78BFE0690079104900591002D03
:1046300022D000222B4B0021201C08920993EBF77B
:1046400063FF002841D002230293022D37D100F0EE
:10465000CDFA222303600A9B0193002B27D000F0A0
:10466000C5FA0A9B0360089809990193ECF7B8FE14
:10467000061C301C0CB070BDE0221B4B1206002142
:10468000201C08920993EBF73FFF002815D1012366
:10469000029302A800F098FA00281AD0134800F0FC
:1046A00095FA089009910A9B0193002BD7D108989D
:1046B0000999ECF795FE061CDBE70223029302A89A
:1046C00000F082FA0028EED1C1E701230293022D07
:1046D000DFD100F08BFA21230360DFE74C050020D7
:1046E000CCA801080000F0FFFFFFEFC74061010800
:1046F000F0B5FF22D6464F4646464300C0B5041CDF
:1047000001005B08D205934269D8C50F934200D1DE
:10471000C0E0784A904269DC002800DAB4E0764ACA
:10472000934268D9754A934200D9BFE0744BAE00FA
:10473000F158201CECF79CFB724B0124F358641BCE
:104740009846071C651B4146381CECF791FB011C81
:10475000041CECF777FA6C49061CECF773FA6B490A
:10476000ECF786FB311CECF76DFA6949EBF712FFA9
:10477000311CECF767FA6749ECF77AFB311CECF770
:1047800061FA6549EBF706FF311CECF75BFA011C97
:10479000201CECF76DFB011C061C8146201CECF76D
:1047A00051FA8246002D58D08020311CC005ECF70C
:1047B0005FFB011C5046ECF769F8011C4046ECF722
:1047C00057FB391CECF754FB011CFE208005ECF76D
:1047D0004FFB2B007D3361DBED05281801E0EBF783
:1047E000D9FE1CBC90469946A246F0BD4B49081C18
:1047F000ECF728FAF5E74A4A934209D84749201CC2
:10480000EBF7C8FEFE218905EBF798FE00286AD178
:10481000211C201CECF716FA3B49051CECF712FA98
:104820003A49ECF725FB291CECF70CFA3849EBF771
:10483000B1FE291CECF706FA3649ECF719FB291CE6
:10484000ECF700FA3449EBF7A5FE291CECF7FAF96E
:10485000011C201CECF70CFB81464946201CECF7A0
:10486000F1F98021051CC9054846ECF701FB011C44
:10487000281CECF70BF8211CECF7FAFA011CFE20BF
:104880008005ECF7F5FAACE7264A934200D846E7F4
:104890000020A6E7002DA4D00020A2E7D82164358F
:1048A000ED0528180905ECF7CDF99AE71E49201CFB
:1048B000ECF7C8F91D4BAD00E958EBF76BFEECF7D0
:1048C00093FC0500ECF7B0FC1949061CECF7BAF9AB
:1048D000011C201CECF7CCFA1649071C301CECF725
:1048E000B1F980462FE7FE21201C8905EBF752FE27
:1048F00077E7C0461772B1421872B13E9115853FF5
:10490000DCA80108E4A801084CBB31330EEADD3510
:1049100055B38A38610B363BABAA2A3ECAF24971BD
:10492000FFFF7F31B5F1CF423BAAB83FD4A80108C1
:104930008071313FD1F71737F8B5DE4657464E46FE
:1049400045460300E0B5420044D000284DDB8E4AC6
:10495000904200DDC5E08D4A0021904206DC98219E
:10496000C905ECF76FF9192103004942DA155B021A
:104970005C0A874B7F3AE01880231B040340FE202B
:104980005218FE2180055840DE1520438905B618CF
:10499000ECF76EFA22007F4B0F32051C1A422BD126
:1049A0000021EBF7B1FD002800D19EE00020002E91
:1049B00015D03000ECF738FC7749041CECF742F9CD
:1049C0007649051C201CECF73DF9011C281CEBF76F
:1049D000E1FD04E0CC2000210006EBF757FF3CBCD2
:1049E00090469946A246AB46F8BD011CECF740FA4A
:1049F0000021EBF74BFFF2E78021C905EBF7CAFD79
:104A0000011C281CEBF742FF80463000ECF70CFC41
:104A1000414682464046ECF715F9614B011C994628
:104A20008346ECF70FF95F49071CECF70BF95E4979
:104A3000EBF7B0FD391CECF705F95C49EBF7AAFD83
:104A4000391CECF7FFF85A49EBF7A4FD5946ECF78F
:104A5000F9F858498346381CECF7F4F85649EBF757
:104A600099FD391CECF7EEF85449EBF793FD391C2E
:104A7000ECF7E8F8011C5846EBF78CFD504BA144CD
:104A80001C1B4B46071C1C43002C48DDFC21281C2A
:104A90008905ECF7D7F8291CECF7D4F8011C041CA5
:104AA000381CEBF777FD4146ECF7CCF8071C002EDD
:104AB00049D039495046ECF7C5F83849061C5046EC
:104AC000ECF7C0F8391CEBF765FD011C201CECF776
:104AD000CFF9291CECF7CCF9011C301CECF7C8F914
:104AE0007DE7011CEBF756FD79E73649281CECF70A
:104AF000A9F8011CFC208005ECF7BAF9291C041C5C
:104B0000281CECF79FF8011C201CECF79BF8041CF8
:104B1000002E21D1211C281CECF7AAF95FE7011C0B
:104B2000281CECF7A5F94146ECF78CF8041C002E84
:104B3000F0D019495046ECF785F81849061C504644
:104B4000ECF780F8C1E7011C201CECF791F9011C7F
:104B5000281CECF78DF942E73000ECF765FB0E49B5
:104B6000061CECF76FF80D49071C301CECF76AF8CF
:104B7000011C201CECF77CF9291CECF779F9011CCD
:104B8000381CECF775F92AE7FFFF7F7FFFFF7F00F6
:104B900020FB4A00F0FF7F008071313FD1F71737CB
:104BA000305CCFFF9788173E25333A3E2549923E29
:104BB000ABAA2A3F4FD01C3E298E633ECDCCCC3EC3
:104BC00088C23500ABAAAA3E0020704700200149E8
:104BD0007047C0460000F87F43000020024A5B088F
:104BE0009A4240417047C046FFFF7F7F014B1868E3
:104BF0007047C04650050020002310B59A4200D1EE
:104C000010BDCC5CC4540133F8E700000300121857
:104C1000934200D1704719700133F9E7030030B5B2
:104C20001D00002A06D00C78013A01332C700131A6
:104C3000002CF5D100219A18934200D130BD197093
:044C40000133F9E75C
:104C44000820080062756C6B0D0A000066696C6CC4
:104C54000D0A00001A0A0008A8090008140900082F
:104C6400120A000814090008AE0900081409000813
:104C7400120A0008A8090008A8090008AE090008DB
:104C8400120A0008B8090008B8090008B8090008A1
:104C9400F6090008A609000814090008AE0900086E
:104CA40014090008A60900081609000816090008D6
:104CB400AE090008A6090008B8090008B8090008E8
:104CC400B8090008F6090008A8090008A80900089E
:104CD400140900081209000814090008AE090008A4
:104CE4001409000812090008A8090008A809000806
:104CF400AE09000812090008B8090008B80900083C
:104D0400900D0008C20C0008C20C0008C00C00087A
:104D1400C60C0008C60C00086E0D0008C00C000884
:104D2400C60C00086E0D0008C60C0008C00C000874
:104D34006A0D00086A0D00086A0D0008780D000865
:104D440080AB0108743B0020743B0020743B0020BE
:104D540080AB01080000000000000000000000001B
:104D640080AB01080000000000000000000000000B
:104D740080AB0108000000000000000000000000FB
:104D840080AB0108000000000000000000000000EB
:104D940080AB0108000000000000000000000000DB
:104DA40080AB0108000000000000000000000000CB
:104DB40080AB0108000000000000000000000000BB
:104DC400DC4D0108B8050020780600200100000031
:104DD4007D1500080000000069646C650000000097
:104DE400737461636B206F766572666C6F77000015
:104DF4006E6F6E616D6500006D61696E0016002056
:104E0400040428080C1014181C20210000000000C1
:104E14003122000821220008112200080122000882
:104E2400000000000000000000000000000000007E
:104E3400A9230008992300087523000865230008A6
:104E4400000000000000000000000000000000005E
:104E5400E4250008F22500088A260008F225000847
:104E64008A260008202600082E2600088A26000824
:104E7400502600085E260008742A0008202A00082C
:104E8400362A0008742A0008742A0008642A0008D4
:104E9400742A0008C42A0008C42A0008C42A000886
:104EA400AA2A0008942A0008C42A0008C42A000870
:104EB40000000000010000000000000000000240AB
:104EC400080002400100000000000000000009008A
:104ED400000002401C000240060000000000000028
:104EE40004010A00000002403000024006000000F5
:104EF4000000000008020A000000024044000240D2
:104F040078000000000000000C030B0000000240C9
:104F140058000240780000000000000010040B005C
:104F2400000002406C000240780000000000000015
:104F340014050B00000002408000024078000000CD
:104F44000000000018060B0000C201000000000071
:104F54000040000000000000000000006529000877
:104F64000D2A0008812A000840004000280800207B
:104F74002808002003F32A6800000000000CFFFF4B
:104F8400A80401A8FFF900000000000010010000BF
:104F94009F5A554400000000FFFFFFFF555555156B
:104FA400FFFF00000000000011000000000000549A
:104FB40000000000FFFFFFFF55555555FFFF00009F
:104FC40000000000000000000000000000000000DD
:104FD400FFFFFFFF55555555FFFF0000000000007F
:104FE400000000000000000000000000FFFFFFFFC1
:104FF40045000000FFFF000000000000000000006A
:105004000000000000000000FFFFFFFF00000000A0
:10501400FFFF00000000000000000000364100080F
:10502400E4420008C2410008E4420008E4420008E7
:1050340036410008E4420008E4420008E442000863
:10504400E4420008E4420008CA400008E4420008C0
:105054009C410008E4420008E4420008E4420008DD
:10506400B0420008E4420008E4420008B4420008E8
:10507400E4420008E4420008E4420008E442000874
:10508400E4420008E4420008E4420008E442000864
:10509400E4420008E4420008CE400008364100081B
:1050A400C2410008C2410008E4420008E44200088A
:1050B40036410008E4420008E4420008E4420008E3
:1050C400E4420008E4420008CA400008E442000840
:1050D4009C410008E4420008F2400008E442000851
:1050E400B0420008E4420008E4420008B442000868
:1050F400206B4D475450455A59000000286E756C7A
:105104006C290000010000000A0000006400000097
:10511400E803000010270000A086010040420F00B1
:105124008096980000E1F50500CA9A3B6D1D6E70EB
:1051340066617A79000000000000000000000000B1
:10514400C13F000800000000020000000000000051
:10515400212500089525000840004000C40C0020CB
:10516400D00C00200300000000000000D12500083E
:105174000000000010000000DC0C00200000000013
:10518400A40700200101020041440008F94300087B
:10519400812400082D44000843000000A4510108A4
:1051A40009024300020100C03209040000010202A6
:1051B400000005240010010524010001042402025A
:1051C4000524060001070582030800FF0904010005
:1051D400020A0000000705010240000007058102E1
:1051E4004000000012000000F051010812011001FB
:1051F4000200004083044057000201020301000042
:10520400040309041603740069006E007900730036
:1052140061002E006F007200670000000E0374002E
:1052240069006E0079005300410000000803340057
:105234003000300004000000045201081600000091
:10524400085201080E000000205201080800000066
:105254003052010874696E7953415F76312E342DD2
:105264003232342D67633937393338360000000061
:10527400737765657000436F6D6D616E642074694A
:105284006D656F75740D0A0025733F0D0A00746F08
:105294006F206D616E7920617267756D656E7473D0
:1052A4002C206D617820340D0A00000005000000F8
:1052B40001000000000000000100000005000000E3
:1052C4000A0000000C0000000A00000000000000BA
:1052D4000000003F0000803F0000004000008040CC
:1052E40000000041000080415369676E616C206CCE
:1052F4006576656C20696E636F72726563740043D2
:105304006865636B206361626C65206265747765B0
:10531400656E20636F6E6E6563746F7273004361B4
:105324006C6962726174696F6E20636F6D706C6515
:1053340074650043616C6962726174696F6E2062A6
:10534400757379000153656C6620746573742073FA
:1053540074617475733A0001546F756368207363E4
:105364007265656E20746F20636F6E74696E756507
:105374000001546573742025643A20257325730055
:105384006C6F777C686967687C6F757400000000D7
:105394006F66667C33307C31357C31307C347C33D1
:1053A4007C327C3100613D25550D0A0075736167BF
:1053B400653A2061626F7274205B25735D0D0A008B
:1053C4002544487A0D0A00617474656E75617465CC
:1053D40020302E2E33317C6175746F0D0A25342EE6
:1053E40032460D0A006175746F00623D25550D0A41
:1053F400000000006F66667C6D696E687C6D617884
:10540400687C6D6178647C61766572347C617665F4
:105414007231367C617665727C7175617369006383
:10542400616C63205B7B7472616365237D5D202501
:10543400730D0A25730D0A0063616C6F75747075C2
:10544400742025730D0A006368616E6E656C5B25BC
:10545400645D203A2025342E31660D0A00636861AC
:105464006E6E656C205B312D335D0D0A00636C65D7
:105474006172636F6E666967207B70726F746563B7
:1054840074696F6E206B65797D0D0A004B65792018
:10549400756E6D6174636865642E0D0A00436F6EEA
:1054A40066696720616E6420616C6C2063616C20A6
:1054B4006461746120636C65617265642E0D0A44D5
:1054C4006F207265736574206D616E75616C6C79A3
:1054D40020746F2074616B65206566666563742E45
:1054E400205468656E20646F20746F756368206350
:1054F400616C20616E6420736176652E0D0A006311
:105504006F6C6F72207B69647D207B7267623234BA
:105514007D0D0A00202532643A2030782530367813
:105524000D0A00696E646578206672657175656E32
:1055340063792076616C75650D0A00636F7272651C
:105544006374696F6E20257320256420254420250B
:105554002E31660D0A00726573657400636F727292
:10556400656374696F6E207461626C6520257320B5
:1055740072657365740D0A00636F72726563746992
:105584006F6E202573202573206672657175656EB4
:10559400637928487A292076616C756528644229E4
:1055A4000D0A007570646174656420256420746F4D
:1055B40020254420252E31660D0A00646163207B7A
:1055C40076616C756528302D34303935297D0D0AA6
:1055D40063757272656E742076616C75653A202508
:1055E400640D0A0025650D0A0064617461205B3056
:1055F4002D325D0D0A006465766963656964202552
:10560400640D0A006465766963656964205B3C6EB9
:10561400756D6265723E5D0D0A00653D25640D0A77
:10562400006578745F6761696E202D3130302E30EB
:105634002E2E2B3130302E300D0A0066726571200B
:105644007B6672657175656E637928487A297D0D6C
:105654000A00636F6D6D616E64733A007573616700
:10566400653A206966207B3433334D2E2E3433352E
:105674004D7D0D0A2551487A0D0A0000696E70753A
:10568400747C6F757470757400257325730D0A002E
:105694004553442070726F7465637465640D0A0029
:1056A4006C6576656C202D37362E2E2D360D0A004E
:1056B4006C6576656C202D33382E2E31330D0A003F
:1056C40075736167653A206C6576656C6368616EB5
:1056D4006765202D37302E2E2B37300D0A006C6570
:1056E40076656C6F666673657420257320252E318C
:1056F400660D0A0068696768006C6F77206F7574BF
:105704007075740068696768206F757470757400CB
:10571400726563656976655F737769746368006C45
:105724006576656C6F6666736574205B25735D20B2
:105734007B6F75747075747D205B2D32302E2E2B2B
:1057440032305D0D0A006C696E65206F66667C7B85
:105754006C6576656C7D0D0A006C6F616420302E7B
:105764002E340D0A00000000636F70797C66726548
:10577400657A657C73756274726163747C7669653D
:10578400777C76616C7565006C6F777C6869676897
:1057940000256420256420254420252E32650D0A29
:1057A400006D61726B6572205B6E5D205B25737C9E
:1057B4007B667265717D7C7B696E6465787D5D2036
:1057C4005B7B6E7D7C25735D0D0A00006F6E7C6FC4
:1057D40066667C7065616B7C64656C74617C6E6FFD
:1057E4006973657C747261636B696E677C747261E2
:1057F40063657C74726163655F6176657200000045
:105804006F66667C6F6E00006F66667C616D7C6E91
:10581400666D7C77666D7C65787465726E7C667285
:10582400657100000000000001000000020000009B
:105834000300000004000000FFFFFFFF75736167B1
:10584400653A206D6F64652025732025730D0A0069
:105854006C6F777C686967687C7377697463687C4C
:10586400726563656976655F737769746368006DF3
:105874006F64756C6174696F6E20257320313030EC
:105884002E2E363030300D0A000000006F66667C24
:105894006F6E006F6E7C6F66660072627720322EC8
:1058A4002E3630307C6175746F0D0A252E314648D2
:1058B4007A0D0A006175746F7C30004572722C2079
:1058C40064656661756C74206C6F61640D0A0072A6
:1058D4006563616C6C207B69647D0D0A007265668A
:1058E400726573680064667500506572666F726DE8
:1058F400696E6720726573657420746F2044465521
:10590400206D6F64650D0A00506572666F726D6973
:105914006E672072657365740D0A00733D25640D0E
:105924000A0073617665207B69647D0D0A00436F0C
:105934006E6669672073617665642E0D0A00000047
:105944007363616C657C7265666C6576656C007307
:1059540063616E207B737461727428487A297D2098
:105964007B73746F7028487A297D205B706F696E31
:1059740074735D205B6F75746D61736B5D0D0A00EC
:105984006672657175656E63792072616E676520F4
:10599400697320696E76616C69640D0A00737765BA
:1059A400657020706F696E747320657863656564D3
:1059B400732072616E6765203239300D0A002555F7
:1059C4002000256520256620007363616E7261776F
:1059D400207B737461727428487A297D207B7374E8
:1059E4006F7028487A297D205B706F696E74735DCF
:1059F400205B6F7074696F6E735D0D0A0073656C64
:105A040066746573742028312D3329205B617267B5
:105A14005D0D0A0073707572005061757365640DD5
:105A24000A00526573756D65640D0A0025442025CE
:105A3400442025640D0A007377656570207B7374B8
:105A440061727428487A297D205B73746F702848CA
:105A54007A295D205B706F696E74735D0D0A09733A
:105A640077656570207B25737D0D0A0973776565FD
:105A740070207B25737D207B6672657128487A29A6
:105A84007D0D0A00737765657074696D6520302E2D
:105A94003030332E2E36300D0A25352E3346730D15
:105AA4000A00746F7563683A2025642025640D0A22
:105AB4000073746B6C696D69747C20202020202035
:105AC40020207C73746B20667265657C2020202006
:105AD400616464727C726566737C7072696F7C2029
:105AE40020202073746174657C20202020202020D5
:105AF400206E616D650D0A00253038787C253038BC
:105B0400787C253038787C253038787C2534757C51
:105B14002534757C2539737C253132730D0A006672
:105B24006972737420746F75636820757070657220
:105B3400206C6566742C207468656E206C6F7765C4
:105B4400722072696768742E2E2E00646F6E650D64
:105B54000A00746F7563682063616C207061726100
:105B64006D733A2000256420002C2066726F7A65DC
:105B74006E0025643A202573202566202566200DB5
:105B84000A0074726163652025642076616C756512
:105B940020256420252E32660D0A006F66667C6F10
:105BA4006E007472616365207B25737D0D0A7472C7
:105BB400616365207B25737D206175746F7C7B76C2
:105BC400616C75657D0D0A7472616365205B7B741D
:105BD40072616365237D5D2076616C75650D0A7461
:105BE40072616365205B7B7472616365237D5D20F4
:105BF4007B25737D207B7472616365237D7C6F6676
:105C0400667C6F6E7C5B7B696E6465787D207B76D9
:105C1400616C75657D5D0D0A0074726967676572F4
:105C2400207B76616C75657D0D0A747269676765A2
:105C340072207B25737D0D0A000000006175746F6E
:105C44007C6E6F726D616C7C73696E676C6500004D
:105C540064426D7C64426D567C644275567C52414C
:105C6400577C567C5670707C570053657269616C22
:105C74003A20257520626175640D0A0056464F204E
:105C840025640D0A0000000076616C7565002564CA
:105C9400206D560D0A0077616974207B7365636F0C
:105CA4006E64737D0D0A00776169747363616E209D
:105CB4005B7B7363616E737D5D0D0A0079207B618C
:105CC40064647228302D3935297D205B76616C75CA
:105CD4006528302D30784646295D0D0A0025780D5B
:105CE4000A007A65726F207B6C6576656C7D0D0A9F
:105CF400256464426D0D0A00C4620108014E000867
:105D040000005A550108AD4D00080000CC6201089E
:105D1400D15300080300D46201089553000802001F
:105D2400D8620108994D00080200E4620108795024
:105D340000080200F0620108115000080100F86236
:105D4400010839830008000050630108D5BC00082D
:105D5400010004630108C1BF000801000C630108CD
:105D6400554D0008000014630108E14F00080300CA
:105D7400745201080D870008030088640108294D46
:105D8400000800001C630108DD4C000801002863C2
:105D94000108DD4800080100346301086548000873
:105DA40003003C630108E186000803004463010822
:105DB400654F000802004C630108FD4E0008020014
:105DC40058630108BD5D0008020060630108BD4C12
:105DD4000008020068630108615900080200746346
:105DE4000108854C000802007C63010895860008C0
:105DF400030084630108BD91000803008C6301085B
:105E04006169000802009463010899800008020097
:105E14009C6301081D4C00080100A4630108F96893
:105E240000080200AC6301080D5300080100B463CC
:105E34000108B19500080300C0630108A1480008E7
:105E44000500E1580108C19400080000C863010876
:105E5400554900080000D06301087148000800009B
:105E6400D8630108094C00080100E0630108D94B1C
:105E740000080200EC6301088D4B00080000F46385
:105E84000108414B00080000FC630108615200084E
:105E9400020004640108015E0008020008640108AD
:105EA400CD5A0008030014640108AD610008030022
:105EB4002064010815600008030028640108995B48
:105EC4000008030034640108A1560008020040647D
:105ED4000108D557000802004C640108455D00081C
:105EE400020058640108696F000803005C6401083B
:105EF4008D8F00080300185A0108919400080300CC
:105F0400646401080990000802006C640108656873
:105F1400000802000D5701085D940008020078642F
:105F2400010825520008020084640108CD510008CC
:105F34000000906401088155000802009C64010877
:105F4400C16600080300A4640108ED4800080300CA
:105F5400AC640108355500080200B464010819470F
:105F640000080200BC640108B54A000800001C8A4D
:105F74000108259500080100C4640108954700083C
:105F84000100C8640108854A00080100CC640108C6
:105F9400A95100080100D0640108855100080100DE
:105FA40038890108B94700080100886301084D4A8F
:105FB4000008010010850108294A00080100D46482
:105FC40001083D480008000078520108BD47000858
:105FD4000100D8640108C94700080100DC64010815
:105FE400F16C00080100008A0108994700080100CB
:105FF400E0640108D54700080100E4640108755C09
:106004000008010000000000000000000000000083
:10601400200100001E00000000000000000000003D
:106024002800000000000000000000003C00000008
:10603400000000000000000050000000000000000C
:10604400DAE0E2E5E8EDF1F4FBFE000306090C10EA
:1060540014000000230000002800000023000000BA
:10606400140000000500000000000000050000000E
:106074000000000068010000E00100006801000069
:106084000000000098FEFFFF20FEFFFF98FEFFFFC8
:106094000C000000150000001800000015000000AE
:1060A4000C000000030000000000000003000000DA
:1060B40000000000B4000000F0000000B400000084
:1060C400000000004CFFFFFF10FFFFFF4CFFFFFF2D
:1060D400B544010080380100A67F0200007102006F
:1060E40000127A0000000000000000000000000020
:1060F400464154414C204552524F5200B865010864
:10610400C4650108E86501080466010848660108D9
:106114006C66010890660108A0660108E86601083B
:10612400186701083C670108000000000D0A746943
:106134006E795341205368656C6C0D0A002200206F
:1061440009000000302D390080C3C901C0E1E4001A
:106154008096980000093D00C0C62D0080841E0072
:1061640040420F000201005369676E616C206C6548
:1061740076656C20746F6F206C6F770044696420BF
:10618400796F7520636F6E6E6563742068696768E4
:1061940020616E64206C6F7720706F727473207747
:1061A400697468206361626C653F0053656C6620A6
:1061B4007465737420636F6D706C657465006368D7
:1061C4003E2000252B642E2E252B640000A60E00F5
:1061D400006A1800802A2D0088454B0000AF4B0050
:1061E40080336A00F8247E0000B88800803CA70051
:1061F4008000B10000C1C50008DCE3008045E40074
:1062040000CA0201804E21010097490100DC7C0193
:1062140000E5B901802DE2018072150210BB050270
:106224000000710200C47A025099F502807E3C108D
:10623400B0C429118775D113E8640108F06401081A
:10624400F8640108006501080C650108146501087B
:106254001C650108246501082C65010838650108DE
:106264004065010848650108546501085C6501083A
:10627400646501086C65010876072C016400000060
:106284008C055E0164000000EE02C201640000009F
:1062940030028A02640000007201BC02C8000000DF
:1062A400B4004C042C0100005A00A4069001000024
:1062B4003200E40C20030000000000194006000036
:1062C40076657273696F6E00667265710000000016
:1062D4006461630073617665636F6E66696700006D
:1062E400636C656172636F6E666967006461746193
:1062F400000000006672657175656E636965730000
:106304007363616E7261770061626F727400000082
:106314007A65726F00000000746F75636863616C66
:1063240000000000746F7563687465737400000086
:106334007061757365000000726573756D650000AA
:106344007761697400000000776169747363616E3A
:1063540000000000726570656174000073746174FC
:106364007573000063616C6F757470757400000060
:106374007361766500000000726563616C6C0000F7
:106384007472616365000000747269676765720006
:106394006D61726B657200006368616E6E656C009E
:1063A4006C696E6500000000757361727400000012
:1063B40075736172745F6366670000006361707473
:1063C40075726500746F75636800000072656C65B2
:1063D4006173650076626174000000007662617426
:1063E4005F6F66667365740068656C70000000001A
:1063F400696E666F00000000636F6C6F72000000CE
:106404006966000061637475616C5F667265710032
:10641400617474656E756174650000006C65766501
:106424006C000000737765657074696D6500000029
:106434006C6576656C6F6666736574006C6576650D
:106444006C6368616E6765006D6F64756C61746917
:106454006F6E0000726277006D6F6465000000006B
:106464006C6F6164000000006578745F6761696E39
:1064740000000000646576696365696400000000DB
:1064840073656C667465737400000000636F7272E8
:10649400656374696F6E000063616C6300000000E3
:1064A4006D656E750000000074657874000000006E
:1064B40072656D61726B000074687265616473006B
:1064C4006900000076000000610000006200000026
:1064D4006D000000770000006F00000066000000FF
:1064E4007500000052454144590000004355525282
:1064F400454E54005754535441525400535553502D
:10650400454E44454400000051554555454400005E
:10651400575453454D00000057544D545800000043
:106524005754434F4E440000534C454550494E4741
:1065340000000000575445584954000057544F5226
:10654400455654005754414E4445565400000000EB
:10655400534E444D53475100534E444D534700004E
:1065640057544D534700000046494E414C0000002B
:106574005A533330340000004D454153555245447D
:106584000000000053544F5245440000524157004C
:1065940057616974696E670050617373000000008D
:1065A4004661696C00000000437269746963616C40
:1065B4000000000074696E7953412076302E330058
:1065C400323031392D3230323420436F7079726970
:1065D40067687420404572696B204B616173686F12
:1065E400656B0000323031362D3230323020436F4B
:1065F400707972696768742040656479353535004F
:106604005357206C6963656E73656420756E6465A9
:10661400722047504C2E205365653A20687474707C
:10662400733A2F2F6769746875622E636F6D2F65D7
:1066340072696B6B616173686F656B2F74696E79D6
:106644005341000056657273696F6E3A2074696E27
:106654007953415F76312E342D3232342D676339CC
:1066640037393338360000004275696C6420546948
:106674006D653A204D617920313220323032362036
:106684002D2031353A30393A313000004B65726E85
:10669400656C3A20342E302E30000000436F6D704C
:1066A400696C65723A2047434320382E322E3120DC
:1066B4003230313831323133202872656C65617380
:1066C4006529205B6763632D382D6272616E636890
:1066D400207265766973696F6E20323637303734CD
:1066E4005D00000041726368697465637475726566
:1066F4003A2041524D76362D4D20436F7265205617
:10670400617269616E743A20436F727465782D4DBD
:1067140030000000506F727420496E666F3A20504A
:106724007265656D7074696F6E207468726F7567D9
:1067340068204E4D49000000506C6174666F726DA4
:106744003A2053544D333246303732784220456E26
:10675400747279204C6576656C204D656469756D3D
:106764002044656E73697479206465766963657322
:106774000000000073746172747C73746F707C63C6
:10678400656E7465727C7370616E7C637700000063
:106794006E6F726D616C7C707265636973657C6623
:1067A4006173747C6E6F6973657C676F7C61626F03
:1067B40072740000010000000AD7A33B0AD7233CEF
:1067C4000000000000000000010000008FC2753CC2
:1067D4000AD7233C0000F0C10000000000050A00B5
:1067E4000000F0410000E0400000C8C10000B4C255
:1067F40000020A000000F0410000E040000008C26E
:106804000000B4C201000000000048430000C84278
:10681400000096C2000000000101000000001644C0
:1068240000003444000096C20000000000031B0076
:10683400000020410000E0400000A0C10000A0C210
:10684400030309000000204100008040000090C1C3
:10685400000070C2010500000000E1430000A042F6
:10686400000096C2000096C200040A000000F04135
:106874000000E0400000C8C1000070C2080591009B
:106884000000F041000000000000C8C1000070C218
:10689400070591000000F041000000000000C8C19D
:1068A400000070C2060000000000000000000000AC
:1068B400000000000000000004050A000000F04190
:1068C4000000E0400000C8C100005CC204050A00EA
:1068D4000000874300008040000048C2000096C2C8
:1068E40004060A000000874300008040000020C224
:1068F400000082C20600000000000000000000004A
:10690400000000000000000004050A000000F0413F
:106914000000803F0000A0C1000070C2060000001B
:106924000000000000000000000000000000000063
:1069340004060A000000964300008040000040C2A4
:10694400000082C204070A00000096430000804051
:10695400000020C2000082C2070591000000F0413F
:10696400000000000000C8C1000070C20100000067
:106974000000C042000000410000BEC20000000050
:10698400090591000000F041000000000000C8C1AA
:1069940000005CC2946501089C650108A4650108B7
:1069A400AC65010853746F7062616E64200000006E
:1069B400206D1D6E700000000000803F6F12833A4E
:1069C400BD3786355F708930CCBC8C2B757361679D
:1069D400653A2000417474656E7561746F722000AD
:1069E40041626F76652000446973706C61792000A0
:1069F4005061737362616E6420005369676E616CE9
:106A0400206C6576656C2000466C61746E657373EA
:106A140020004672657175656E63792000252E32FB
:106A240066760001257320252E33462573257325AC
:106A34007325730001257320252E31662573257374
:106A440025732573002F487A002F54000125203721
:106A54002E33460025342E316664426D2F25335182
:106A6400487A0025342E316625252025342E3166BA
:106A740064426300534E523A2025342E31666442F8
:106A84000025342E31660057494454483A202538AD
:106A94002E3351487A0025382E3351004445505442
:106AA400483A202533642525004445564941544934
:106AB4004F4E3A25362E3151487A0025362E315123
:106AC40000232564205448443A2025342E31662579
:106AD4002500014F4950333A2025342E3166644253
:106AE4006D0025732D494E460025392E2A51487ACA
:106AF4000073686966746564002043572025514813
:106B04007A002054494D4520252E334673002053E6
:106B14005441525420252E3351487A2020202025D8
:106B2400352E3151487A2F202573002053544F506D
:106B340020252E3351487A002043454E5445522097
:106B4400252E3351487A2020202025352E315148D6
:106B54007A2F20257300205350414E20252E335187
:106B6400487A000014120200481A0200C0330700D9
:106B7400184F070040771B0080841E00E067350033
:106B8400C0FB3900D01B500010295300C0CF6A004D
:106B940000DD6D00201D9A0070E09A00809FD500F2
:106BA400B0F6DA0020B21301C0381501406F40017D
:106BB400104D470190CA7B0130517D01003FAB016C
:106BC400A02FC50180F0FA0200751903801D2C0462
:106BD400A0BE330400449508004DD20880733B0DD9
:106BE400403A690D00B108198074D21A806DC3351A
:106BF40000285037FEFEFEFEFEFEFE7C381000101C
:106C040030101010380000000038440438407C0074
:106C14000000003844180444380000000008182814
:106C240048487C0800000000B800B800B800B8006C
:106C3400B800B800B800C000C000C000C000C00068
:106C4400C000C000C800C800C800C800C800C80010
:106C5400C800D000D000D000D000D000D800D800A8
:106C6400D800D800E000D800E000E000E000E00038
:106C7400E000E800E800E800E800F000E800F000C8
:106C8400F000F000F000F000F800F800F800F80060
:106C9400F800F800F800F840F860F860F860F8A030
:106CA400F8A0F8A0F8C0F900F900F900F920F9609B
:106CB400F941F940F9A1F9A1F9A1F9A1FA01FA01FF
:106CC400F9E1FA21FA41FA42FA41FA81FAA2FA8286
:106CD400FAA1FAE2FAE2FAE2FB22FB22FB42FB22ED
:106CE400FB42FB82FBA2FBA2FC02FC22FC02FC4155
:106CF400FC82FC81FC81FCC1FCE1FCE1FCE1FD6166
:106D0400FD61FD61FD81FDC1FDC1FDC1FE01FE41CD
:106D1400FE21FE41FEA0FEA0FEA0FEC0FF20FF203B
:106D2400FF00FF40FF80FF80FF80FFC0FFE0FFE027
:106D3400FFE0FFE2FFE2FFE3FFE4FFE6FFE5FFE53C
:106D4400FFE8FFE9FFE8FFE8FFEBFFEBFFEBFFEDF8
:106D5400FFEFFFEEFFEEFFF1FFF1FFF1FFF1FFF5B3
:106D6400FFF4FFF4FFF6FFF7FFF7FFF7FFF9FFFB70
:106D7400FFFAFFFBFFFDFFFEFFFDFFFEFFFFFFFF2E
:106D8400FFFFEFBFE79FE79FE79FD73FCF3FD73F87
:106D9400CF1FB6FFBEFFBEFFAEBFA69FA69FA69F96
:106DA4008E3F8E3F8E5F8E3F7DDF75FF7DFF75BF0B
:106DB400659F659F65BF555F4D5F4D5F555F34DFD0
:106DC4003CFF3CFF34DF249F24BF249F249F1C5F8F
:106DD4001C3F1C3F1BDD1BDD1BDD1BBD135C135C5B
:106DE400137C131B12FB12FB12FB0A9A0A991299C9
:106DF4000A790A180A180A3809D709B709B709B766
:106E0400015601550155013500D400D400D4009336
:106E140000730073007300120012001200110011BD
:106E2400001100110010001000100000E78101089B
:106E34005C8C0108648C01086C8C0108748C01085A
:106E44007C8C0108808C0108888C0108908C0108D6
:106E5400988C01083FF020102010201020102010E2
:106E640020102010201020103FF03FF020082018A0
:106E74002030206028D02D902710221020103FF0C1
:106E84003FF8200823E826682C682C682FE82C6833
:106E94002C6820083FF83FF820082C682C682EE85E
:106EA4002FE82D682D682C6820083FF80000078023
:106EB400084010202010201020102010102008401E
:106EC4000780000007800840132027902FD02FD080
:106ED40027901320084007804C4F570048494748E3
:106EE40000252B346400252B342E334600256325DE
:106EF4007300252E32462F0050415553454400411E
:106F0400524D454400414D00417474656E3A0A2562
:106F1400342E324664420043616C633A0A2573009E
:106F2400537075723A0A2573004D61736B3A0A4FB8
:106F34004E004E6F726D2E005242573A0A252E3182
:106F440046487A0025635363616E3A0025352E3333
:106F54004673005265663A0A25644D487A004761D3
:106F6400696E3A0A25342E316664420052657065B2
:106F740061740A2078256400545249473A00253642
:106F84002E31660025362E34460020202020200095
:106F940025346400252B332E3046487A005365741B
:106FA40000252B646442004446553A2044657669C2
:106FB4006365204669726D776172652055706461FE
:106FC4007465204D6F64650A546F20657869742078
:106FD400444655206D6F64652C20706C6561736543
:106FE4002072657365742064657669636520796FC2
:106FF400757273656C662E000000000000000000CE
:1070040005000000D5F2000805000000D5F20008D4
:1070140005000000D5F20008000000000000000098
:10702400000000000000000000000000000000005C
:10703400000000000000000000000000000000004C
:10704400000000000000000000000000000000003C
:10705400000000000000000000000000000000002C
:10706400000000000000000000000000000000001C
:10707400000000000000000000000000000000000C
:1070840000000000000000000000000000000000FC
:1070940000000000000000000000000000000000EC
:1070A40000000000000000000000000000000000DC
:1070B40000000000000000000000000000000000CC
:1070C40000000000000000000000000000000000BC
:1070D40000000000000000000000000000000000AC
:1070E400000000000000000000000000000000009C
:1070F4000000000000000000755600252E334625D0
:107104007300252E316625730025662F00252E3346
:10711400460025646442004155544F00256475734C
:1071240000252E316620746F20252E316664426D51
:1071340000252B2E31666442257300252E3166000E
:1071440025332E36664D487A00252E31666442007A
:1071540025382E3446487A00252E3451487A0000CA
:107164000050464E4D544F554348202573202A0065
:1071740014000000000000002000000000000000D7
:1071840000000000010000000200000003000000F5
:1071940000000000500034000000500020002000D7
:1071A4009C660108708301087483010878830108D0
:1071B4008C6601087C8301088083010884830108AC
:1071C400888301088C8301081000130A030002015C
:1071D40012022203010411052106000710082009E8
:1071E400300F310E320D330C23100000CC71010826
:1071F400DC8D0108CC710108E48D0108CC71010813
:10720400EC8D0108CC710108F48D0108CC710108E2
:10721400FC8D010834730108048E010858730108B9
:10722400108E01087C730108C484010834730108BA
:10723400188E0108CC710108288E01087C7301089E
:107244002C8E010810730108908801087C730108D2
:10725400248B01087C7301083C8E0108CC71010861
:10726400FC8D01087C730108488E01081073010825
:10727400588E010834730108088E01081073010840
:10728400648E0108A0730108708E01087C730108E4
:10729400808E01087C730108908E01087C730108BC
:1072A400A08E01087C7301085C860108CC7101087A
:1072B400B08E01087C730108BC8E010810730108AC
:1072C400908801087C730108CC8E010810730108B2
:1072D400088E0108CC710108FC8D01083473010883
:1072E400088E0108A0730108D48E0108CC7101082E
:1072F400E08E010810730108108E01087C730108E8
:10730400EC8E0108A0730108F48E01081000130A22
:1073140003000201120222030104110521060007E1
:107324001008200930163115320B330C23100000DD
:107334001000130A030002011202220301041105C2
:10734400210600071008200930163115320B330CC2
:10735400231000001000130A030002011202220588
:107364000123112421250026102720283017311647
:107374003215330C231000001000130A030002011D
:107384001202220301041105210600071008200936
:107394003319231030633163326300001000130A81
:1073A4000300020112022203010411052106000751
:1073B4001008200923103215330C306331630000A8
:1073C40000000000000000010001000100000000B6
:1073D40000000000000100010001000000000000A6
:1073E40000000000006000390FFF00390060000059
:1073F4000000000000010001000100000000000086
:107404000000000000000001000100010000000075
:107414000000006000390FFF003900600000000028
:107424000000000000000001000100010000000055
:107434000000018007010FFF070101800000000028
:1074440000000000018007010FFF07010180000018
:107454000000000000010001000100000000000025
:10746400000000000030003D03FF043D0830100020
:1074740010000830043D03FF003D00300000000010
:1074840006086488010870880108030090880108D0
:10749400211D01080200A0880108D51C0108020171
:1074A400B0880108D51C01080202C0880108FD0C3F
:1074B4000108000000000000487501080300216F66
:1074C4000108411501084607CC8A0108E08A010831
:1074D400231EEC8A01080D1501088000000000003D
:1074E40048750108306442000300E78101088526DD
:1074F40001080301088B0108852601080302148B87
:107504000108852601080303208B0108852601084C
:1075140003042C8B0108852601080305348B01081C
:107524008526010803073C8B01088526010803080A
:10753400488B0108852601080000000000004875FA
:10754400010800000400D88A0108000000000000BF
:1075540000000000000000008500488701080000CA
:107564000000820160870108D913010882026C8738
:107574000108D913010880000000000048750108C3
:10758400436C65617220756E6C6F636B20636F640E
:107594006500496E636F727265637420636F64651E
:1075A4002C20757365203132333400000100F085DE
:1075B40001082C8101080202F885010899230108B9
:1075C4000100048601085C750108020310860108A5
:1075D400992301080300216F010839260108060FC9
:1075E40018860108288601080100348601081477EA
:1075F400010801003C8601080C7601080000000027
:1076040000004875010800000300448601089DEC51
:10761400000843005086010885EC000806175C86C4
:107624000108708601080620A8860108B8860108AA
:107634000200C4860108FD1D01080100D48601086A
:10764400707601080100E0860108847401080300D3
:10765400F4860108CDF40008010000870108607E6B
:107664000108000000000000487501080300288795
:107674000108FDF4000803042C870108FDF4000848
:107684000100348701084C7E01080000000000005E
:10769400487501088B5000000000191B0108810087
:1076A400C0870108B8760108000000000000487592
:1076B400010800008B5500000000191B01080000A0
:1076C400000000004875010825382E3351487A20FF
:1076D400252B342E31666442004C6576656C206F30
:1076E4006620252E3351487A206F757470757400A6
:1076F4000201D08801083D1101080200D488010864
:107704003D1101080000000000000000000000001E
:1077140082006889010835F9000880000000000033
:1077240048750108030044850108D9EB00080301EA
:1077340000000000FD240108030150850108D12444
:10774400010803015C850108D51A01080613688540
:107754000108748501080100888501084C8001082E
:10776400010098850108748001080300A8850108B8
:1077740099F400080000000000004875010854490D
:107784004D45004652455155454E435900000000B1
:107794008300588D01082DE900088602EC040020BE
:1077A400748D0108861A848D010800050020830069
:1077B40000000000790B0108830000000000DD0ACE
:1077C40001088610908D0108A48D01088400488466
:1077D400010800000000800000000000000000001C
:1077E400456E7465722061637475616C20696E7096
:1077F4007574206C6576656C00302E2E3335304DF3
:10780400487A00302E2E3732304D687A00323430C8
:107814002E2E3936304D687A000000000100AC8409
:107824000108E47D01080200B8840108752A0108F2
:107834000100C4840108C07401080100D084010857
:107844006C8201080610D8840108000000000100C1
:10785400E8840108148201080300F0840108492A1D
:107864000108000000000000487501084174206C04
:1078740065617374206F6E6520656E74727900455E
:1078840072726F7200000000061D048A0108148AD7
:107894000108061E08850108BA7E01080200208A34
:1078A400010889140108000000000000487501085F
:1078B4000B6000000000150D01080000000000002E
:1078C40048750108252E3646487A0A252E32462563
:1078D40073000000030FE48B010855140108030E24
:1078E400E48B010855140108030DE48B01085514B9
:1078F4000108030CE48B0108551401080000000082
:1079040000004875010800000300EC8B010885178E
:1079140001080B4100000000851701080365FC8B7A
:1079240001080117010803080C8C0108F1F2000892
:1079340001001C8C0108807F010800000000000089
:1079440048750108454D5054592025640000000035
:107954008300B08D01082DE900088602EC040020A4
:10796400CC8D0108860B848D01080005002083005E
:1079740000000000790B0108830000000000DD0A0C
:1079840001088610908D0108A48D010884004884A4
:10799400010800000000800000000000000000005A
:1079A400010074890108EC79010801008489010847
:1079B400487A0108010090890108987A01080301B6
:1079C400A08901086DF300080302B08901086DF372
:1079D40000080304B08901086DF3000800000000EA
:1079E40000004875010800000300288A0108050CFE
:1079F40001080302348A0108050C01080304408AC3
:107A04000108050C01080320488A0108050C010837
:107A14000308548A0108050C01080310608A010850
:107A2400050C01080100708A0108987A01080240D7
:107A3400788A01081D120108000000000000487542
:107A4400010800000200BC890108111301080201A9
:107A5400C4890108111301080202CC890108111319
:107A640001080203D8890108111301080204E089FE
:107A74000108111301080000000000004875010806
:107A84000B41EC890108B911010800000000000055
:107A9400487501080204808A010819F100080200EF
:107AA400908A010819F1000802019C8A010819F161
:107AB40000080202A88A010819F100080203B48A26
:107AC400010819F100080300C08A0108451A0108D9
:107AD4000320488A0108050C01080000000000008A
:107AE400487501080B41F88901086D12010800006E
:107AF40000000000487501080B30B88501087511B5
:107B04000108000000000000487501080300E78137
:107B14000108C5260108030180870108C52601085C
:107B240003028C870108C526010803039487010812
:107B3400C52601080304A0870108C526010803051A
:107B4400A4870108C52601080306B0870108C526D5
:107B540001080100C08701086C7B010800000000D7
:107B640000004875010800000307096F0108C526D5
:107B740001080308C8870108C52601080309CC8742
:107B84000108C5260108030AD0870108C526010893
:107B94004310E0870108C52601080000000000002A
:107BA400487501084672657175656E6379206F6664
:107BB4002066756E64616D656E74616C00467265F5
:107BC4007175656E6379206F66206C6566742073C9
:107BD40069676E616C005269676874207369676EC7
:107BE400616C004672657175656E6379206F6620FD
:107BF4007369676E616C004672657175656E637951
:107C0400206F66667365740042616E64776964749C
:107C140068004D6F64756C6174696F6E206672657F
:107C24007175656E63793A2033202E2E2031306BC6
:107C3400487A004D6F64756C6174696F6E2066726A
:107C4400657175656E63793A2031202E2E20322EAF
:107C5400356B487A00496E636F727265637420698C
:107C64006E707574004672657175656E6379206413
:107C74006576696174696F6E3A20353030487A20D0
:107C84002E2E203530306B487A004368616E6E6565
:107C94006C206672657175656E6379004368616E08
:107CA4006E656C2077696474680000009320088D09
:107CB4000108C51001089310188D0108C5100108AA
:107CC4009333288D0108C51001089341388D0108AC
:107CD400C51001089351488D0108D50B0108800097
:107CE400000000000000000052657475726E0053BD
:107CF40077697463680000008500B08B0108000098
:107D040000008300000000001DF30008C301096F98
:107D140001081DF300088302000000001DF30008A1
:107D24008303000000001DF30008C30400000000EA
:107D34001DF300088619BC8B0108C88B0108830059
:107D4400D48B010869100108800000000000487508
:107D540001080000D88C0108E08C0108E88C0108B7
:107D6400F08C0108FC8C0108456E74657220616317
:107D74007475616C206C6576656C206F6620333099
:107D84004D487A206F757470757400000300F88A8A
:107D94000108151401080B61008B01081514010872
:107DA4000000000000004875010800008B80216F6E
:107DB40001088D10010880000000000048750108CA
:107DC400E7810108A08C0108A88C0108B08C010887
:107DD400B88C0108C08C0108C88C0108D08C01083B
:107DE40003001B710108C51501080605CC8A0108AA
:107DF400000000000400D88A010800000000000010
:107E04000000000000000000456E7465722073637A
:107E1400616C6500060A3C8901084889010806145A
:107E24005C890108488901080000000000004875C9
:107E3400010852414E47453A2025257300465245D4
:107E4400513A2025257300000BA044870108A9EBB3
:107E54000008000000000000487501080300E887DE
:107E6400010865EC00080300EC8701083DEC0008FC
:107E74004300F08701081DEC00084300F487010863
:107E8400F5EB00084609008801080C880108010088
:107E940018880108187E0108410024880108D87850
:107EA4000108060E3088010844880108000000001B
:107EB4000000487501084C6576656C004163747573
:107EC400616C207374617274206672657175656E7D
:107ED40063790041637475616C2063656E746572C7
:107EE400206672657175656E6379004D4F443A2062
:107EF4002573004D4F443A20253464487A20257375
:107F040000535055520A52454D4F56414C004D496D
:107F140052524F520A4D41534B494E470000000004
:107F24000600508401080000000006015C8401087A
:107F34000000000006026884010800000000060337
:107F44007484010800000000060480840108000015
:107F5400000001008C840108907D010803009084D6
:107F640001084125010802029C840108111301083B
:107F74000000000000004875010800000300248C84
:107F84000108011701080B41000000000117010856
:107F94000364388C01080117010800000000000088
:107FA40048750108252E3646487A0A252E36464855
:107FB4007A0053544F524520256400000B300000D2
:107FC4000000ED15010800000000000048750108DC
:107FD4001B54524143452025640000000B4000001F
:107FE40000002D160108000000000000487501087B
:107FF4008603588B0108FD770108C612648B0108BB
:10800400788B01088613808B0108908B010881000E
:10801400A08B010860800108800000000000487502
:10802400010853573A25332E32664D487A20252BC2
:1080340064644220252E3346730053574545503A15
:10804400204F4646000000000B403089010801E93A
:108054000008000000000000487501088B403089CA
:10806400010801E90008000000000000487501084B
:108074000300F8840108A92401080301DC8801082D
:10808400A92401084302E4880108A9240108030380
:10809400EC880108A92401080615FC8801080C894C
:1080A40001080616208901080C8901080000000057
:1080B4000000487501080000030010840108D9EB92
:1080C40000080100188401080C7901080100877771
:1080D4000108247F01080100088E010820780108A6
:1080E4000100208401087C81010801002884010822
:1080F40028770108010030840108A47901080100EF
:1081040038840108107B0108010040840108B0751F
:108114000108010048840108B07C01080000000047
:1081240000000000000000000200108701089923ED
:10813400010802011C8701089923010800000000BE
:1081440000004875010800000B30B8850108991635
:1081540001080000000000004875010844697361CB
:10816400626C65206E6F726D616C697A6174696F9F
:108174006E206669727374000300B8850108F90DF6
:1081840001080301C4850108F90D01080302CC8527
:108194000108F90D0108030300000000F90D0108AE
:1081A4000304D4850108F90D01080305000000004B
:1081B400F90D01080100E0850108C07F01080000F5
:1081C400000000004875010853554254524143547D
:1081D4000A545241434520256400535542545241A8
:1081E40043540A4F46460043414C430A2573004515
:1081F4006E61626C65206174206C65617374206FBC
:108204006E65207472616365005472616365000079
:1082140003001B710108092401080301F884010803
:108224000924010803020085010809240108061134
:1082340008850108000000000304148501080924CE
:1082440001080306208501080924010806232C855A
:10825400010800000000000000000000487501084B
:10826400555000444F574E000300C08301089D152C
:1082740001080301C48301089D1501080302CC838E
:1082840001089D1501080304D48301089D15010804
:108294000305DC8301089D15010803063C850108DC
:1082A4009D150108000000000000487501085741B1
:1082B4005445520A46414C4C00000000330065000E
:1082C4009100220100001E0064002C01E803B80B99
:1082D4007017000000007FFF4001C001C001C00111
:1082E400480148014A894AA9CAA9DFFDC0014001E1
:1082F4007FFF000000007FFF4001C001CF8DC889CF
:108304004889488948894889C889D8F9C001400101
:108314007FFF000000007FFF4001C081C3C1C78907
:10832400471D47B943F947F1CF81DF01CE01400131
:108334007FFF000000007FFF4001C001C031C04941
:108344004085508550855081C901C601C001400156
:108354007FFF00004553442070726F746563746539
:1083640064000000FEFE7C381000000031000000B4
:1083740032000000350000003230000035300000CB
:108384003130300032303000353030004A616E0018
:10839400466562004D617200417072004D61790062
:1083A4004A756E004A756C0041756700536570002C
:1083B4004F6374004E6F76004465630064426D0041
:1083C40064426D560000000064421D560000000027
:1083D40056726D7300000000567070005700000064
:1083E400644200003164422F000000003264422FD6
:1083F400000000003564422F000000003130644268
:108404002F000000323064422F00000050415553C9
:108414004500000050524553455400005452414316
:1084240045000000444953504C4159004D41524BC2
:10843400455200004D45415355524500434F4E4669
:10844400494700004D4F4445000000005354415239
:10845400540A08257300000053544F500A0825732A
:108464000000000043454E5445520A08257300009D
:108474005350414E0A082573000000005A45524FDC
:10848400205350414E000000524257005348494681
:10849400540A4652455100004D41524B45520A1B65
:1084A4002043454E54455200524546204C455645BE
:1084B4004C0000005343414C452F444956000000F2
:1084C400415454454E55415445000000554E4954BD
:1084D40000000000455854204741494E0A082573BE
:1084E4000000000054524947474552004C49535438
:1084F400454E00004E4F524D414C000053494E47EB
:108504004C4500004C4556454C0A082573000000B4
:10851400454447450A082573000000005452494762
:108524004745520A08257300494E54455256414C5A
:108534000A0825737300000057617474000000007A
:1085440050415553450A5357454550004249470A3F
:108554004E554D4245520000445241570A4C494E33
:108564004500000053574545500A54494D45000005
:10857400302E2E363030732C20303D6469736162A6
:108584006C65000053574545500A504F494E5453AB
:108594000000000053574545500A4143435552419A
:1085A40043590000524F544154450A444953504CD6
:1085B4004159000054524143452025640000000005
:1085C400454E41424C450000465245455A4500003F
:1085D4004E4F524D414C495A4500000054524143BC
:1085E400450A1B545241434500000000544F554373
:1085F4004800000053454C462054455354000000A5
:108604004C4556454C2043414C00000056455253BE
:10861400494F4E0053414D504C45205245500A0895
:1086240025730000312E2E31303030300000000030
:108634001B204446550000001B4D4F5245000000CE
:1086440050554C53450A4849474800004C4F204F69
:1086540055545055540000004D494E494D554D0A4E
:10866400475249444C494E4553000000456E7465D9
:1086740072206D696E696D756D20686F72697A6FAD
:108684006E74616C206772696420646976697369C9
:108694006F6E732C203020697320616C776179735D
:1086A400203130004A4F4720535445500A0825735F
:1086B4000000000030203D204155544F00000000D0
:1086C400434C4541520A434F4E464947000000007F
:1086D400434F4E4E454354494F4E00004C4556457A
:1086E4004C0A434F5252454354494F4E0000000038
:1086F40048414D0A42414E445300000045585045FC
:1087040052540A434F4E464947000000544F5543C4
:10871400482043414C000000544F554348205445E1
:10872400535400005553420053455249414C0000F4
:1087340053455249414C0A535045454400000000FA
:1087440025750000436F6E6E656374204849474881
:1087540020616E64204C4F570000000043414C4997
:108764004252415445000000524553455420434170
:108774004C4942524154494F4E0000004841524D29
:108784004F4E4943000000004F49503300000000A1
:1087940050484153450A4E4F49534500534E5200E9
:1087A4002D3364420A574944544800004F4343550B
:1087B400504945440A574944544800001B204D4F32
:1087C40052450000464D0000544844004348414E81
:1087D4004E454C0A504F5745520000004C494E45F7
:1087E40041520000414743004C4E41004250460074
:1087F40042454C4F57204946000000004946204658
:108804005245510A08257300303D6175746F204943
:10881400460000005343414E0A535045454400006E
:108824004D495845520A445249564500434F525205
:108834004543540A4652455155454E43590000009C
:10884400456E7465722061637475616C206C304D83
:10885400487A206672657175656E63790000000060
:10886400494E5055540A4C4556454C00456E746566
:10887400722061637475616C206C6576656C20751B
:108884006E646572206D61726B6572004F55545051
:1088940055540A4C4556454C00000000494E204CA6
:1088A4004F570A435552564500000000494E204890
:1088B4004947480A43555256450000004F55542035
:1088C4004C4F570A43555256450000004F4B000089
:1088D40043414E43454C00005052454349534500E3
:1088E40046415354000000004E4F4953450A534F2C
:1088F40055524345000000004E53504545445550E1
:108904000A08257300000000322E2E32302C20304D
:108914003D64697361626C65000000005753504503
:10892400454455500A08257300000000253364208F
:10893400706F696E740000005344454C41590A0835
:10894400257300003235302E2E31303030302C205B
:10895400303D6175746F00004F44454C41590A081D
:1089640025730000454E54455220444655000000EE
:108974004D4F444946590A4D41524B45525300000C
:108984004D41524B45520A4F5053000053454152FA
:1089940043480A4D41524B4552000000524553454D
:1089A400540A4D41524B4552530000002564204D5A
:1089B40041524B45525300001B2053544152540022
:1089C4001B2053544F5000001B2043454E54455226
:1089D400000000001B205350414E00001B20524554
:1089E40046204C4556454C001B4D41524B455220A8
:1089F400256400004D41524B45522025640000007F
:108A04004652455155454E43590A08257300000006
:108A14004672657175656E6379000000444953417F
:108A2400424C45004D41524B4552202573000000F5
:108A340044454C5441202573000000004E4F4953D7
:108A440045000000545241434B494E47000000008A
:108A540054524143452025730000000054524143C1
:108A6400450A41564552414745000000534541528D
:108A74004348000044454C45544500005045414B93
:108A84000A20534541524348000000004D494E0A14
:108A94001A204C45465400004D494E0A1B205249A9
:108AA400474854004D41580A1A204C45465400008A
:108AB4004D41580A1B20524947485400454E5445DD
:108AC400520A2573000000004D414E55414C0A08DE
:108AD400257300001A204241434B000030202D2012
:108AE400333064420000000032322E35202D203411
:108AF4003064420020204155544F00002534646BFB
:108B0400487A00004D494E0A484F4C44000000008A
:108B14004D41580A484F4C44000000004D41580A4A
:108B24004445434159000000415645522034000059
:108B3400415645522031360051554153490A50455A
:108B4400414B00005441424C451B0A545241434599
:108B5400000000005350414E3A20257300000000ED
:108B64004C4556454C204348414E47453A202573D1
:108B7400000000002D37302E2E3730005357454566
:108B8400502054494D453A2025730000302E2E368E
:108B94003030207365636F6E64730000535745452E
:108BA4005020504F494E5453000000004D4F44553F
:108BB4004C4154494F4E0000465245513A202573CA
:108BC4000000000031487A2E2E356B487A000000F0
:108BD4004C6576656C20696E206442755600000011
:108BE400252B6464426D00004C4F41440A535441A8
:108BF40052545550000000004C4F41440A4445462D
:108C040041554C5453000000534156450A534554B2
:108C140054494E475300000053544F52450000003E
:108C240053544F52452041530A53544152545550C2
:108C340000000000464143544F52590A44454641FE
:108C4400554C54530000000050524500504F5354AB
:108C5400000000004D4944004D494E48000000000A
:108C64004D415848000000004D41584400000000A8
:108C74002041564552340000413136004156455298
:108C84000000000051554153490000005441424C3A
:108C9400450000004445434F4E56000033304D48D4
:108CA4007A00000031354D487A00000031304D48DB
:108CB4007A000000344D487A00000000334D487AB1
:108CC40000000000324D487A00000000314D487A1F
:108CD400000000004E6F6E6500000000414D20331F
:108CE40030250000464D20336B487A00464D20372E
:108CF400356B487A0000000045787465726E616CCB
:108D040000000000257320746F204C4F5720696EBB
:108D140000000000257320746F20484947482069EB
:108D24006E000000257320746F204C4F57206F7520
:108D340074000000257320746F2048494748206F51
:108D44007574000043616C2E206F75747075743AED
:108D54002025730048494748204F55545055542006
:108D64002020202020202020202025730000000027
:108D74003234304D487A2E2E3935394D487A000038
:108D84004C4556454C3A202573000000455854453F
:108D9400524E414C204741494E3A20257300000071
:108DA4002D3130302E2E2B31303000004C4F5720D7
:108DB4004F5554505554202020202020202020207E
:108DC400202025730000000031306B487A2E2E33AA
:108DD40035304D487A00000053544152540000008D
:108DE40053544F500000000043454E544552000078
:108DF4005350414E0000000046524551000000000F
:108E04005245460A4C4556454C0000005343414CDC
:108E14004500000041435455414C0A504F574552B8
:108E2400000000004946000053414D504C450A449F
:108E3400454C4159000000004E4F4953450A4C45EA
:108E440056454C0053414D504C450A5245504541FE
:108E5400540000004558540A4741494E00000000A0
:108E64004C4556454C0A53574545500053574545C4
:108E7400500A5345434F4E44530000004F46465357
:108E840045540A44454C4159000000004E41525299
:108E94004F570A53504545445550000057494445DF
:108EA4000A53504545445550000000004D41524B73
:108EB40045520A46524551004D4F44554C41544980
:108EC4004F4E0A465245510041545441434B000011
:108ED4004D41524B45520A54494D45004A4F470AA9
:108EE4005354455000000000434F44450000000027
:108EF400494E54455256414C0000000008004900B8
:108F04002A000800F78008002A004900080055508C
:108F1400504552204C454654004C4F574552205220
:108F24004947485400544F5543482050414E454CFE
:108F34002C2044524157204C494E45532C2050522A
:108F440045535320425554544F4E20544F204649C4
:108F54004E4953480053544154453A202520346423
:108F640020000000C0830108C4830108CC830108E9
:108F740090650108D4830108DC830108E0830108BB
:108F8400E4830108E4830108E4830108906501088F
:108F9400D4830108DC830108E0830108004B00004E
:108FA4000096000000E1000000C2010000840300FC
:108FB4000008070000100E0000201C0080841E0022
:108FC400C0C62D00FFFF000001002800CF0300C130
:108FD40030ED0464031281E803850078CB05392C55
:108FE400003402F70120EA020000C00123C101108D
:108FF400C5023E28C701BE3601283A0155B1020018
:1090040018F20100260101E00F0F312B0C0E084E5F
:10901400F1370710030E0900E10F000E14031107C6
:1090240031C148080F0C31360FB70106B603088268
:1090340027F6030000001100290000000FF03FFC98
:109044007FFE7C3EF81FF00FF00FF00FF00FF00FD3
:10905400F00FF00FF00FF00FF00FF00FF00FF81FFC
:109064007C3E7FFE3FFC0FF000F001F003F007F0C0
:109074000FF00FF00EF00CF000F000F000F000F034
:1090840000F000F000F000F000F000F000F003FC4D
:1090940003FC03FC0FF03FFC7FFE7C3EF81FF00F47
:1090A400F00F001F003F007E00FC01F803F007E012
:1090B4000FC01F803F007E00FC00FFFFFFFFFFFF8B
:1090C4000FF03FFC7FFE7C3EF81FF00FF00F001EF8
:1090D400003E01FC01F801FC007E001F000FF00FB0
:1090E400F00FF81F7C3E7FFE3FFC0FF001F801F803
:1090F40003F803F807F807F80FF80F781F781E78BD
:109104003E783C787C787878F878FFFFFFFFFFFFA3
:109114000078007800780078FFFFFFFFFFFFF00081
:10912400F000F000F000F7F0FFFCFFFEFC3EF81F3B
:10913400000F000F000F000FF00FF81F7C3E7FFEA2
:109144003FFC0FF00FF03FFC7FFE7C3EF81FF00F5A
:10915400F000F000F7F0FFFCFFFEFC3EF81FF00FFC
:10916400F00FF00FF00FF81F7C3E7FFE3FFC0FF076
:10917400FFFFFFFFFFFF001F003E007C00F801F02F
:1091840001E003E003C007C0078007800F800F00E1
:109194000F000F000F000F000F000F0007E01FF873
:1091A4003FFC7C3E781E781E781E3C3C1FF80FF076
:1091B4003FFC7C3E781EF00FF00FF00FF00FF81F0D
:1091C4007C3E7FFE3FFC0FF00FF03FFC7FFE7C3EB9
:1091D400F81FF00FF00FF00FF00FF81F7C3F7FFF28
:1091E4003FFF0FFF000F000FF00FF81F7C3E7FFEC4
:1091F4003FFC0FF000000000000000000000000031
:10920400000000000000000000000000000000005A
:10921400000000000000038007C007C003800000B6
:10922400000000000000000000000000000000003A
:10923400000000003FFC3FFC3FFC3FFC000000003E
:109244000000000000000000000000000003000710
:10925400000F001F003F007F000F000F000F60CFC2
:10926400F1EF7BCF3F8F1F0F1F0F3F8F7BCFF1EFAE
:1092740060CF000F000F000FF000F000F000F000CE
:10928400F000F000F03EF07CF0F8F1F0F3E0F7C00D
:10929400FF80FF00FF00FF80F7C0F3E0F1F0F0F87B
:1092A400F07CF03EF00FF00FF81FF81FFC3FFC3F7E
:1092B400FE7FFE7FFFFFFFFFFFFFFFFFF7EFF7EFEC
:1092C400F3CFF3CFF18FF18FF00FF00FF00FF00F1A
:1092D4000FF03FFC7FFE7C3EF81FF00FF00FF00F05
:1092E400F000F000F000F000F03FF03FF03FF00736
:1092F400F00FF81F7C3F7FFF3FF70FE700000000EF
:10930400004000C001C003C007C00FFF1FFF3FFFA4
:109314007FFFFFFF7FFF3FFF1FFF0FFF07C003C05B
:1093240001C000C000400000000000000000000078
:1093340000001E3C3F7E73E661C3E1C3C183C18369
:10934400C183C183C387C38667CE7EFC3C7800009B
:1093540000000000000000000000077C077E036698
:1093640003660366036603663B7C7F7EE767C3632D
:10937400C363C363C363C363C363E7677F7E3B7C29
:109384000000000003800380038003803FF83FF85F
:109394003FF80380038003800380000000003FF84F
:1093A4003FF83FF8000000000000000000007BDEF2
:1093B4007BDE7BDE7BDE00007BDE7BDE7BDE7BDE3A
:1093C40000007BDE7BDE7BDE7BDE00007BDE7BDE83
:1093D4007BDE7BDE000000000000000000000000D7
:1093E4000000000000000000EE1CFF3EFFFFFFFF36
:1093F400F3CFF3CFF3CFF3CFF3CFF3CFF3CFF3CF59
:10940400F3CFF3CF000000000000000000000000D4
:10941400F01EF01EF01EF01EF01EF01EF01EF01ED8
:10942400F83EFC7EFFFEFFFFF7CFF387F000F0006D
:109434000000000000000000000000000000000028
:10944400F1F0F7FCFFFEFE3EFC1FF80FF00FF00FEB
:10945400F00FF00FF00FF00FF00FF00F000000000E
:109464000000000000000000F3F0F7FCFFFEFE1F08
:10947400FC0FF807F807F807FC0FFE1FFFFEF7FCC8
:10948400F3F0F000F000F000F45F8644F54484C487
:10949400F44400000000000F000F000F000F000F45
:1094A400000F000F180F380F7FFFFFFFFFFF7FFF34
:1094B4003800180000060646FEFE400220205050E8
:1094C40088F884C0E0F0E0C080006CB2929A6C002E
:1094D400022040F8402000022010F810200002F87A
:1094E400505050509802008888D8A8807288888884
:1094F4005050D86390906000000004000000000009
:109504000045404040400040505050000000005290
:1095140050F850F850502278A07028F020C2C8109B
:109524002040981802205060A89068644080000091
:1095340000002440808080402084402020204080FF
:109544000220A870A82000022020F8202000050096
:109554000000C04080030000F0000000050000008F
:1095640000C0C02420404040808063909090909040
:109574006023602020202070639010204080F063DE
:1095840090106010906093909090F01010F380E031
:1095940010109060639080E0909060F31020204061
:1095A40040406390906090906063909070109060E1
:1095B40004C0C000C0C0000460600060408003209C
:1095C40040804020000300F000F0000003804020B1
:1095D400408000639010204000406390B0B08080D1
:1095E4007063909090F09090E39090E09090E0639E
:1095F400908080809060E39090909090E0F38080E1
:10960400E08080F0F38080E0808080639080B09080
:109614009070939090F0909090E44040404040E0EF
:1096240073101010109060939090E090909083804D
:1096340080808080F08AD8A8A8A888889390D0B029
:1096440090909063909090909060E39090E08080F0
:10965400806390909090A050E39090E090909063FD
:10966400908060109060FA20202020202093909019
:1096740090909070939090909060608A8888A8A849
:10968400A8508A8850205088888A888850202020B2
:10969400F31020408080F0E48080808080E084802B
:1096A4004040402020E42020202020E044A000006E
:1096B400000000030000000000F8C4402000000087
:1096C400000300709090B0508380A0D09090E0038D
:1096D400007080808070131050B090907003006010
:1096E40090F08070235040E0404040030070907040
:1096F40010608380A0D09090904400C0404040E02F
:109704002400202020A040838090A0C0A090C440CA
:1097140040404040E00200F0A8A8A8A80300A0D060
:10972400909090030060909090600300E09090E02F
:1097340080030070909070100300A0D0808080039C
:109744000070806010E04340E040404030030090EF
:109754009090B0500300909090606002008888A8B8
:10976400A85003009090609090030090907010E0D7
:109774000300F0204080F02440408040402024201A
:10978400202020202084404020404080030050A01E
:109794000000000000000070007000700070007095
:1097A4000070107030707FF0FFF07FF03000100018
:1097B4000000060006000F000F000F001B801B8036
:1097C40031C031C060E060E060E0FFF0000580007F
:1097D400C000E000F000F800FC00FE00FC00F8000F
:1097E400F000E000C00080000000000039C07FE00D
:1097F400EE70CE30C630C730E7707FE039C000006D
:109804000000000000040000000000001000300010
:109814007000FF00FF007000300010000000000026
:10982400000400000000000008000C000E00FF000F
:10983400FF000E000C000800000000000001000002
:10984400000000007FE0FFE0B18031803180318092
:1098540031803180E1F0E1E0000000000000000010
:1098640071C071C071C071C071C073D07EE06000FE
:10987400E000E0000F003FC070E0E070E070E070D6
:10988400E070E070E07070E039C09990F9F0F9F0A0
:109894001C043E006300630063003E001C000000E3
:1098A40000000000000000000000000000070000AD
:1098B40000000000000000000000000000000000A4
:1098C400000000000000000030073000780078003D
:1098D40078007800300030003000300000003000A4
:1098E40078003000660566006600660044000000EB
:1098F4000000000000000000000000000000000064
:109904000002330033003300FFC0FFC033003300D4
:10991400FFC0FFC033003300330000003E036B0080
:10992400C900C900E80078003C000E000B00098063
:1099340089808980CB007E0070108830886088C060
:109944008980730006000CE0191031106110C110F9
:1099540080E000001E0031003100310032001CF0B4
:1099640018602C404E80C700C300C390E5F07860B7
:1099740038073800380038000000000000000000FC
:1099840000000000000000000000000000070000CC
:10999400180030006000C000C000C000C000C0005B
:1099A400600030001800000000070000C0006000E4
:1099B400300018001800180018001800300060006B
:1099C400C00000000004000000001000D600D60013
:1099D4003800D600D600100000000000000000008F
:1099E400000400000000180018001800FF00FF0029
:1099F4001800180018000000000000000007000014
:109A04000000000000000000000000000000000052
:109A14006000F0007000E00000040000000000009E
:109A240000000000FF00FF00000000000000000034
:109A3400000000000007000000000000000000001B
:109A4400000000000000000000006000F000600062
:109A540000040000000001000300060018001800C4
:109A640030006000C0008000000000003F027F80E2
:109A7400F3C0E1C0E1C0E1C0E1C0E1C0E1C0E1C0C8
:109A8400E1C0F3C07F803F0038057800F800F8009B
:109A94003800380038003800380038003800380002
:109AA400FE00FE003F027F80F3C0E1C001C003C09E
:109AB40007800F003C007800F000F000FFC0FFC0FA
:109AC4003F027F80F3C0E1C001C003C01F801F803C
:109AD40003C001C0E1C0F3C07F803F00E382E380A4
:109AE400E380E380E380E380E380E380E380FFC0FE
:109AF400FFC0038003800380FFC2FFC0E000E000DA
:109B0400E000FF00FF80E3C001C001C0E1C0F3C07A
:109B14007F803F003F027F80F3C0E1C0E000EF00A0
:109B2400FF80F3C0E1C0E1C0E1C0F3C07F803F002B
:109B3400FFC2FFC0E1C001C001C003C007800F0025
:109B44001E001C001C001C001C001C003F027F8027
:109B5400F3C0E1C0E1C0F3C07F807F80F3C0E1C007
:109B6400E1C0F3C07F803F003F027F80F3C0E1C0CB
:109B7400E1C0E1C0F3C07FC03DC001C0E1C0F3C09B
:109B84007F803F00000700006000F00060000000DC
:109B94000000000000006000F00060000000000011
:109BA400000700006000F0006000000000000000FA
:109BB40000006000F00030006000000000020000BF
:109BC40000C003800E003800E000E00038000E0002
:109BD400038000C00000000000020000000000003C
:109BE400FFC0FFC000000000FFC0FFC00000000075
:109BF4000000000000020000C00070001C0007000C
:109C040001C001C007001C007000C000000000007B
:109C14003F027F80F3C0E1C001C001C003800700A0
:109C24000E001C001C0000001C001C000F0030C0B3
:109C340040208690899090909090909090908990F8
:109C440086E0400030000F000C021E003F007F80C1
:109C5400F3C0E1C0E1C0E1C0FFC0FFC0E1C0E1C0AA
:109C6400E1C0E1C0FF02FF80E3C0E1C0E1C0E3C0A6
:109C7400FF80FF80E3C0E1C0E1C0E3C0FF80FF00DC
:109C84003F027F80F3C0E1C0E000E000E000E000BC
:109C9400E000E000E1C0F3C07F803F00FF02FF80EE
:109CA400E3C0E1C0E1C0E1C0E1C0E1C0E1C0E1C0A6
:109CB400E1C0E3C0FF80FF00FFC2FFC0E000E0009E
:109CC400E000E000FF00FF00E000E000E000E00052
:109CD400FFC0FFC0FFC2FFC0E000E000E000E00002
:109CE400FF00FF00E000E000E000E000E000E00032
:109CF4003F027F80F3C0E1C0E000E000E7C0E7C0BE
:109D0400E1C0E1C0E3C0F7C07EC03CC0E1C2E1C035
:109D1400E1C0E1C0E1C0E1C0FFC0FFC0E1C0E1C0FB
:109D2400E1C0E1C0E1C0E1C0FE0538003800380000
:109D3400380038003800380038003800380038005F
:109D44003800FE001FC21FC003800380038003800D
:109D5400038003800380E380E380F7807F003E007C
:109D6400E0E1E1E0E3C0E780EF00FE00FC00FC007E
:109D7400FE00EF00E780E3C0E1E0E0E0E002E000A5
:109D8400E000E000E000E000E000E000E000E000CF
:109D9400E000E000FFC0FFC0E0E1E0E0F1E0FBE054
:109DA400FFE0FFE0FFE0EEE0EEE0E4E0E0E0E0E032
:109DB400E0E0E0E0E1C2E1C0E1C0F1C0F9C0FDC013
:109DC400FFC0EFC0E7C0E3C0E1C0E1C0E1C0E1C053
:109DD4003F027F80F3C0E1C0E1C0E1C0E1C0E1C067
:109DE400E1C0E1C0E1C0F3C07F803F00FF02FF801B
:109DF400E3C0E1C0E1C0E3C0FF80FF00E000E00099
:109E0400E000E000E000E0003F817FC0F1E0E0E03E
:109E1400E0E0E0E0E0E0E0E0EEE0EFE0E780F3C087
:109E24007FE03EE0FF02FF80E3C0E1C0E1C0E3C0A9
:109E3400FF80FF00FF80E3C0E1C0E1C0E1C0E1C0FA
:109E44003F027F80F3C0E1C0E000F0007F003F806C
:109E540003C001C0E1C0F3C07F803F00FFE1FFE029
:109E64008E200E000E000E000E000E000E000E00DE
:109E74000E000E000E000E00E1C2E1C0E1C0E1C020
:109E8400E1C0E1C0E1C0E1C0E1C0E1C0E1C0F3C0B4
:109E94007F803F00E1C2E1C0E1C0E1C0E1C0E1C0B8
:109EA400E1C0E1C0E1C0F3C07F803F001E000C00B0
:109EB400E0E1E0E0E0E0E0E0E0E0EEE0EEE0EEE073
:109EC400EEE0EEE0FFE0FFE07BC03180E0E1E0E0C7
:109ED400E0E0F1E07BC03F801F001F003F807BC0BB
:109EE400F1E0E0E0E0E0E0E0E0E1E0E0E0E0F1E04B
:109EF4007BC03F801F000E000E000E000E000E00FF
:109F04000E000E00FFE1FFE000E001E003C0078067
:109F14000F001E003C007800F000E000FFE0FFE0CE
:109F2400F807F800E000E000E000E000E000E000F6
:109F3400E000E000E000E000F800F80000040000A9
:109F440000008000C0006000600018000C000600E3
:109F54000300010000000000F807F8003800380092
:109F6400380038003800380038003800380038002D
:109F7400F800F80008031C0036006300C1800000EC
:109F840000000000000000000000000000000000CD
:109F940000010000000000000000000000000000BC
:109FA4000000000000000000FFE0FFE06007300058
:109FB4001800000000000000000000000000000085
:109FC400000000000000000000010000000000008C
:109FD4007F80FFC0E1C001C07FC0FFC0E1C0E1C01D
:109FE400FFE07F60E002E000E000E000EF00FF80BF
:109FF400F3C0E1C0E1C0E1C0E1C0F3C0FF80DF0015
:10A0040000020000000000003F007F80F3C0E1C0B8
:10A01400E000E000E1C0F3C07F803F0001C201C066
:10A0240001C001C03DC07FC0F3C0E1C0E1C0E1C0D8
:10A03400E1C0F1C07FC03EC000020000000000008B
:10A044003F007F80F3C0E1C0FFC0FFC0E000F0C06C
:10A054007FC03F800FC21FC01C001C00FF80FF8018
:10A064001C001C001C001C001C001C001C001C000C
:10A0740000020000000000003EC07FC0F1C0E1C04B
:10A08400E1C0F3C07FC03FC001C07F80E002E000B8
:10A09400E000E000EF00FF80F3C0E1C0E1C0E1C0F8
:10A0A400E1C0E1C0E1C0E1C03805380000000000B3
:10A0B400F80038003800380038003800380038001C
:10A0C4003800FE0007040700000000001F0007001E
:10A0D400070007000700070007000700E7007E00ED
:10A0E400E001E000E000E000E0E0E1E0E3C0E78060
:10A0F400FF00FF00E780E3C0E1E0E0E0F80538009E
:10A10400380038003800380038003800380038008B
:10A11400380038003800FE00000100000000000094
:10A12400DB80FFC0FFE0EEE0EEE0EEE0EEE0EEE02C
:10A13400EEE0EEE00002000000000000DF00FF801F
:10A14400F3C0E1C0E1C0E1C0E1C0E1C0E1C0E1C0F1
:10A1540000020000000000003F007F80F3C0E1C067
:10A16400E1C0E1C0E1C0F3C07F803F000002000015
:10A1740000000000DF80FFC0E1C0E1C0E1C0E1C039
:10A18400E1C0FFC0FF80E00000010000000000000B
:10A194003EE07FC0E1C0E1C0E1C0E1C0E1C07FC0FA
:10A1A4003FC001C00002000000000000DF80FFC0CB
:10A1B400F1C0E1C0E000E000E000E000E000E00009
:10A1C40000020000000000007F80FFC0E1C0E0004A
:10A1D400FF807FC001C0E1C0FFC07F801C021C0063
:10A1E4001C001C00FF80FF801C001C001C001C00C5
:10A1F4001C001DC01FC00F800002000000000000F2
:10A20400E1C0E1C0E1C0E1C0E1C0E1C0E1C0F3C030
:10A214007FC03EC00002000000000000E1C0E1C0B9
:10A22400E1C0E1C0E1C0F3C07F803F001E000C002C
:10A234000001000000000000E0E0E0E0EEE0EEE0FD
:10A24400EEE0EEE0EEE0FFE07FC03B8000010000C6
:10A2540000000000E0E0F1E07BC03F801F001F0031
:10A264003F807BC0F1E0E0E000020000000000005D
:10A27400E1C0E1C0E1C0E1C0F1C07FC01DC001C0C8
:10A28400E1C07F800002000000000000FFC0FFC0AA
:10A29400038007000E001C0038007000FFC0FFC0E0
:10A2A4000007000038006000600060006000C0002B
:10A2B400600060006000600038000000300730007B
:10A2C400300030003000300030003000300030000A
:10A2D400300030003000300000070000E0003000A3
:10A2E4003000300030001800300030003000300002
:10A2F400E0000000000300000000000038C06D8092
:10A30400C700000000000000000000000000000082
:10A3140053011F0054FC20005501250056FD2A005E
:10A3240057FD2D0041FC310042FC360043FD3B004B
:10A3340044FC3D00450148004601520047015800D5
:10A3440031FC5F0032FC6A0033FD730034F879009D
:10A3540035018E003601A2003701AF0021FCBD009B
:10A3640022FCD2002301E30024FCF00025011A01A1
:10A374002601420127015B0111FC790112FCA101B4
:10A3840013FDC40114FCDF01150132021601810220
:10A394001701B40201FCF00202FC400303FD840334
:10A3A40004FCB903050661040601FF040701630503
:10A3B4009410940595168E0699CB13078F987B07F6
:10A3C4008110CB088215B8098311850A840B210BEF
:10A3D40088ED1B0D89CA220E8AF26A108BF24C1288
:10A3E4008CE944148DF28A168EF73F180500060096
:10A3F4001F0069601D001E021F0321012211231189
:10A40400240125132AFF306169600B120C150D1FFE
:10A414000E000F0000000000FFE1C6AF9A88786AC2
:10A424005D52484038322C27221E1A171512100E7E
:10A434000C0B0A08070706050500000000060606BF
:10A444002666FEFE60200000101038386C6CC6C60C
:10A45400FE000280C0E0F0F8F0E0C0800000006E72
:10A46400DB919989DB7600000000103060FEFE600D
:10A47400301000000010180CFEFE0C181000010033
:10A484000000FC6C6C6CECCC0000000000C6C6C67E
:10A49400C6EED6C0007CC6C6C6C6C66C6CEE00024C
:10A4A40070D8D87000000000000004000000000014
:10A4B4000000000000046060606060600060600094
:10A4C40002D8D8D800000000000000025050F8F86C
:10A4D40050F8F850500000307CB0B0783434F83084
:10A4E400006092966C18306CD2920C000070D8D830
:10A4F4007072DCCCDC720003E0E060C0000000009D
:10A50400000003306060C0C0C06060300003C06001
:10A51400603030306060C00001000020A870A820C6
:10A524000000000100003030FCFC3030000004006A
:10A53400000000000040E060C00100000000FCFCDE
:10A54400000000000400000000000040E0400001A2
:10A554000C0C1818306060C0C0000178CCCCCCCC96
:10A56400CCCCCC7800013070B03030303030FC00CE
:10A574000178CCCC0C3860C0C0FC000178CCCC0C89
:10A58400380CCCCC7800010C1C3C6CCCCCFC0C0CF6
:10A594000001FCC0C0F8CC0C0CCC78000178CCC015
:10A5A400C0F8CCCCCC780001FC0C0C18183030600E
:10A5B40060000178CCCCCC78CCCCCC78000178CCC1
:10A5C400CCCC7C0C0CCC7800040040E0400040E093
:10A5D400400000040040E0400040E0408000010CE6
:10A5E400183060C06030180C0001000000FC00004E
:10A5F400FC00000001C06030180C183060C000017D
:10A6040078CCCC0C18300030300001788C8CBCAC89
:10A61400B8808C78000178CCCCCCFCCCCCCCCC00F1
:10A6240001F8CCCCCCF8CCCCCCF8000178CCCCC0A4
:10A63400C0C0CCCC780001F8CCCCCCCCCCCCCCF801
:10A644000001FCC0C0C0F8C0C0C0FC0001FCC0C018
:10A65400C0F8C0C0C0C0000178CCCCC0C0DCCCDC29
:10A664006C0001CCCCCCCCFCCCCCCCCC0003F060CA
:10A67400606060606060F000010C0C0C0C0C0C0C51
:10A68400CC780001CCCCCCD8F0D8CCCCCC0001C058
:10A69400C0C0C0C0C0C0C0FC0000C6C6EEEED6D666
:10A6A400D6C6C60001CCCCECECFCDCDCCCCC000186
:10A6B40078CCCCCCCCCCCCCC780001F8CCCCCCF8BD
:10A6C400C0C0C0C0000178CCCCCCCCCCECDC780CC5
:10A6D40001F8CCCCCCF8D8CCCCCC000178CCCC6074
:10A6E4003018CCCC780001FCB4303030303030300D
:10A6F4000001CCCCCCCCCCCCCCCC780000C6C6C62B
:10A704006C6C6C3838100000C6C6C6D6D6D6D6FED9
:10A714006C0001CCCCCC483048CCCCCC0001CCCCA7
:10A72400CCCC78303030300001FC0C0C183060C0D8
:10A73400C0FC0003F0C0C0C0C0C0C0C0F00001C075
:10A74400C060603018180C0C0003F030303030302A
:10A754003030F000013078CC8400000000000001AB
:10A764000000000000000000FCFC03C0603000009A
:10A77400000000000001000000780C7CCCCC7C00C0
:10A7840001C0C0C0D8ECCCCCECD8000100000078EB
:10A79400CCC0C0CC7800010C0C0C6CDCCCCCDC6CD8
:10A7A400000100000078CCFCC0CC780001386C605B
:10A7B40060F060606060000100000074CCCCCC7C70
:10A7C4000C7801C0C0C0D8ECCCCCCCCC0003606009
:10A7D40000E060606060F000010C0C000C0C0C0CDC
:10A7E4000CCC7801C0C0C0CCD8F0F0D8CC0001703B
:10A7F40030303030303030FC0000000000ECFED649
:10A80400D6D6D60001000000D8ECCCCCCCCC0001CC
:10A8140000000078CCCCCCCC780001000000D8EC4F
:10A82400CCCCF8C0C0010000006CDCCCCC7C0C0C9F
:10A8340001000000D8ECC0C0C0C0000100000078D6
:10A84400CC6018CC780001006060F86060606C38FF
:10A854000001000000CCCCCCCCDC6C00010000007A
:10A86400CCCC484830300000000000C6C6D6D6FE26
:10A874006C0001000000CC48303048CC00010000DE
:10A8840000CCCCCC7C0CCC7801000000FC0C186013
:10A89400C0FC000238606060C06060603800036023
:10A8A40060606060606060600002E03030301830EA
:10A8B4003030E0000164FC9800000000000000005B
:10A8C40065787066000000006C6F67660000000029
:10A8D4000000003F000000BF8071313F807131BF34
:08A8E400D1F71737D1F717B7C0
:10A8EC000040380000000800AF3CFFFF6E4E4F43A5
:10A8FC00000000000000FFFF8410E73C0000D69A27
:10A90C00FFE047E8FA08F81F1F00F800001FFFFFE0
:10A91C00841007E084100000FFFF001FFC1007E00C
:10A92C008C71DEFB528AC638FFFF07E007FFFFE0A1
:10A93C00000000001602E502820D6A0D00C2010043
:10A94C008207F4010000000000000000000000007D
:10A95C000000000000000000000000000000C040EB
:10A96C0033333340CDCCCC3FCDCCCCBE000000003B
:10A97C00CDCCCCBECDCCCC3E0000404000008040C5
:10A98C009A99014100000000000000000000000046
:10A99C0000000000000000000000000000000000AB
:10A9AC000000000000000000000000000000C0409B
:10A9BC0033333340CDCCCC3FCDCCCCBE00000000EB
:10A9CC00CDCCCCBECDCCCC3E000040400000804075
:10A9DC009A99014110270000A0860100400D030048
:10A9EC0020A1070080C3C901003B580800C2EB0B33
:10A9FC0000A3E1118066AB134051CD14405E5D0E97
:10AA0C000076B01000A3E1110084D7170065CD1DAE
:10AA1C000046C3230027B9290008AF2F00E9A4354D
:10AA2C0080EB193910270000A0860100400D0300AF
:10AA3C0020A1070080C3C901003B580800C2EB0BE2
:10AA4C0000A3E1118066AB134051CD1480969800A1
:10AA5C0000000000000020000000000033335340D1
:10AA6C00000000008000000000000000000000005A
:10AA7C0001000100FFFFFFFF746501080092FE1E3C
:10AA8C00000016C365000000000016C30100FFFFA4
:10AA9C006400000001000100000016C30100170053
:10AAAC0022010000682B0020E600000046524551B0
:10AABC003A20257300000000000000000000000098
:10AACC002D37362E2E2D3600000000002100000000
:10AADC00BC80010800000000000000000000000025
:10AAEC000000000000000000000000004C8C010879
:10AAFC00508C0108588C0108FF00000071350108CA
:10AB0C0000F10E002C010000DC050000010000002B
:10AB1C0054050020000000000000000000000000B0
:10AB2C000000000000000000000000000000000019
:10AB3C000000000000000000000000000000000009
:10AB4C0000000000000000000000000000000000F9
:10AB5C0000000000000000000000000000000000E9
:10AB6C0000000000000000000000000000000000D9
:04AB7C0000000000D5
:04000005080000C12E
:00000001FF
